Địa phương,Năm,Tiểu học,Trung học cơ sở,Trung học phổ thông,Tổng số
An Giang,2002,7437.0,4209.0,1423.0,13069.0
An Giang,2003,7674.0,4848.0,1561.0,14083.0
An Giang,2004,7765.0,5140.0,1794.0,14699.0
An Giang,2005,7645.0,5434.0,2062.0,15141.0
An Giang,2006,7146.0,5893.0,2316.0,15355.0
An Giang,2007,7834.0,6330.0,2452.0,16616.0
An Giang,2008,7401.0,6455.0,2553.0,16409.0
An Giang,2009,7746.0,6711.0,2791.0,17248.0
An Giang,2010,7969.0,6796.0,2894.0,17659.0
An Giang,2011,8060.0,6737.0,2957.0,17754.0
An Giang,2012,8493.0,6833.0,2901.0,18227.0
An Giang,2013,8747.0,7048.0,3045.0,18840.0
An Giang,2014,8983.0,7038.0,3014.0,19035.0
An Giang,2015,8932.0,6951.0,2992.0,18875.0
An Giang,2016,8856.0,6868.0,2877.0,18601.0
An Giang,2017,8836.0,6847.0,2963.0,18646.0
An Giang,2018,9120.0,6696.0,2863.0,18679.0
An Giang,2019,8748.0,6671.0,2931.0,18350.0
An Giang,2020,8675.0,6621.0,2954.0,18250.0
An Giang,2021,8594.0,6648.0,2939.0,18181.0
An Giang,2023,8292.0,6432.0,2936.0,17660.0
Bà Rịa - Vũng Tàu,2002,3628.0,2546.0,975.0,7149.0
Bà Rịa - Vũng Tàu,2003,3652.0,2803.0,1232.0,7687.0
Bà Rịa - Vũng Tàu,2004,3551.0,3040.0,1338.0,7929.0
Bà Rịa - Vũng Tàu,2005,3649.0,3236.0,1552.0,8437.0
Bà Rịa - Vũng Tàu,2006,3665.0,3304.0,1600.0,8569.0
Bà Rịa - Vũng Tàu,2007,3639.0,3410.0,1718.0,8767.0
Bà Rịa - Vũng Tàu,2008,3862.0,3510.0,1872.0,9244.0
Bà Rịa - Vũng Tàu,2009,3898.0,3538.0,2202.0,9638.0
Bà Rịa - Vũng Tàu,2010,4098.0,3538.0,2020.0,9656.0
Bà Rịa - Vũng Tàu,2011,4067.0,3508.0,2068.0,9643.0
Bà Rịa - Vũng Tàu,2012,4069.0,3548.0,2043.0,9660.0
Bà Rịa - Vũng Tàu,2013,4238.0,3614.0,2136.0,9988.0
Bà Rịa - Vũng Tàu,2014,4395.0,3612.0,2127.0,10134.0
Bà Rịa - Vũng Tàu,2015,4396.0,3743.0,2094.0,10233.0
Bà Rịa - Vũng Tàu,2016,4398.0,3702.0,2093.0,10193.0
Bà Rịa - Vũng Tàu,2017,4449.0,3697.0,2082.0,10228.0
Bà Rịa - Vũng Tàu,2018,4512.0,3069.0,866.0,8447.0
Bà Rịa - Vũng Tàu,2019,4458.0,3697.0,2003.0,10158.0
Bà Rịa - Vũng Tàu,2020,4439.0,3618.0,2055.0,10112.0
Bà Rịa - Vũng Tàu,2021,4467.0,3737.0,2110.0,10314.0
Bà Rịa - Vũng Tàu,2023,4314.0,3664.0,2025.0,10003.0
Bình  Dương,2002,3371.0,2312.0,815.0,6498.0
Bình  Dương,2003,3333.0,2417.0,951.0,6701.0
Bình  Dương,2004,3383.0,2422.0,1012.0,6817.0
Bình  Dương,2005,3296.0,2467.0,1145.0,6908.0
Bình  Dương,2006,3294.0,2533.0,1254.0,7081.0
Bình  Dương,2007,3247.0,2546.0,1340.0,7133.0
Bình  Dương,2008,3223.0,2711.0,1402.0,7336.0
Bình  Dương,2009,3553.0,2808.0,1427.0,7788.0
Bình  Dương,2010,3638.0,2825.0,1508.0,7971.0
Bình  Dương,2011,3801.0,2896.0,1534.0,8231.0
Bình  Dương,2012,4182.0,3255.0,1651.0,9088.0
Bình  Dương,2013,4868.0,3413.0,1692.0,9973.0
Bình  Dương,2014,5255.0,3756.0,1777.0,10788.0
Bình  Dương,2015,5586.0,3902.0,1779.0,11267.0
Bình  Dương,2016,5919.0,4210.0,1896.0,12025.0
Bình  Dương,2017,6209.0,4590.0,1964.0,12763.0
Bình  Dương,2018,6361.0,4461.0,1854.0,12676.0
Bình  Dương,2019,6308.0,4447.0,1858.0,12613.0
Bình  Dương,2020,6558.0,4554.0,1880.0,12992.0
Bình  Dương,2021,6614.0,4582.0,1884.0,13080.0
Bình  Dương,2023,6735.0,4541.0,2029.0,13305.0
Bình Phước,2002,3942.0,2125.0,526.0,6593.0
Bình Phước,2003,4157.0,2355.0,649.0,7161.0
Bình Phước,2004,4242.0,2316.0,679.0,7237.0
Bình Phước,2005,4301.0,2772.0,1027.0,8100.0
Bình Phước,2006,4232.0,2778.0,1108.0,8118.0
Bình Phước,2007,4396.0,3137.0,1522.0,9055.0
Bình Phước,2008,4546.0,3316.0,1575.0,9437.0
Bình Phước,2009,4637.0,2809.0,1610.0,9056.0
Bình Phước,2010,4715.0,3363.0,1759.0,9837.0
Bình Phước,2011,4559.0,3288.0,1834.0,9681.0
Bình Phước,2012,4631.0,2838.0,1907.0,9376.0
Bình Phước,2013,4862.0,3530.0,1931.0,10323.0
Bình Phước,2014,4904.0,3571.0,2009.0,10484.0
Bình Phước,2015,5005.0,3600.0,2012.0,10617.0
Bình Phước,2016,5027.0,3646.0,2063.0,10736.0
Bình Phước,2017,4935.0,3536.0,2040.0,10511.0
Bình Phước,2018,5047.0,3708.0,2096.0,10851.0
Bình Phước,2019,4964.0,3715.0,2099.0,10778.0
Bình Phước,2020,4866.0,3715.0,2056.0,10637.0
Bình Phước,2021,4787.0,3557.0,1936.0,10280.0
Bình Phước,2023,4705.0,3481.0,1955.0,10141.0
Bình Thuận,2002,5357.0,2886.0,1036.0,9279.0
Bình Thuận,2003,5689.0,3379.0,1143.0,10211.0
Bình Thuận,2004,5558.0,3796.0,1258.0,10612.0
Bình Thuận,2005,5471.0,4165.0,1398.0,11034.0
Bình Thuận,2006,5254.0,4362.0,1526.0,11142.0
Bình Thuận,2007,5259.0,4651.0,1657.0,11567.0
Bình Thuận,2008,5226.0,4715.0,1744.0,11685.0
Bình Thuận,2009,5295.0,4799.0,1818.0,11912.0
Bình Thuận,2010,5395.0,4803.0,2032.0,12230.0
Bình Thuận,2011,5394.0,4761.0,2242.0,12397.0
Bình Thuận,2012,5472.0,4772.0,2605.0,12849.0
Bình Thuận,2013,5716.0,4813.0,2526.0,13055.0
Bình Thuận,2014,5760.0,4783.0,2499.0,13042.0
Bình Thuận,2015,5886.0,4766.0,2454.0,13106.0
Bình Thuận,2016,5895.0,4696.0,2388.0,12979.0
Bình Thuận,2017,5860.0,4569.0,2352.0,12781.0
Bình Thuận,2018,5802.0,4041.0,1293.0,11136.0
Bình Thuận,2019,5971.0,4387.0,2258.0,12616.0
Bình Thuận,2020,5905.0,4340.0,2213.0,12458.0
Bình Thuận,2021,5844.0,4270.0,2206.0,12320.0
Bình Thuận,2023,5713.0,4104.0,2132.0,11949.0
Bình Định,2002,6067.0,4265.0,1475.0,11807.0
Bình Định,2003,6139.0,4673.0,1514.0,12326.0
Bình Định,2004,6084.0,4736.0,1623.0,12443.0
Bình Định,2005,5973.0,4945.0,1734.0,12652.0
Bình Định,2006,5717.0,4972.0,1845.0,12534.0
Bình Định,2007,5852.0,5256.0,2109.0,13217.0
Bình Định,2008,5886.0,5354.0,2330.0,13570.0
Bình Định,2009,5889.0,5341.0,2409.0,13639.0
Bình Định,2010,5980.0,5287.0,2542.0,13809.0
Bình Định,2011,6049.0,5262.0,2498.0,13809.0
Bình Định,2012,6239.0,5267.0,2682.0,14188.0
Bình Định,2013,6261.0,5284.0,2696.0,14241.0
Bình Định,2014,6278.0,5174.0,2654.0,14106.0
Bình Định,2015,6338.0,5163.0,2691.0,14192.0
Bình Định,2016,6286.0,5087.0,2702.0,14075.0
Bình Định,2017,6176.0,5018.0,2675.0,13869.0
Bình Định,2018,6301.0,4988.0,2574.0,13863.0
Bình Định,2019,5694.0,4700.0,2452.0,12846.0
Bình Định,2020,6062.0,4630.0,2395.0,13087.0
Bình Định,2021,5963.0,4560.0,2477.0,13000.0
Bình Định,2023,5968.0,4524.0,2383.0,12875.0
Bạc Liêu,2002,4001.0,1948.0,494.0,6443.0
Bạc Liêu,2003,4142.0,2200.0,594.0,6936.0
Bạc Liêu,2004,4004.0,2214.0,509.0,6727.0
Bạc Liêu,2005,3933.0,2441.0,770.0,7144.0
Bạc Liêu,2006,4536.0,2688.0,966.0,8190.0
Bạc Liêu,2007,3720.0,2366.0,874.0,6960.0
Bạc Liêu,2008,3468.0,2262.0,917.0,6647.0
Bạc Liêu,2009,3484.0,2175.0,868.0,6527.0
Bạc Liêu,2010,3550.0,2210.0,856.0,6616.0
Bạc Liêu,2011,3495.0,2205.0,835.0,6535.0
Bạc Liêu,2012,3615.0,2249.0,862.0,6726.0
Bạc Liêu,2013,3484.0,2272.0,829.0,6585.0
Bạc Liêu,2014,3334.0,2251.0,818.0,6403.0
Bạc Liêu,2015,3357.0,2309.0,826.0,6492.0
Bạc Liêu,2016,3258.0,2323.0,815.0,6396.0
Bạc Liêu,2017,3281.0,2355.0,814.0,6450.0
Bạc Liêu,2018,3308.0,2324.0,783.0,6415.0
Bạc Liêu,2019,3149.0,2270.0,780.0,6199.0
Bạc Liêu,2020,3091.0,2257.0,777.0,6125.0
Bạc Liêu,2021,3020.0,2229.0,769.0,6018.0
Bạc Liêu,2023,2911.0,2195.0,815.0,5921.0
Bắc Giang,2002,7981.0,5936.0,1731.0,15648.0
Bắc Giang,2003,8149.0,6483.0,2006.0,16638.0
Bắc Giang,2004,7731.0,6854.0,2375.0,16960.0
Bắc Giang,2005,7379.0,6843.0,2467.0,16689.0
Bắc Giang,2006,6987.0,6901.0,2552.0,16440.0
Bắc Giang,2007,7342.0,6945.0,2635.0,16922.0
Bắc Giang,2008,6980.0,6495.0,2772.0,16247.0
Bắc Giang,2009,7052.0,6433.0,2673.0,16158.0
Bắc Giang,2010,7013.0,6695.0,2798.0,16506.0
Bắc Giang,2011,6981.0,6577.0,2723.0,16281.0
Bắc Giang,2012,7312.0,6735.0,2846.0,16893.0
Bắc Giang,2013,7385.0,6710.0,2797.0,16892.0
Bắc Giang,2014,7352.0,6540.0,2711.0,16603.0
Bắc Giang,2015,7368.0,6395.0,2668.0,16431.0
Bắc Giang,2016,7370.0,6321.0,2783.0,16474.0
Bắc Giang,2017,7439.0,6381.0,2746.0,16566.0
Bắc Giang,2018,7477.0,6245.0,2668.0,16390.0
Bắc Giang,2019,7658.0,6062.0,2732.0,16452.0
Bắc Giang,2020,7946.0,6012.0,2726.0,16684.0
Bắc Giang,2021,7863.0,6022.0,2766.0,16651.0
Bắc Giang,2023,8061.0,6016.0,2800.0,16877.0
Bắc Kạn,2002,2093.0,1563.0,341.0,3997.0
Bắc Kạn,2003,1879.0,1495.0,368.0,3742.0
Bắc Kạn,2004,1803.0,1450.0,413.0,3666.0
Bắc Kạn,2005,1749.0,1476.0,480.0,3705.0
Bắc Kạn,2006,1750.0,1476.0,493.0,3719.0
Bắc Kạn,2007,1752.0,1497.0,474.0,3723.0
Bắc Kạn,2008,1786.0,1424.0,610.0,3820.0
Bắc Kạn,2009,2002.0,1467.0,636.0,4105.0
Bắc Kạn,2010,2094.0,1461.0,594.0,4149.0
Bắc Kạn,2011,1984.0,1306.0,579.0,3869.0
Bắc Kạn,2012,2141.0,1313.0,573.0,4027.0
Bắc Kạn,2013,2183.0,1321.0,557.0,4061.0
Bắc Kạn,2014,2194.0,1349.0,537.0,4080.0
Bắc Kạn,2015,2233.0,1339.0,500.0,4072.0
Bắc Kạn,2016,2229.0,1361.0,525.0,4115.0
Bắc Kạn,2017,2218.0,1343.0,517.0,4078.0
Bắc Kạn,2018,2010.0,1183.0,478.0,3671.0
Bắc Kạn,2019,2029.0,1218.0,474.0,3721.0
Bắc Kạn,2020,2000.0,1182.0,472.0,3654.0
Bắc Kạn,2021,1922.0,1143.0,454.0,3519.0
Bắc Kạn,2023,1992.0,1234.0,463.0,3689.0
Bắc Ninh,2002,4099.0,3602.0,1638.0,9339.0
Bắc Ninh,2003,4049.0,3748.0,1836.0,9633.0
Bắc Ninh,2004,3851.0,3830.0,2000.0,9681.0
Bắc Ninh,2005,3678.0,3866.0,2151.0,9695.0
Bắc Ninh,2006,3660.0,3887.0,2370.0,9917.0
Bắc Ninh,2007,3560.0,4058.0,2510.0,10128.0
Bắc Ninh,2008,3587.0,3756.0,2495.0,9838.0
Bắc Ninh,2009,3741.0,3873.0,2421.0,10035.0
Bắc Ninh,2010,3783.0,3847.0,2429.0,10059.0
Bắc Ninh,2011,3609.0,3802.0,2231.0,9642.0
Bắc Ninh,2012,4064.0,3886.0,2252.0,10202.0
Bắc Ninh,2013,4077.0,3818.0,2210.0,10105.0
Bắc Ninh,2014,4109.0,3885.0,2230.0,10224.0
Bắc Ninh,2015,4480.0,4126.0,2284.0,10890.0
Bắc Ninh,2016,4693.0,4165.0,2285.0,11143.0
Bắc Ninh,2017,4784.0,4125.0,2312.0,11221.0
Bắc Ninh,2018,4172.0,3061.0,1096.0,8329.0
Bắc Ninh,2019,4631.0,3981.0,2012.0,10624.0
Bắc Ninh,2020,4613.0,3962.0,2124.0,10699.0
Bắc Ninh,2021,5098.0,4064.0,2114.0,11276.0
Bắc Ninh,2023,5031.0,3975.0,2220.0,11226.0
Bắc Trung Bộ và Duyên hải miền Trung,2002,89924.0,69187.0,24200.0,183311.0
Bắc Trung Bộ và Duyên hải miền Trung,2003,90669.0,75364.0,25951.0,191984.0
Bắc Trung Bộ và Duyên hải miền Trung,2004,88403.0,79333.0,28672.0,196408.0
Bắc Trung Bộ và Duyên hải miền Trung,2005,85219.0,80669.0,30324.0,196212.0
Bắc Trung Bộ và Duyên hải miền Trung,2006,84178.0,83995.0,32062.0,200235.0
Bắc Trung Bộ và Duyên hải miền Trung,2007,83317.0,83707.0,34404.0,201428.0
Bắc Trung Bộ và Duyên hải miền Trung,2008,83116.0,82581.0,35652.0,201349.0
Bắc Trung Bộ và Duyên hải miền Trung,2009,82414.0,81785.0,36510.0,200709.0
Bắc Trung Bộ và Duyên hải miền Trung,2010,84316.0,81251.0,37586.0,203153.0
Bắc Trung Bộ và Duyên hải miền Trung,2011,84452.0,78970.0,37288.0,200710.0
Bắc Trung Bộ và Duyên hải miền Trung,2012,86531.0,79070.0,37060.0,202661.0
Bắc Trung Bộ và Duyên hải miền Trung,2013,86773.0,78396.0,37557.0,202726.0
Bắc Trung Bộ và Duyên hải miền Trung,2014,86741.0,76144.0,37164.0,200049.0
Bắc Trung Bộ và Duyên hải miền Trung,2015,87877.0,75875.0,37087.0,200839.0
Bắc Trung Bộ và Duyên hải miền Trung,2016,87059.0,73893.0,36796.0,197748.0
Bắc Trung Bộ và Duyên hải miền Trung,2017,86315.0,71780.0,36254.0,194349.0
Bắc Trung Bộ và Duyên hải miền Trung,2018,84007.0,67139.0,32590.0,183736.0
Bắc Trung Bộ và Duyên hải miền Trung,2019,81815.0,65919.0,34281.0,182015.0
Bắc Trung Bộ và Duyên hải miền Trung,2020,82250.0,64658.0,34846.0,181754.0
Bắc Trung Bộ và Duyên hải miền Trung,2021,82568.0,63870.0,35069.0,181507.0
Bắc Trung Bộ và Duyên hải miền Trung,2023,84209.0,63261.0,34902.0,182372.0
Bến Tre,2002,5145.0,4105.0,1179.0,10429.0
Bến Tre,2003,4945.0,4238.0,1467.0,10650.0
Bến Tre,2004,4950.0,3916.0,1548.0,10414.0
Bến Tre,2005,4898.0,4451.0,1615.0,10964.0
Bến Tre,2006,4705.0,4514.0,1727.0,10946.0
Bến Tre,2007,4707.0,4492.0,1840.0,11039.0
Bến Tre,2008,4586.0,4428.0,1861.0,10875.0
Bến Tre,2009,4605.0,4383.0,1903.0,10891.0
Bến Tre,2010,4697.0,4344.0,1989.0,11030.0
Bến Tre,2011,4699.0,4302.0,1890.0,10891.0
Bến Tre,2012,5100.0,4451.0,1929.0,11480.0
Bến Tre,2013,4969.0,4270.0,1924.0,11163.0
Bến Tre,2014,5073.0,4247.0,1889.0,11209.0
Bến Tre,2015,5099.0,4241.0,1876.0,11216.0
Bến Tre,2016,5016.0,4210.0,1857.0,11083.0
Bến Tre,2017,4889.0,4112.0,1812.0,10813.0
Bến Tre,2018,4974.0,4280.0,1803.0,11057.0
Bến Tre,2019,4722.0,3993.0,1807.0,10522.0
Bến Tre,2020,4686.0,3882.0,1748.0,10316.0
Bến Tre,2021,4481.0,3745.0,1746.0,9972.0
Bến Tre,2023,4341.0,3611.0,1693.0,9645.0
Cao Bằng,2002,3780.0,1891.0,572.0,6243.0
Cao Bằng,2003,3865.0,2111.0,607.0,6583.0
Cao Bằng,2004,3753.0,2024.0,599.0,6376.0
Cao Bằng,2005,3773.0,2181.0,599.0,6553.0
Cao Bằng,2006,3831.0,2443.0,784.0,7058.0
Cao Bằng,2007,3545.0,2508.0,858.0,6911.0
Cao Bằng,2008,3781.0,2521.0,969.0,7271.0
Cao Bằng,2009,3788.0,2682.0,1004.0,7474.0
Cao Bằng,2010,3955.0,2768.0,1008.0,7731.0
Cao Bằng,2011,3922.0,2577.0,941.0,7440.0
Cao Bằng,2012,3982.0,2601.0,950.0,7533.0
Cao Bằng,2013,4148.0,2582.0,964.0,7694.0
Cao Bằng,2014,4211.0,2549.0,936.0,7696.0
Cao Bằng,2015,4220.0,2507.0,894.0,7621.0
Cao Bằng,2016,4221.0,2504.0,885.0,7610.0
Cao Bằng,2017,4170.0,2441.0,869.0,7480.0
Cao Bằng,2018,4016.0,2333.0,826.0,7175.0
Cao Bằng,2019,3964.0,2239.0,816.0,7019.0
Cao Bằng,2020,3899.0,2184.0,830.0,6913.0
Cao Bằng,2021,3790.0,2116.0,806.0,6712.0
Cao Bằng,2023,3817.0,2188.0,823.0,6828.0
Cà Mau,2002,6588.0,3211.0,672.0,10471.0
Cà Mau,2003,6955.0,3586.0,817.0,11358.0
Cà Mau,2004,6922.0,3857.0,900.0,11679.0
Cà Mau,2005,5830.0,3738.0,903.0,10471.0
Cà Mau,2006,5817.0,3740.0,1347.0,10904.0
Cà Mau,2007,5813.0,3963.0,1258.0,11034.0
Cà Mau,2008,5881.0,4119.0,1359.0,11359.0
Cà Mau,2009,6266.0,4122.0,1395.0,11783.0
Cà Mau,2010,6033.0,3948.0,1420.0,11401.0
Cà Mau,2011,6063.0,3855.0,1530.0,11448.0
Cà Mau,2012,6419.0,3839.0,1574.0,11832.0
Cà Mau,2013,6492.0,3925.0,1594.0,12011.0
Cà Mau,2014,6596.0,3929.0,1690.0,12215.0
Cà Mau,2015,6653.0,3990.0,1676.0,12319.0
Cà Mau,2016,6453.0,4019.0,1676.0,12148.0
Cà Mau,2017,6410.0,3889.0,1694.0,11993.0
Cà Mau,2018,5907.0,3653.0,1692.0,11252.0
Cà Mau,2019,5644.0,3563.0,1796.0,11003.0
Cà Mau,2020,5560.0,3563.0,1821.0,10944.0
Cà Mau,2021,5517.0,3544.0,1817.0,10878.0
Cà Mau,2023,5413.0,3474.0,1819.0,10706.0
CẢ NƯỚC,2002,363094.0,271755.0,88622.0,723471.0
CẢ NƯỚC,2003,366215.0,290410.0,98759.0,755384.0
CẢ NƯỚC,2004,362448.0,302459.0,106108.0,771015.0
CẢ NƯỚC,2005,354757.0,310250.0,115531.0,780538.0
CẢ NƯỚC,2006,349519.0,314905.0,125239.0,789663.0
CẢ NƯỚC,2007,348727.0,317534.0,134362.0,800623.0
CẢ NƯỚC,2008,349695.0,316973.0,140196.0,806864.0
CẢ NƯỚC,2009,355165.0,317239.0,146321.0,818725.0
CẢ NƯỚC,2010,365772.0,316243.0,148908.0,830923.0
CẢ NƯỚC,2011,366045.0,311970.0,150133.0,828148.0
CẢ NƯỚC,2012,381432.0,315189.0,150915.0,847536.0
CẢ NƯỚC,2013,386953.0,315593.0,152689.0,855235.0
CẢ NƯỚC,2014,392136.0,312587.0,152007.0,856730.0
CẢ NƯỚC,2015,396843.0,313526.0,150900.0,861269.0
CẢ NƯỚC,2016,397098.0,310953.0,150721.0,858772.0
CẢ NƯỚC,2017,396600.0,306110.0,150288.0,852998.0
CẢ NƯỚC,2018,385724.0,286008.0,134001.0,805733.0
CẢ NƯỚC,2019,381545.0,286931.0,143493.0,811969.0
CẢ NƯỚC,2020,385439.0,287389.0,145234.0,818062.0
CẢ NƯỚC,2021,382525.0,285305.0,145376.0,813206.0
CẢ NƯỚC,2023,381810.0,284812.0,146961.0,813583.0
Cần Thơ,2002,7698.0,4463.0,1237.0,13398.0
Cần Thơ,2003,7843.0,4873.0,1415.0,14131.0
Cần Thơ,2004,4149.0,2611.0,761.0,7521.0
Cần Thơ,2005,4188.0,2996.0,1096.0,8280.0
Cần Thơ,2006,4255.0,3070.0,1369.0,8694.0
Cần Thơ,2007,4298.0,3094.0,1254.0,8646.0
Cần Thơ,2008,4351.0,3111.0,1366.0,8828.0
Cần Thơ,2009,4351.0,3170.0,1419.0,8940.0
Cần Thơ,2010,4392.0,3205.0,1530.0,9127.0
Cần Thơ,2011,4373.0,3144.0,1488.0,9005.0
Cần Thơ,2012,4562.0,3315.0,1575.0,9452.0
Cần Thơ,2013,4496.0,3234.0,1727.0,9457.0
Cần Thơ,2014,4498.0,3357.0,1725.0,9580.0
Cần Thơ,2015,4592.0,3379.0,1872.0,9843.0
Cần Thơ,2016,4653.0,3440.0,1835.0,9928.0
Cần Thơ,2017,4574.0,3453.0,1813.0,9840.0
Cần Thơ,2018,4606.0,3315.0,1794.0,9715.0
Cần Thơ,2019,4420.0,3325.0,1783.0,9528.0
Cần Thơ,2020,4349.0,3319.0,1847.0,9515.0
Cần Thơ,2021,4280.0,3328.0,1896.0,9504.0
Cần Thơ,2023,4202.0,3348.0,2017.0,9567.0
Gia Lai,2002,6092.0,3219.0,906.0,10217.0
Gia Lai,2003,6094.0,3547.0,1014.0,10655.0
Gia Lai,2004,6024.0,3729.0,1147.0,10900.0
Gia Lai,2005,6140.0,4154.0,1460.0,11754.0
Gia Lai,2006,6186.0,4496.0,1727.0,12409.0
Gia Lai,2007,6161.0,4590.0,1834.0,12585.0
Gia Lai,2008,6384.0,4696.0,1956.0,13036.0
Gia Lai,2009,6114.0,4879.0,2147.0,13140.0
Gia Lai,2010,6742.0,5036.0,2131.0,13909.0
Gia Lai,2011,6831.0,4996.0,2135.0,13962.0
Gia Lai,2012,7378.0,5170.0,2132.0,14680.0
Gia Lai,2013,7631.0,5262.0,2246.0,15139.0
Gia Lai,2014,7818.0,5174.0,2250.0,15242.0
Gia Lai,2015,7912.0,5210.0,2231.0,15353.0
Gia Lai,2016,7737.0,5087.0,2205.0,15029.0
Gia Lai,2017,7691.0,5024.0,2175.0,14890.0
Gia Lai,2018,7166.0,4752.0,2133.0,14051.0
Gia Lai,2019,7091.0,4649.0,2129.0,13869.0
Gia Lai,2020,6942.0,4543.0,2108.0,13593.0
Gia Lai,2021,6783.0,4501.0,2081.0,13365.0
Gia Lai,2023,6684.0,4448.0,2164.0,13296.0
Hà Giang,2002,6285.0,1798.0,877.0,8960.0
Hà Giang,2003,6317.0,2112.0,586.0,9015.0
Hà Giang,2004,6154.0,2505.0,624.0,9283.0
Hà Giang,2005,5860.0,2856.0,723.0,9439.0
Hà Giang,2006,5678.0,3059.0,791.0,9528.0
Hà Giang,2007,5966.0,3434.0,861.0,10261.0
Hà Giang,2008,6103.0,3505.0,969.0,10577.0
Hà Giang,2009,6161.0,3677.0,1038.0,10876.0
Hà Giang,2010,6473.0,3795.0,1092.0,11360.0
Hà Giang,2011,6265.0,3611.0,1062.0,10938.0
Hà Giang,2012,6643.0,3909.0,1097.0,11649.0
Hà Giang,2013,6617.0,3887.0,1100.0,11604.0
Hà Giang,2014,6540.0,3834.0,1088.0,11462.0
Hà Giang,2015,6482.0,3873.0,1135.0,11490.0
Hà Giang,2016,6459.0,3825.0,1142.0,11426.0
Hà Giang,2017,6406.0,3807.0,1116.0,11329.0
Hà Giang,2018,6293.0,3808.0,1080.0,11181.0
Hà Giang,2019,6048.0,3589.0,1073.0,10710.0
Hà Giang,2020,5861.0,3542.0,1054.0,10457.0
Hà Giang,2021,5651.0,3487.0,1090.0,10228.0
Hà Giang,2023,5443.0,3436.0,1112.0,9991.0
Hà Nam,2002,2986.0,3217.0,916.0,7119.0
Hà Nam,2003,2941.0,3334.0,977.0,7252.0
Hà Nam,2004,2788.0,3264.0,1130.0,7182.0
Hà Nam,2005,2703.0,3247.0,1146.0,7096.0
Hà Nam,2006,2682.0,3219.0,1186.0,7087.0
Hà Nam,2007,2549.0,3289.0,1270.0,7108.0
Hà Nam,2008,2539.0,3178.0,1339.0,7056.0
Hà Nam,2009,2715.0,3311.0,1351.0,7377.0
Hà Nam,2010,2858.0,3187.0,1358.0,7403.0
Hà Nam,2011,2756.0,3055.0,1384.0,7195.0
Hà Nam,2012,2854.0,2963.0,1405.0,7222.0
Hà Nam,2013,2987.0,2956.0,1340.0,7283.0
Hà Nam,2014,3073.0,2941.0,1285.0,7299.0
Hà Nam,2015,3044.0,2846.0,1291.0,7181.0
Hà Nam,2016,3068.0,2826.0,1076.0,6970.0
Hà Nam,2017,2559.0,2326.0,1267.0,6152.0
Hà Nam,2018,3095.0,2448.0,1176.0,6719.0
Hà Nam,2019,3087.0,2379.0,1284.0,6750.0
Hà Nam,2020,3158.0,2441.0,1282.0,6881.0
Hà Nam,2021,3179.0,2436.0,1264.0,6879.0
Hà Nam,2023,3144.0,2458.0,1265.0,6867.0
Hà Nội,2002,8674.0,9478.0,4468.0,22620.0
Hà Nội,2003,8611.0,9478.0,5051.0,23140.0
Hà Nội,2004,8819.0,9713.0,4970.0,23502.0
Hà Nội,2005,8855.0,9810.0,5263.0,23928.0
Hà Nội,2006,8669.0,9628.0,5710.0,24007.0
Hà Nội,2007,8580.0,9506.0,6019.0,24105.0
Hà Nội,2008,20246.0,20970.0,11473.0,52689.0
Hà Nội,2009,20545.0,20614.0,12076.0,53235.0
Hà Nội,2010,21189.0,20689.0,12407.0,54285.0
Hà Nội,2011,20879.0,20134.0,12153.0,53166.0
Hà Nội,2012,22090.0,20455.0,12363.0,54908.0
Hà Nội,2013,22806.0,20782.0,12436.0,56024.0
Hà Nội,2014,23639.0,20563.0,12072.0,56274.0
Hà Nội,2015,24171.0,21392.0,11178.0,56741.0
Hà Nội,2016,24899.0,21985.0,11807.0,58691.0
Hà Nội,2017,25538.0,21785.0,11705.0,59028.0
Hà Nội,2018,24411.0,18112.0,9723.0,52246.0
Hà Nội,2019,25512.0,19809.0,11174.0,56495.0
Hà Nội,2020,27818.0,21992.0,11751.0,61561.0
Hà Nội,2021,28444.0,22931.0,12125.0,63500.0
Hà Nội,2023,28675.0,23221.0,12377.0,64273.0
Hà Tây,2002,11193.0,11292.0,3184.0,25669.0
Hà Tây,2003,11521.0,11854.0,4070.0,27445.0
Hà Tây,2004,11357.0,11740.0,3303.0,26400.0
Hà Tây,2005,11346.0,11560.0,3724.0,26630.0
Hà Tây,2006,10888.0,11088.0,4010.0,25986.0
Hà Tây,2007,10692.0,10808.0,4525.0,26025.0
Hà Tĩnh,2002,6432.0,6136.0,1938.0,14506.0
Hà Tĩnh,2003,6323.0,6237.0,2203.0,14763.0
Hà Tĩnh,2004,6108.0,6962.0,2458.0,15528.0
Hà Tĩnh,2005,5497.0,6559.0,2709.0,14765.0
Hà Tĩnh,2006,5435.0,6717.0,2815.0,14967.0
Hà Tĩnh,2007,5359.0,6771.0,3074.0,15204.0
Hà Tĩnh,2008,5491.0,6303.0,3238.0,15032.0
Hà Tĩnh,2009,5614.0,6208.0,3217.0,15039.0
Hà Tĩnh,2010,5658.0,6027.0,3294.0,14979.0
Hà Tĩnh,2011,5400.0,5754.0,3111.0,14265.0
Hà Tĩnh,2012,5802.0,5744.0,3129.0,14675.0
Hà Tĩnh,2013,5532.0,5488.0,3047.0,14067.0
Hà Tĩnh,2014,5429.0,5303.0,2973.0,13705.0
Hà Tĩnh,2015,5421.0,5194.0,2972.0,13587.0
Hà Tĩnh,2016,5424.0,5060.0,2941.0,13425.0
Hà Tĩnh,2017,5340.0,4971.0,2882.0,13193.0
Hà Tĩnh,2018,5399.0,4873.0,2763.0,13035.0
Hà Tĩnh,2019,5259.0,4699.0,2768.0,12726.0
Hà Tĩnh,2020,5411.0,4601.0,2774.0,12786.0
Hà Tĩnh,2021,5494.0,4679.0,2735.0,12908.0
Hà Tĩnh,2023,5779.0,4634.0,2748.0,13161.0
Hòa Bình,2002,5678.0,4385.0,946.0,11009.0
Hòa Bình,2003,5651.0,4790.0,1103.0,11544.0
Hòa Bình,2004,5448.0,4522.0,1108.0,11078.0
Hòa Bình,2005,5252.0,4519.0,1130.0,10901.0
Hòa Bình,2006,4987.0,4733.0,1261.0,10981.0
Hòa Bình,2007,4923.0,4698.0,1379.0,11000.0
Hòa Bình,2008,4829.0,4572.0,1470.0,10871.0
Hòa Bình,2009,4681.0,4326.0,1588.0,10595.0
Hòa Bình,2010,5244.0,4551.0,1700.0,11495.0
Hòa Bình,2011,4758.0,4143.0,1642.0,10543.0
Hòa Bình,2012,4780.0,4437.0,1635.0,10852.0
Hòa Bình,2013,4986.0,4102.0,1561.0,10649.0
Hòa Bình,2014,5032.0,3998.0,1553.0,10583.0
Hòa Bình,2015,4956.0,3946.0,1532.0,10434.0
Hòa Bình,2016,4839.0,3907.0,1526.0,10272.0
Hòa Bình,2017,4895.0,3755.0,1502.0,10152.0
Hòa Bình,2018,4728.0,3399.0,1526.0,9653.0
Hòa Bình,2019,4632.0,3535.0,1565.0,9732.0
Hòa Bình,2020,4708.0,3598.0,1598.0,9904.0
Hòa Bình,2021,4527.0,3501.0,1553.0,9581.0
Hòa Bình,2023,4407.0,3617.0,1606.0,9630.0
Hưng Yên,2002,4269.0,3926.0,1236.0,9431.0
Hưng Yên,2003,4273.0,4088.0,1366.0,9727.0
Hưng Yên,2004,4123.0,4139.0,1468.0,9730.0
Hưng Yên,2005,3890.0,4291.0,1656.0,9837.0
Hưng Yên,2006,3727.0,4276.0,1811.0,9814.0
Hưng Yên,2007,3850.0,4338.0,2002.0,10190.0
Hưng Yên,2008,3648.0,4304.0,2038.0,9990.0
Hưng Yên,2009,3668.0,4233.0,2091.0,9992.0
Hưng Yên,2010,3742.0,4304.0,2113.0,10159.0
Hưng Yên,2011,3965.0,4266.0,2104.0,10335.0
Hưng Yên,2012,4066.0,4368.0,2385.0,10819.0
Hưng Yên,2013,4181.0,4269.0,1976.0,10426.0
Hưng Yên,2014,4353.0,4253.0,1978.0,10584.0
Hưng Yên,2015,4421.0,4305.0,1978.0,10704.0
Hưng Yên,2016,4492.0,4286.0,1955.0,10733.0
Hưng Yên,2017,4436.0,4136.0,1914.0,10486.0
Hưng Yên,2018,4225.0,3660.0,1818.0,9703.0
Hưng Yên,2019,4330.0,3592.0,1805.0,9727.0
Hưng Yên,2020,4299.0,3589.0,1816.0,9704.0
Hưng Yên,2021,4305.0,3597.0,1828.0,9730.0
Hưng Yên,2023,4224.0,3720.0,1850.0,9794.0
Hải Dương,2002,6243.0,6310.0,1969.0,14522.0
Hải Dương,2003,6105.0,6410.0,2256.0,14771.0
Hải Dương,2004,5778.0,6427.0,2067.0,14272.0
Hải Dương,2005,5367.0,6366.0,2166.0,13899.0
Hải Dương,2006,5443.0,6329.0,2308.0,14080.0
Hải Dương,2007,5746.0,6354.0,2450.0,14550.0
Hải Dương,2008,6006.0,6204.0,2495.0,14705.0
Hải Dương,2009,6184.0,6180.0,2418.0,14782.0
Hải Dương,2010,6562.0,6057.0,2955.0,15574.0
Hải Dương,2011,6840.0,6163.0,2746.0,15749.0
Hải Dương,2012,6950.0,6169.0,2707.0,15826.0
Hải Dương,2013,7182.0,5977.0,2670.0,15829.0
Hải Dương,2014,7304.0,5828.0,2811.0,15943.0
Hải Dương,2015,7510.0,5821.0,2784.0,16115.0
Hải Dương,2016,7546.0,5687.0,2817.0,16050.0
Hải Dương,2017,7714.0,5590.0,2797.0,16101.0
Hải Dương,2018,6978.0,4868.0,2620.0,14466.0
Hải Dương,2019,7002.0,4914.0,2519.0,14435.0
Hải Dương,2020,7415.0,5022.0,2571.0,15008.0
Hải Dương,2021,7297.0,5072.0,2554.0,14923.0
Hải Dương,2023,7432.0,5328.0,2622.0,15382.0
Hải Phòng,2002,6054.0,6816.0,3076.0,15946.0
Hải Phòng,2003,6273.0,7048.0,3192.0,16513.0
Hải Phòng,2004,6117.0,7042.0,3270.0,16429.0
Hải Phòng,2005,5897.0,6986.0,3475.0,16358.0
Hải Phòng,2006,5994.0,6758.0,3619.0,16371.0
Hải Phòng,2007,6114.0,6663.0,3738.0,16515.0
Hải Phòng,2008,5985.0,6645.0,3708.0,16338.0
Hải Phòng,2009,6335.0,6482.0,3888.0,16705.0
Hải Phòng,2010,6196.0,6210.0,4107.0,16513.0
Hải Phòng,2011,6269.0,5897.0,4121.0,16287.0
Hải Phòng,2012,6377.0,5959.0,3822.0,16158.0
Hải Phòng,2013,6416.0,5907.0,3764.0,16087.0
Hải Phòng,2014,6427.0,5819.0,3662.0,15908.0
Hải Phòng,2015,6497.0,5698.0,3502.0,15697.0
Hải Phòng,2016,6544.0,5507.0,3427.0,15478.0
Hải Phòng,2017,6511.0,5349.0,3373.0,15233.0
Hải Phòng,2018,6526.0,5186.0,2945.0,14657.0
Hải Phòng,2019,6372.0,4968.0,2849.0,14189.0
Hải Phòng,2020,6943.0,5335.0,2877.0,15155.0
Hải Phòng,2021,6898.0,5346.0,2896.0,15140.0
Hải Phòng,2023,7023.0,5446.0,2966.0,15435.0
Hậu Giang,2004,3671.0,2081.0,637.0,6389.0
Hậu Giang,2005,3591.0,2165.0,681.0,6437.0
Hậu Giang,2006,3704.0,2226.0,797.0,6727.0
Hậu Giang,2007,3626.0,2288.0,866.0,6780.0
Hậu Giang,2008,3595.0,2200.0,932.0,6727.0
Hậu Giang,2009,3528.0,2188.0,938.0,6654.0
Hậu Giang,2010,3586.0,2212.0,972.0,6770.0
Hậu Giang,2011,3318.0,2151.0,1023.0,6492.0
Hậu Giang,2012,3717.0,2272.0,1058.0,7047.0
Hậu Giang,2013,3578.0,2252.0,1152.0,6982.0
Hậu Giang,2014,3587.0,2029.0,1068.0,6684.0
Hậu Giang,2015,3664.0,2312.0,1051.0,7027.0
Hậu Giang,2016,3730.0,2293.0,1057.0,7080.0
Hậu Giang,2017,3688.0,2326.0,1043.0,7057.0
Hậu Giang,2018,3577.0,2304.0,1039.0,6920.0
Hậu Giang,2019,3316.0,2229.0,1035.0,6580.0
Hậu Giang,2020,3214.0,2202.0,1043.0,6459.0
Hậu Giang,2021,3139.0,2162.0,1055.0,6356.0
Hậu Giang,2023,2965.0,2114.0,1087.0,6166.0
Khánh  Hòa,2002,4446.0,3342.0,1170.0,8958.0
Khánh  Hòa,2003,4545.0,3535.0,1204.0,9284.0
Khánh  Hòa,2004,4483.0,3820.0,1239.0,9542.0
Khánh  Hòa,2005,4361.0,4099.0,1334.0,9794.0
Khánh  Hòa,2006,4361.0,4295.0,1464.0,10120.0
Khánh  Hòa,2007,4459.0,4391.0,1555.0,10405.0
Khánh  Hòa,2008,4138.0,4298.0,1725.0,10161.0
Khánh  Hòa,2009,4035.0,4203.0,1821.0,10059.0
Khánh  Hòa,2010,4733.0,4177.0,1942.0,10852.0
Khánh  Hòa,2011,4807.0,4126.0,2046.0,10979.0
Khánh  Hòa,2012,5096.0,4222.0,1952.0,11270.0
Khánh  Hòa,2013,5051.0,4163.0,2085.0,11299.0
Khánh  Hòa,2014,5075.0,4251.0,2090.0,11416.0
Khánh  Hòa,2015,5051.0,4275.0,2137.0,11463.0
Khánh  Hòa,2016,4992.0,4185.0,2157.0,11334.0
Khánh  Hòa,2017,4987.0,4218.0,2128.0,11333.0
Khánh  Hòa,2018,4952.0,4078.0,2071.0,11101.0
Khánh  Hòa,2019,4746.0,3893.0,1988.0,10627.0
Khánh  Hòa,2020,4558.0,3751.0,2011.0,10320.0
Khánh  Hòa,2021,4721.0,3643.0,2038.0,10402.0
Khánh  Hòa,2023,4606.0,3485.0,1993.0,10084.0
Kiên  Giang,2002,7900.0,3861.0,912.0,12673.0
Kiên  Giang,2003,8019.0,4236.0,1139.0,13394.0
Kiên  Giang,2004,7812.0,4682.0,1420.0,13914.0
Kiên  Giang,2005,7662.0,4973.0,1636.0,14271.0
Kiên  Giang,2006,7517.0,5067.0,1755.0,14339.0
Kiên  Giang,2007,7488.0,5208.0,1980.0,14676.0
Kiên  Giang,2008,7677.0,5368.0,2115.0,15160.0
Kiên  Giang,2009,8010.0,5387.0,2191.0,15588.0
Kiên  Giang,2010,8330.0,5366.0,2192.0,15888.0
Kiên  Giang,2011,8439.0,5347.0,2086.0,15872.0
Kiên  Giang,2012,8799.0,5423.0,2138.0,16360.0
Kiên  Giang,2013,9115.0,5358.0,2143.0,16616.0
Kiên  Giang,2014,8942.0,5276.0,2115.0,16333.0
Kiên  Giang,2015,9018.0,5322.0,2089.0,16429.0
Kiên  Giang,2016,8993.0,5329.0,2105.0,16427.0
Kiên  Giang,2017,8956.0,5295.0,2079.0,16330.0
Kiên  Giang,2018,9019.0,5348.0,2047.0,16414.0
Kiên  Giang,2019,8617.0,5155.0,2030.0,15802.0
Kiên  Giang,2020,8438.0,5092.0,2073.0,15603.0
Kiên  Giang,2021,8145.0,4930.0,2080.0,15155.0
Kiên  Giang,2023,7922.0,4877.0,2064.0,14863.0
Kon Tum,2002,2627.0,1601.0,388.0,4616.0
Kon Tum,2003,2786.0,1638.0,484.0,4908.0
Kon Tum,2004,2901.0,1923.0,567.0,5391.0
Kon Tum,2005,2963.0,2251.0,726.0,5940.0
Kon Tum,2006,2924.0,2151.0,725.0,5800.0
Kon Tum,2007,2965.0,2174.0,838.0,5977.0
Kon Tum,2008,2609.0,2223.0,709.0,5541.0
Kon Tum,2009,2992.0,2411.0,876.0,6279.0
Kon Tum,2010,3209.0,2472.0,983.0,6664.0
Kon Tum,2011,3171.0,2479.0,1016.0,6666.0
Kon Tum,2012,3382.0,2598.0,1019.0,6999.0
Kon Tum,2013,3472.0,2655.0,1053.0,7180.0
Kon Tum,2014,3529.0,2660.0,1102.0,7291.0
Kon Tum,2015,3406.0,2593.0,1061.0,7060.0
Kon Tum,2016,3509.0,2636.0,1050.0,7195.0
Kon Tum,2017,3457.0,2587.0,1046.0,7090.0
Kon Tum,2018,3403.0,2491.0,1046.0,6940.0
Kon Tum,2019,3237.0,2476.0,1028.0,6741.0
Kon Tum,2020,3360.0,2477.0,1043.0,6880.0
Kon Tum,2021,3337.0,2408.0,995.0,6740.0
Kon Tum,2023,3236.0,2413.0,1036.0,6685.0
Lai Châu,2002,4757.0,1929.0,494.0,7180.0
Lai Châu,2003,6170.0,2390.0,593.0,9153.0
Lai Châu,2004,2610.0,1113.0,161.0,3884.0
Lai Châu,2005,2886.0,1332.0,214.0,4432.0
Lai Châu,2006,3282.0,1619.0,271.0,5172.0
Lai Châu,2007,3559.0,1791.0,350.0,5700.0
Lai Châu,2008,3610.0,1856.0,395.0,5861.0
Lai Châu,2009,3880.0,1869.0,445.0,6194.0
Lai Châu,2010,4039.0,1948.0,447.0,6434.0
Lai Châu,2011,4237.0,2094.0,497.0,6828.0
Lai Châu,2012,4114.0,2040.0,526.0,6680.0
Lai Châu,2013,4271.0,2212.0,544.0,7027.0
Lai Châu,2014,4219.0,2205.0,558.0,6982.0
Lai Châu,2015,4151.0,2118.0,661.0,6930.0
Lai Châu,2016,4017.0,2104.0,700.0,6821.0
Lai Châu,2017,3896.0,2051.0,682.0,6629.0
Lai Châu,2018,3808.0,2076.0,684.0,6568.0
Lai Châu,2019,3767.0,2084.0,647.0,6498.0
Lai Châu,2020,3664.0,2029.0,633.0,6326.0
Lai Châu,2021,3557.0,1979.0,610.0,6146.0
Lai Châu,2023,3320.0,1871.0,583.0,5774.0
Long An,2002,5619.0,3782.0,1042.0,10443.0
Long An,2003,5557.0,4158.0,1087.0,10802.0
Long An,2004,5357.0,4376.0,1225.0,10958.0
Long An,2005,5403.0,4367.0,1373.0,11143.0
Long An,2006,5105.0,4275.0,1475.0,10855.0
Long An,2007,5128.0,4473.0,1527.0,11128.0
Long An,2008,5240.0,4579.0,1740.0,11559.0
Long An,2009,5346.0,4812.0,2057.0,12215.0
Long An,2010,5616.0,4754.0,2054.0,12424.0
Long An,2011,5857.0,4775.0,2225.0,12857.0
Long An,2012,6486.0,5077.0,2445.0,14008.0
Long An,2013,6404.0,4984.0,2471.0,13859.0
Long An,2014,6491.0,4957.0,2525.0,13973.0
Long An,2015,6423.0,4856.0,2465.0,13744.0
Long An,2016,6355.0,4789.0,2437.0,13581.0
Long An,2017,6357.0,4731.0,2386.0,13474.0
Long An,2018,6258.0,4626.0,2298.0,13182.0
Long An,2019,6028.0,4493.0,2372.0,12893.0
Long An,2020,6028.0,4326.0,2370.0,12724.0
Long An,2021,5880.0,4245.0,2376.0,12501.0
Long An,2023,5643.0,4007.0,2332.0,11982.0
Lào Cai,2002,4563.0,2578.0,457.0,7598.0
Lào Cai,2003,4186.0,2595.0,536.0,7317.0
Lào Cai,2004,4166.0,3028.0,620.0,7814.0
Lào Cai,2005,4086.0,3137.0,722.0,7945.0
Lào Cai,2006,4150.0,3411.0,826.0,8387.0
Lào Cai,2007,4236.0,3307.0,913.0,8456.0
Lào Cai,2008,3906.0,3398.0,949.0,8253.0
Lào Cai,2009,4760.0,3483.0,1011.0,9254.0
Lào Cai,2010,4915.0,3565.0,1055.0,9535.0
Lào Cai,2011,5183.0,3558.0,1091.0,9832.0
Lào Cai,2012,5480.0,3521.0,1126.0,10127.0
Lào Cai,2013,5323.0,3471.0,1112.0,9906.0
Lào Cai,2014,5498.0,3503.0,1143.0,10144.0
Lào Cai,2015,5758.0,3508.0,1180.0,10446.0
Lào Cai,2016,5605.0,3374.0,1133.0,10112.0
Lào Cai,2017,5644.0,3353.0,1176.0,10173.0
Lào Cai,2018,5524.0,3278.0,1060.0,9862.0
Lào Cai,2019,5251.0,3061.0,1151.0,9463.0
Lào Cai,2020,5116.0,3085.0,1176.0,9377.0
Lào Cai,2021,5058.0,3114.0,1147.0,9319.0
Lào Cai,2023,4945.0,3164.0,1190.0,9299.0
Lâm Đồng,2002,5153.0,3944.0,1478.0,10575.0
Lâm Đồng,2003,5245.0,4157.0,1646.0,11048.0
Lâm Đồng,2004,5269.0,4348.0,1825.0,11442.0
Lâm Đồng,2005,5156.0,4477.0,2018.0,11651.0
Lâm Đồng,2006,5130.0,4578.0,2347.0,12055.0
Lâm Đồng,2007,5027.0,4733.0,2372.0,12132.0
Lâm Đồng,2008,5113.0,4873.0,2461.0,12447.0
Lâm Đồng,2009,5106.0,4885.0,2604.0,12595.0
Lâm Đồng,2010,5457.0,4970.0,2578.0,13005.0
Lâm Đồng,2011,5083.0,4741.0,2636.0,12460.0
Lâm Đồng,2012,5968.0,5276.0,2465.0,13709.0
Lâm Đồng,2013,5596.0,4757.0,2696.0,13049.0
Lâm Đồng,2014,6104.0,4973.0,2815.0,13892.0
Lâm Đồng,2015,6204.0,4962.0,2787.0,13953.0
Lâm Đồng,2016,6326.0,4937.0,2784.0,14047.0
Lâm Đồng,2017,6319.0,4868.0,2762.0,13949.0
Lâm Đồng,2018,6283.0,4581.0,2639.0,13503.0
Lâm Đồng,2019,5987.0,4667.0,2657.0,13311.0
Lâm Đồng,2020,5889.0,4706.0,2669.0,13264.0
Lâm Đồng,2021,5728.0,4608.0,2604.0,12940.0
Lâm Đồng,2023,5383.0,4397.0,2600.0,12380.0
Lạng Sơn,2002,4895.0,3707.0,647.0,9249.0
Lạng Sơn,2003,4880.0,4206.0,698.0,9784.0
Lạng Sơn,2004,4763.0,4434.0,828.0,10025.0
Lạng Sơn,2005,5836.0,4385.0,887.0,11108.0
Lạng Sơn,2006,4630.0,4425.0,1040.0,10095.0
Lạng Sơn,2007,4716.0,4558.0,1197.0,10471.0
Lạng Sơn,2008,4813.0,4518.0,1376.0,10707.0
Lạng Sơn,2009,4921.0,4472.0,1423.0,10816.0
Lạng Sơn,2010,5027.0,4355.0,1514.0,10896.0
Lạng Sơn,2011,4798.0,4213.0,1628.0,10639.0
Lạng Sơn,2012,5183.0,4027.0,1682.0,10892.0
Lạng Sơn,2013,5182.0,4125.0,1699.0,11006.0
Lạng Sơn,2014,5011.0,3965.0,1683.0,10659.0
Lạng Sơn,2015,4997.0,3899.0,1589.0,10485.0
Lạng Sơn,2016,5029.0,3822.0,1565.0,10416.0
Lạng Sơn,2017,4963.0,3713.0,1538.0,10214.0
Lạng Sơn,2018,4829.0,3456.0,1455.0,9740.0
Lạng Sơn,2019,4572.0,3223.0,1416.0,9211.0
Lạng Sơn,2020,4667.0,3186.0,1459.0,9312.0
Lạng Sơn,2021,4565.0,3186.0,1466.0,9217.0
Lạng Sơn,2023,4508.0,3055.0,1480.0,9043.0
Nam Định,2002,6632.0,7164.0,2248.0,16044.0
Nam Định,2003,6509.0,7180.0,2310.0,15999.0
Nam Định,2004,6344.0,7178.0,2464.0,15986.0
Nam Định,2005,6188.0,7257.0,2516.0,15961.0
Nam Định,2006,6248.0,7260.0,2605.0,16113.0
Nam Định,2007,5870.0,7012.0,2903.0,15785.0
Nam Định,2008,5840.0,7071.0,3133.0,16044.0
Nam Định,2009,6053.0,7451.0,3197.0,16701.0
Nam Định,2010,6362.0,6766.0,3229.0,16357.0
Nam Định,2011,6260.0,6782.0,3254.0,16296.0
Nam Định,2012,6502.0,6793.0,3203.0,16498.0
Nam Định,2013,6617.0,6657.0,3200.0,16474.0
Nam Định,2014,6756.0,6539.0,3215.0,16510.0
Nam Định,2015,6633.0,6308.0,3214.0,16155.0
Nam Định,2016,6824.0,6278.0,3147.0,16249.0
Nam Định,2017,6975.0,6232.0,3127.0,16334.0
Nam Định,2018,6907.0,5954.0,2897.0,15758.0
Nam Định,2019,6711.0,5793.0,2896.0,15400.0
Nam Định,2020,6524.0,5717.0,2832.0,15073.0
Nam Định,2021,6490.0,5630.0,2850.0,14970.0
Nam Định,2023,6315.0,5518.0,2855.0,14688.0
Nghệ An,2002,16683.0,12819.0,4673.0,34175.0
Nghệ An,2003,16682.0,14154.0,4985.0,35821.0
Nghệ An,2004,16033.0,14484.0,5191.0,35708.0
Nghệ An,2005,15019.0,14225.0,5514.0,34758.0
Nghệ An,2006,14826.0,14474.0,5694.0,34994.0
Nghệ An,2007,14415.0,14266.0,5992.0,34673.0
Nghệ An,2008,14034.0,13854.0,6019.0,33907.0
Nghệ An,2009,13508.0,13644.0,6072.0,33224.0
Nghệ An,2010,14020.0,13685.0,6075.0,33780.0
Nghệ An,2011,13974.0,13252.0,5962.0,33188.0
Nghệ An,2012,14332.0,13262.0,5893.0,33487.0
Nghệ An,2013,14085.0,12843.0,5814.0,32742.0
Nghệ An,2014,13821.0,12495.0,5660.0,31976.0
Nghệ An,2015,13716.0,12182.0,5564.0,31462.0
Nghệ An,2016,13424.0,11837.0,5503.0,30764.0
Nghệ An,2017,13275.0,11454.0,5444.0,30173.0
Nghệ An,2018,13004.0,10781.0,5052.0,28837.0
Nghệ An,2019,12535.0,10293.0,5172.0,28000.0
Nghệ An,2020,12649.0,10167.0,5275.0,28091.0
Nghệ An,2021,12748.0,9940.0,5330.0,28018.0
Nghệ An,2023,13109.0,9769.0,5361.0,28239.0
Ninh  Thuận,2002,2782.0,1518.0,450.0,4750.0
Ninh  Thuận,2003,2764.0,1739.0,496.0,4999.0
Ninh  Thuận,2004,2703.0,1808.0,566.0,5077.0
Ninh  Thuận,2005,2716.0,1879.0,636.0,5231.0
Ninh  Thuận,2006,2661.0,2045.0,708.0,5414.0
Ninh  Thuận,2007,2726.0,2018.0,777.0,5521.0
Ninh  Thuận,2008,2739.0,2098.0,879.0,5716.0
Ninh  Thuận,2009,2818.0,2077.0,907.0,5802.0
Ninh  Thuận,2010,2845.0,2237.0,965.0,6047.0
Ninh  Thuận,2011,2720.0,2082.0,1004.0,5806.0
Ninh  Thuận,2012,2834.0,2023.0,1127.0,5984.0
Ninh  Thuận,2013,3016.0,2172.0,1016.0,6204.0
Ninh  Thuận,2014,3052.0,2203.0,1023.0,6278.0
Ninh  Thuận,2015,3076.0,2166.0,994.0,6236.0
Ninh  Thuận,2016,3136.0,2163.0,1013.0,6312.0
Ninh  Thuận,2017,3139.0,2163.0,945.0,6247.0
Ninh  Thuận,2018,3094.0,1876.0,690.0,5660.0
Ninh  Thuận,2019,2903.0,1942.0,955.0,5800.0
Ninh  Thuận,2020,3036.0,1931.0,983.0,5950.0
Ninh  Thuận,2021,2830.0,1886.0,983.0,5699.0
Ninh  Thuận,2023,2887.0,1814.0,987.0,5688.0
Ninh Bình,2002,3773.0,3929.0,1076.0,8778.0
Ninh Bình,2003,3745.0,3911.0,1132.0,8788.0
Ninh Bình,2004,3598.0,3788.0,1246.0,8632.0
Ninh Bình,2005,3419.0,3685.0,1402.0,8506.0
Ninh Bình,2006,3103.0,3705.0,1440.0,8248.0
Ninh Bình,2007,3208.0,3518.0,1505.0,8231.0
Ninh Bình,2008,3076.0,3345.0,1506.0,7927.0
Ninh Bình,2009,3224.0,3421.0,1586.0,8231.0
Ninh Bình,2010,3252.0,3346.0,1545.0,8143.0
Ninh Bình,2011,3250.0,3304.0,1492.0,8046.0
Ninh Bình,2012,3415.0,3324.0,1544.0,8283.0
Ninh Bình,2013,3418.0,3304.0,1535.0,8257.0
Ninh Bình,2014,3526.0,3352.0,1532.0,8410.0
Ninh Bình,2015,3568.0,3345.0,1547.0,8460.0
Ninh Bình,2016,3551.0,3329.0,1580.0,8460.0
Ninh Bình,2017,3630.0,3240.0,1593.0,8463.0
Ninh Bình,2018,3655.0,3211.0,1589.0,8455.0
Ninh Bình,2019,3639.0,3149.0,1599.0,8387.0
Ninh Bình,2020,3692.0,3163.0,1610.0,8465.0
Ninh Bình,2021,3661.0,2963.0,1615.0,8239.0
Ninh Bình,2023,3666.0,3004.0,1622.0,8292.0
Phú Thọ,2002,6324.0,5694.0,1401.0,13419.0
Phú Thọ,2003,6688.0,6089.0,2110.0,14887.0
Phú Thọ,2004,6574.0,6130.0,2241.0,14945.0
Phú Thọ,2005,6283.0,6149.0,2320.0,14752.0
Phú Thọ,2006,5899.0,5857.0,2432.0,14188.0
Phú Thọ,2007,6021.0,6050.0,2575.0,14646.0
Phú Thọ,2008,6024.0,6071.0,2457.0,14552.0
Phú Thọ,2009,6132.0,6029.0,2635.0,14796.0
Phú Thọ,2010,6165.0,5972.0,2559.0,14696.0
Phú Thọ,2011,5916.0,5796.0,2340.0,14052.0
Phú Thọ,2012,6073.0,5824.0,2150.0,14047.0
Phú Thọ,2013,6155.0,5837.0,2176.0,14168.0
Phú Thọ,2014,6264.0,5837.0,2205.0,14306.0
Phú Thọ,2015,6427.0,5898.0,2275.0,14600.0
Phú Thọ,2016,6465.0,5874.0,2231.0,14570.0
Phú Thọ,2017,6400.0,5706.0,2258.0,14364.0
Phú Thọ,2018,6046.0,5195.0,1923.0,13164.0
Phú Thọ,2019,6110.0,4993.0,2085.0,13188.0
Phú Thọ,2020,6303.0,5019.0,2107.0,13429.0
Phú Thọ,2021,6225.0,5099.0,2148.0,13472.0
Phú Thọ,2023,6267.0,5172.0,2273.0,13712.0
Phú Yên,2002,4714.0,3480.0,1286.0,9480.0
Phú Yên,2003,4794.0,3733.0,1316.0,9843.0
Phú Yên,2004,4630.0,3624.0,1619.0,9873.0
Phú Yên,2005,4768.0,3935.0,1494.0,10197.0
Phú Yên,2006,4592.0,4128.0,1624.0,10344.0
Phú Yên,2007,4623.0,4005.0,1530.0,10158.0
Phú Yên,2008,4555.0,4120.0,1570.0,10245.0
Phú Yên,2009,4489.0,3986.0,1605.0,10080.0
Phú Yên,2010,4540.0,4025.0,1774.0,10339.0
Phú Yên,2011,4690.0,4302.0,1975.0,10967.0
Phú Yên,2012,4632.0,4122.0,1778.0,10532.0
Phú Yên,2013,4357.0,4178.0,1923.0,10458.0
Phú Yên,2014,4596.0,4091.0,1935.0,10622.0
Phú Yên,2015,4535.0,4013.0,1892.0,10440.0
Phú Yên,2016,4492.0,4029.0,1883.0,10404.0
Phú Yên,2017,4419.0,3924.0,1912.0,10255.0
Phú Yên,2018,4193.0,3694.0,1749.0,9636.0
Phú Yên,2019,3985.0,3580.0,1732.0,9297.0
Phú Yên,2020,3874.0,3424.0,1691.0,8989.0
Phú Yên,2021,3669.0,3297.0,1695.0,8661.0
Phú Yên,2023,3778.0,3080.0,1782.0,8640.0
Quảng  Nam,2002,6714.0,5119.0,1627.0,13460.0
Quảng  Nam,2003,6746.0,5446.0,1722.0,13914.0
Quảng  Nam,2004,6513.0,5465.0,1823.0,13801.0
Quảng  Nam,2005,6517.0,5911.0,1985.0,14413.0
Quảng  Nam,2006,6337.0,5998.0,2110.0,14445.0
Quảng  Nam,2007,6275.0,6046.0,2335.0,14656.0
Quảng  Nam,2008,6116.0,5936.0,2546.0,14598.0
Quảng  Nam,2009,6366.0,6076.0,2678.0,15120.0
Quảng  Nam,2010,6469.0,6028.0,2832.0,15329.0
Quảng  Nam,2011,6433.0,5942.0,2827.0,15202.0
Quảng  Nam,2012,6858.0,6039.0,2932.0,15829.0
Quảng  Nam,2013,6953.0,5916.0,3027.0,15896.0
Quảng  Nam,2014,7149.0,6026.0,3040.0,16215.0
Quảng  Nam,2015,7312.0,6034.0,3059.0,16405.0
Quảng  Nam,2016,7271.0,5964.0,2943.0,16178.0
Quảng  Nam,2017,7183.0,5743.0,2838.0,15764.0
Quảng  Nam,2018,6863.0,5195.0,2004.0,14062.0
Quảng  Nam,2019,6167.0,5112.0,2601.0,13880.0
Quảng  Nam,2020,5885.0,4829.0,2583.0,13297.0
Quảng  Nam,2021,6153.0,4829.0,2715.0,13697.0
Quảng  Nam,2023,6229.0,4816.0,2636.0,13681.0
Quảng  Ngãi,2002,5408.0,4184.0,1638.0,11230.0
Quảng  Ngãi,2003,5386.0,4396.0,1696.0,11478.0
Quảng  Ngãi,2004,5281.0,4669.0,1831.0,11781.0
Quảng  Ngãi,2005,5089.0,4854.0,1911.0,11854.0
Quảng  Ngãi,2006,5003.0,4917.0,2112.0,12032.0
Quảng  Ngãi,2007,4918.0,5019.0,2069.0,12006.0
Quảng  Ngãi,2008,4863.0,5040.0,2086.0,11989.0
Quảng  Ngãi,2009,4919.0,5163.0,2216.0,12298.0
Quảng  Ngãi,2010,4831.0,5191.0,2265.0,12287.0
Quảng  Ngãi,2011,4850.0,5090.0,2289.0,12229.0
Quảng  Ngãi,2012,5085.0,5277.0,2379.0,12741.0
Quảng  Ngãi,2013,5133.0,5063.0,2403.0,12599.0
Quảng  Ngãi,2014,5301.0,5100.0,2368.0,12769.0
Quảng  Ngãi,2015,5421.0,5146.0,2317.0,12884.0
Quảng  Ngãi,2016,5442.0,5077.0,2277.0,12796.0
Quảng  Ngãi,2017,5350.0,4900.0,2176.0,12426.0
Quảng  Ngãi,2018,5024.0,4396.0,2020.0,11440.0
Quảng  Ngãi,2019,4787.0,4400.0,2170.0,11357.0
Quảng  Ngãi,2020,4915.0,4306.0,2118.0,11339.0
Quảng  Ngãi,2021,4806.0,4188.0,2112.0,11106.0
Quảng  Ngãi,2023,4814.0,4222.0,2180.0,11216.0
Quảng Bình,2002,3979.0,3723.0,1046.0,8748.0
Quảng Bình,2003,3913.0,3857.0,1222.0,8992.0
Quảng Bình,2004,3895.0,4011.0,1346.0,9252.0
Quảng Bình,2005,3751.0,4081.0,1581.0,9413.0
Quảng Bình,2006,3660.0,4164.0,1635.0,9459.0
Quảng Bình,2007,3871.0,4134.0,1678.0,9683.0
Quảng Bình,2008,3804.0,3953.0,1764.0,9521.0
Quảng Bình,2009,4077.0,3857.0,1774.0,9708.0
Quảng Bình,2010,4238.0,3679.0,1791.0,9708.0
Quảng Bình,2011,4218.0,3598.0,1774.0,9590.0
Quảng Bình,2012,4272.0,3657.0,1759.0,9688.0
Quảng Bình,2013,4535.0,3544.0,1742.0,9821.0
Quảng Bình,2014,4526.0,3558.0,1761.0,9845.0
Quảng Bình,2015,4683.0,3600.0,1788.0,10071.0
Quảng Bình,2016,4639.0,3431.0,1780.0,9850.0
Quảng Bình,2017,4621.0,3367.0,1744.0,9732.0
Quảng Bình,2018,4373.0,2977.0,1564.0,8914.0
Quảng Bình,2019,4359.0,3018.0,1661.0,9038.0
Quảng Bình,2020,4417.0,2944.0,1764.0,9125.0
Quảng Bình,2021,4519.0,2927.0,1754.0,9200.0
Quảng Bình,2023,4561.0,3017.0,1740.0,9318.0
Quảng Ninh,2002,5113.0,4274.0,1382.0,10769.0
Quảng Ninh,2003,5195.0,4382.0,1439.0,11016.0
Quảng Ninh,2004,5222.0,4625.0,1637.0,11484.0
Quảng Ninh,2005,5207.0,4952.0,1705.0,11864.0
Quảng Ninh,2006,5812.0,4893.0,1924.0,12629.0
Quảng Ninh,2007,5076.0,4868.0,2025.0,11969.0
Quảng Ninh,2008,5314.0,4813.0,2182.0,12309.0
Quảng Ninh,2009,5.517,4.743,2255.0,12515.0
Quảng Ninh,2010,5725.0,4667.0,2739.0,13131.0
Quảng Ninh,2011,5401.0,4527.0,2219.0,12147.0
Quảng Ninh,2012,5730.0,4522.0,2368.0,12620.0
Quảng Ninh,2013,6166.0,4617.0,2320.0,13103.0
Quảng Ninh,2014,5933.0,4151.0,2342.0,12426.0
Quảng Ninh,2015,6003.0,4161.0,2376.0,12540.0
Quảng Ninh,2016,6005.0,4122.0,2321.0,12448.0
Quảng Ninh,2017,5876.0,4028.0,2309.0,12213.0
Quảng Ninh,2018,6634.0,4594.0,2452.0,13680.0
Quảng Ninh,2019,5765.0,3909.0,2134.0,11808.0
Quảng Ninh,2020,5983.0,4001.0,2141.0,12125.0
Quảng Ninh,2021,5798.0,3890.0,2088.0,11776.0
Quảng Ninh,2023,5860.0,4057.0,2131.0,12048.0
Quảng Trị,2002,3232.0,2335.0,1201.0,6768.0
Quảng Trị,2003,3358.0,2688.0,1174.0,7220.0
Quảng Trị,2004,3426.0,3045.0,1244.0,7715.0
Quảng Trị,2005,3439.0,3319.0,1328.0,8086.0
Quảng Trị,2006,3556.0,3434.0,1443.0,8433.0
Quảng Trị,2007,3658.0,3427.0,1624.0,8709.0
Quảng Trị,2008,3601.0,3300.0,1637.0,8538.0
Quảng Trị,2009,3716.0,3383.0,1882.0,8981.0
Quảng Trị,2010,3733.0,3273.0,1750.0,8756.0
Quảng Trị,2011,3661.0,3189.0,1635.0,8485.0
Quảng Trị,2012,3726.0,3198.0,1488.0,8412.0
Quảng Trị,2013,3772.0,3112.0,1529.0,8413.0
Quảng Trị,2014,3768.0,2944.0,1529.0,8241.0
Quảng Trị,2015,3849.0,2973.0,1529.0,8351.0
Quảng Trị,2016,3782.0,2878.0,1532.0,8192.0
Quảng Trị,2017,3779.0,2758.0,1518.0,8055.0
Quảng Trị,2018,3200.0,2624.0,1874.0,7698.0
Quảng Trị,2019,3411.0,2533.0,1494.0,7438.0
Quảng Trị,2020,3527.0,2558.0,1537.0,7622.0
Quảng Trị,2021,3555.0,2571.0,1540.0,7666.0
Quảng Trị,2023,3645.0,2530.0,1514.0,7689.0
Sóc Trăng,2002,6454.0,2621.0,840.0,9915.0
Sóc Trăng,2003,6327.0,3035.0,1119.0,10481.0
Sóc Trăng,2004,6400.0,3585.0,1304.0,11289.0
Sóc Trăng,2005,6523.0,3667.0,1393.0,11583.0
Sóc Trăng,2006,6405.0,3706.0,1567.0,11678.0
Sóc Trăng,2007,6533.0,3766.0,1721.0,12020.0
Sóc Trăng,2008,6373.0,4091.0,1822.0,12286.0
Sóc Trăng,2009,6260.0,4082.0,1775.0,12117.0
Sóc Trăng,2010,6416.0,4037.0,1860.0,12313.0
Sóc Trăng,2011,6519.0,4281.0,1853.0,12653.0
Sóc Trăng,2012,6136.0,4367.0,1784.0,12287.0
Sóc Trăng,2013,5913.0,4368.0,1947.0,12228.0
Sóc Trăng,2014,6713.0,4416.0,1933.0,13062.0
Sóc Trăng,2015,6786.0,4491.0,1888.0,13165.0
Sóc Trăng,2016,6688.0,4416.0,1883.0,12987.0
Sóc Trăng,2017,6604.0,4352.0,1870.0,12826.0
Sóc Trăng,2018,6428.0,4211.0,1820.0,12459.0
Sóc Trăng,2019,5947.0,4052.0,1794.0,11793.0
Sóc Trăng,2020,5910.0,3944.0,1756.0,11610.0
Sóc Trăng,2021,5792.0,3839.0,1750.0,11381.0
Sóc Trăng,2023,5621.0,3711.0,1674.0,11006.0
Sơn La,2002,7414.0,3448.0,664.0,11526.0
Sơn La,2003,7218.0,4150.0,813.0,12181.0
Sơn La,2004,7234.0,4382.0,908.0,12524.0
Sơn La,2005,6980.0,4851.0,1120.0,12951.0
Sơn La,2006,6824.0,4965.0,1253.0,13042.0
Sơn La,2007,6868.0,5174.0,1357.0,13399.0
Sơn La,2008,7094.0,5489.0,1494.0,14077.0
Sơn La,2009,6674.0,5099.0,1557.0,13330.0
Sơn La,2010,7088.0,5224.0,1584.0,13896.0
Sơn La,2011,7282.0,5163.0,1545.0,13990.0
Sơn La,2012,7330.0,5103.0,1590.0,14023.0
Sơn La,2013,7322.0,5098.0,1615.0,14035.0
Sơn La,2014,7590.0,5104.0,1599.0,14293.0
Sơn La,2015,7620.0,5116.0,1567.0,14303.0
Sơn La,2016,7482.0,5099.0,1517.0,14098.0
Sơn La,2017,7564.0,5065.0,1505.0,14134.0
Sơn La,2018,7365.0,4781.0,1547.0,13693.0
Sơn La,2019,7164.0,4691.0,1654.0,13509.0
Sơn La,2020,7469.0,4772.0,1652.0,13893.0
Sơn La,2021,7495.0,4792.0,1552.0,13839.0
Sơn La,2023,7511.0,4765.0,1576.0,13852.0
TP. Hồ Chí Minh,2002,13474.0,12419.0,6055.0,31948.0
TP. Hồ Chí Minh,2003,13992.0,13009.0,6226.0,33227.0
TP. Hồ Chí Minh,2004,14667.0,13356.0,6681.0,34704.0
TP. Hồ Chí Minh,2005,14266.0,13572.0,7123.0,34961.0
TP. Hồ Chí Minh,2006,14209.0,13684.0,7668.0,35561.0
TP. Hồ Chí Minh,2007,14629.0,14232.0,8313.0,37174.0
TP. Hồ Chí Minh,2008,14999.0,14436.0,8998.0,38433.0
TP. Hồ Chí Minh,2009,15768.0,14439.0,9914.0,40121.0
TP. Hồ Chí Minh,2010,15181.0,14302.0,8835.0,38318.0
TP. Hồ Chí Minh,2011,16811.0,16081.0,10979.0,43871.0
TP. Hồ Chí Minh,2012,17362.0,15955.0,11419.0,44736.0
TP. Hồ Chí Minh,2013,18552.0,16681.0,11755.0,46988.0
TP. Hồ Chí Minh,2014,19280.0,17246.0,11962.0,48488.0
TP. Hồ Chí Minh,2015,19874.0,17393.0,12184.0,49451.0
TP. Hồ Chí Minh,2016,20165.0,17548.0,12371.0,50084.0
TP. Hồ Chí Minh,2017,20577.0,17794.0,12635.0,51006.0
TP. Hồ Chí Minh,2018,17730.0,15121.0,8998.0,41849.0
TP. Hồ Chí Minh,2019,21558.0,17056.0,11705.0,50319.0
TP. Hồ Chí Minh,2020,22134.0,17330.0,12140.0,51604.0
TP. Hồ Chí Minh,2021,22202.0,17293.0,12005.0,51500.0
TP. Hồ Chí Minh,2023,23093.0,18212.0,12330.0,53635.0
Thanh Hóa,2002,16848.0,13306.0,4092.0,34246.0
Thanh Hóa,2003,16854.0,14946.0,4570.0,36370.0
Thanh Hóa,2004,16122.0,16092.0,5112.0,37326.0
Thanh Hóa,2005,15250.0,15551.0,5565.0,36366.0
Thanh Hóa,2006,15461.0,17114.0,5748.0,38323.0
Thanh Hóa,2007,14284.0,16118.0,6175.0,36577.0
Thanh Hóa,2008,14549.0,16059.0,6230.0,36838.0
Thanh Hóa,2009,13842.0,15435.0,6086.0,35363.0
Thanh Hóa,2010,13809.0,15277.0,6137.0,35223.0
Thanh Hóa,2011,14001.0,14390.0,5815.0,34206.0
Thanh Hóa,2012,13855.0,13736.0,5154.0,32745.0
Thanh Hóa,2013,13974.0,14291.0,5547.0,33812.0
Thanh Hóa,2014,13314.0,12826.0,5433.0,31573.0
Thanh Hóa,2015,13945.0,13139.0,5561.0,32645.0
Thanh Hóa,2016,13608.0,12370.0,5499.0,31477.0
Thanh Hóa,2017,13324.0,11494.0,5406.0,30224.0
Thanh Hóa,2018,13360.0,11018.0,5057.0,29435.0
Thanh Hóa,2019,13096.0,10558.0,4992.0,28646.0
Thanh Hóa,2020,13308.0,10407.0,5269.0,28984.0
Thanh Hóa,2021,13255.0,10274.0,5230.0,28759.0
Thanh Hóa,2023,13688.0,10233.0,5198.0,29119.0
Thái  Nguyên,2002,5318.0,4981.0,1460.0,11759.0
Thái  Nguyên,2003,5323.0,4851.0,1495.0,11669.0
Thái  Nguyên,2004,5150.0,4933.0,1628.0,11711.0
Thái  Nguyên,2005,4926.0,4850.0,1740.0,11516.0
Thái  Nguyên,2006,5084.0,4941.0,1712.0,11737.0
Thái  Nguyên,2007,4725.0,4722.0,1836.0,11283.0
Thái  Nguyên,2008,4788.0,4260.0,1629.0,10677.0
Thái  Nguyên,2009,4686.0,4345.0,1717.0,10748.0
Thái  Nguyên,2010,4852.0,4193.0,1696.0,10741.0
Thái  Nguyên,2011,4721.0,3681.0,2117.0,10519.0
Thái  Nguyên,2012,5120.0,3879.0,2084.0,11083.0
Thái  Nguyên,2013,5325.0,4028.0,2043.0,11396.0
Thái  Nguyên,2014,5414.0,4008.0,1942.0,11364.0
Thái  Nguyên,2015,5452.0,4010.0,2014.0,11476.0
Thái  Nguyên,2016,5508.0,3990.0,1942.0,11440.0
Thái  Nguyên,2017,5651.0,3918.0,1962.0,11531.0
Thái  Nguyên,2018,5378.0,3480.0,1986.0,10844.0
Thái  Nguyên,2019,5289.0,3570.0,1901.0,10760.0
Thái  Nguyên,2020,5191.0,3503.0,1841.0,10535.0
Thái  Nguyên,2021,4975.0,3399.0,1817.0,10191.0
Thái  Nguyên,2023,5038.0,3670.0,1852.0,10560.0
Thái Bình,2002,7309.0,7230.0,1874.0,16413.0
Thái Bình,2003,5843.0,6575.0,2024.0,14442.0
Thái Bình,2004,6886.0,7523.0,2114.0,16523.0
Thái Bình,2005,6726.0,7212.0,2059.0,15997.0
Thái Bình,2006,6578.0,7148.0,2305.0,16031.0
Thái Bình,2007,6460.0,6701.0,2379.0,15540.0
Thái Bình,2008,6492.0,6629.0,2585.0,15706.0
Thái Bình,2009,6695.0,6769.0,2798.0,16262.0
Thái Bình,2010,7195.0,6769.0,2461.0,16425.0
Thái Bình,2011,7352.0,6912.0,2448.0,16712.0
Thái Bình,2012,7195.0,6769.0,2371.0,16335.0
Thái Bình,2013,7305.0,6958.0,2467.0,16730.0
Thái Bình,2014,7357.0,6791.0,2593.0,16741.0
Thái Bình,2015,7264.0,6686.0,2363.0,16313.0
Thái Bình,2016,7170.0,6384.0,2423.0,15977.0
Thái Bình,2017,7035.0,6174.0,2472.0,15681.0
Thái Bình,2018,5688.0,4776.0,2109.0,12573.0
Thái Bình,2019,6276.0,5571.0,2205.0,14052.0
Thái Bình,2020,6038.0,5449.0,2222.0,13709.0
Thái Bình,2021,5947.0,5401.0,2167.0,13515.0
Thái Bình,2023,5955.0,5353.0,2254.0,13562.0
Thừa Thiên-Huế,2002,4517.0,3486.0,1481.0,9484.0
Thừa Thiên-Huế,2003,4668.0,3927.0,1544.0,10139.0
Thừa Thiên-Huế,2004,4728.0,4040.0,2134.0,10902.0
Thừa Thiên-Huế,2005,4569.0,4312.0,1725.0,10606.0
Thừa Thiên-Huế,2006,4575.0,4578.0,1842.0,10995.0
Thừa Thiên-Huế,2007,4809.0,4753.0,2241.0,11803.0
Thừa Thiên-Huế,2008,5299.0,4711.0,2268.0,12278.0
Thừa Thiên-Huế,2009,4976.0,4785.0,2396.0,12157.0
Thừa Thiên-Huế,2010,5104.0,4797.0,2501.0,12402.0
Thừa Thiên-Huế,2011,5277.0,4468.0,2420.0,12165.0
Thừa Thiên-Huế,2012,5254.0,4938.0,2491.0,12683.0
Thừa Thiên-Huế,2013,5276.0,4808.0,2501.0,12585.0
Thừa Thiên-Huế,2014,5179.0,4615.0,2489.0,12283.0
Thừa Thiên-Huế,2015,5084.0,4450.0,2435.0,11969.0
Thừa Thiên-Huế,2016,5055.0,4324.0,2441.0,11820.0
Thừa Thiên-Huế,2017,5049.0,4259.0,2444.0,11752.0
Thừa Thiên-Huế,2018,4902.0,3939.0,2183.0,11024.0
Thừa Thiên-Huế,2019,4844.0,3793.0,2210.0,10847.0
Thừa Thiên-Huế,2020,4756.0,3811.0,2244.0,10811.0
Thừa Thiên-Huế,2021,4881.0,3732.0,2213.0,10826.0
Thừa Thiên-Huế,2023,5014.0,3777.0,2211.0,11002.0
Tiền Giang,2002,5527.0,4729.0,1353.0,11609.0
Tiền Giang,2003,5544.0,4914.0,1474.0,11932.0
Tiền Giang,2004,5369.0,4949.0,1592.0,11910.0
Tiền Giang,2005,5252.0,5132.0,1860.0,12244.0
Tiền Giang,2006,5024.0,5014.0,1870.0,11908.0
Tiền Giang,2007,5144.0,4934.0,2043.0,12121.0
Tiền Giang,2008,5397.0,4995.0,2041.0,12433.0
Tiền Giang,2009,5570.0,5007.0,2096.0,12673.0
Tiền Giang,2010,5806.0,4909.0,2190.0,12905.0
Tiền Giang,2011,5959.0,4852.0,2170.0,12981.0
Tiền Giang,2012,6050.0,4840.0,2157.0,13047.0
Tiền Giang,2013,6169.0,4789.0,2144.0,13102.0
Tiền Giang,2014,6287.0,4913.0,2142.0,13342.0
Tiền Giang,2015,6251.0,4992.0,2168.0,13411.0
Tiền Giang,2016,6277.0,4883.0,2152.0,13312.0
Tiền Giang,2017,6153.0,4877.0,2110.0,13140.0
Tiền Giang,2018,6222.0,4794.0,2000.0,13016.0
Tiền Giang,2019,5938.0,4661.0,2069.0,12668.0
Tiền Giang,2020,5868.0,4572.0,2080.0,12520.0
Tiền Giang,2021,5693.0,4385.0,2035.0,12113.0
Tiền Giang,2023,5419.0,4186.0,2028.0,11633.0
Trung du và miền núi phía Bắc,2002,68214.0,44379.0,11469.0,124062.0
Trung du và miền núi phía Bắc,2003,69220.0,47869.0,13160.0,130249.0
Trung du và miền núi phía Bắc,2004,67661.0,50346.0,14536.0,132543.0
Trung du và miền núi phía Bắc,2005,67063.0,51799.0,15840.0,134702.0
Trung du và miền núi phía Bắc,2006,64932.0,53115.0,17130.0,135177.0
Trung du và miền núi phía Bắc,2007,65079.0,53972.0,18298.0,137349.0
Trung du và miền núi phía Bắc,2008,65168.0,53325.0,18933.0,137426.0
Trung du và miền núi phía Bắc,2009,66456.0,53199.0,19656.0,139311.0
Trung du và miền núi phía Bắc,2010,69174.0,53733.0,19910.0,142817.0
Trung du và miền núi phía Bắc,2011,67979.0,51242.0,20045.0,139266.0
Trung du và miền núi phía Bắc,2012,71514.0,52589.0,20125.0,144228.0
Trung du và miền núi phía Bắc,2013,71863.0,52116.0,20052.0,144031.0
Trung du và miền núi phía Bắc,2014,72170.0,51487.0,19751.0,143408.0
Trung du và miền núi phía Bắc,2015,72540.0,51115.0,19843.0,143498.0
Trung du và miền núi phía Bắc,2016,71897.0,50768.0,19657.0,142322.0
Trung du và miền núi phía Bắc,2017,71668.0,49888.0,19517.0,141073.0
Trung du và miền núi phía Bắc,2018,69351.0,47070.0,18586.0,135007.0
Trung du và miền núi phía Bắc,2019,68161.0,46239.0,19121.0,133521.0
Trung du và miền núi phía Bắc,2020,68648.0,46078.0,19114.0,133840.0
Trung du và miền núi phía Bắc,2021,67259.0,45513.0,18974.0,131746.0
Trung du và miền núi phía Bắc,2023,67008.0,46112.0,19398.0,132518.0
Trà Vinh,2002,4487.0,2905.0,1229.0,8621.0
Trà Vinh,2003,4643.0,3382.0,1355.0,9380.0
Trà Vinh,2004,4569.0,3876.0,1517.0,9962.0
Trà Vinh,2005,4495.0,3834.0,1576.0,9905.0
Trà Vinh,2006,4376.0,3564.0,1695.0,9635.0
Trà Vinh,2007,4485.0,3486.0,1786.0,9757.0
Trà Vinh,2008,4417.0,3513.0,1823.0,9753.0
Trà Vinh,2009,4560.0,3437.0,1742.0,9739.0
Trà Vinh,2010,4732.0,3525.0,1754.0,10011.0
Trà Vinh,2011,4704.0,3490.0,1706.0,9900.0
Trà Vinh,2012,4905.0,3518.0,1697.0,10120.0
Trà Vinh,2013,4945.0,3442.0,1673.0,10060.0
Trà Vinh,2014,5011.0,3488.0,1685.0,10184.0
Trà Vinh,2015,5070.0,3515.0,1689.0,10274.0
Trà Vinh,2016,5079.0,3555.0,1677.0,10311.0
Trà Vinh,2017,5067.0,3564.0,1681.0,10312.0
Trà Vinh,2018,5105.0,3480.0,1685.0,10270.0
Trà Vinh,2019,4873.0,3413.0,1710.0,9996.0
Trà Vinh,2020,4762.0,3370.0,1635.0,9767.0
Trà Vinh,2021,4611.0,3315.0,1588.0,9514.0
Trà Vinh,2023,4706.0,3300.0,1610.0,9616.0
Tuyên Quang,2002,4547.0,3302.0,1006.0,8855.0
Tuyên Quang,2003,4475.0,3387.0,1292.0,9154.0
Tuyên Quang,2004,4349.0,3464.0,1415.0,9228.0
Tuyên Quang,2005,4277.0,3482.0,1595.0,9354.0
Tuyên Quang,2006,4010.0,3390.0,1683.0,9083.0
Tuyên Quang,2007,3966.0,3294.0,1603.0,8863.0
Tuyên Quang,2008,3817.0,3035.0,1586.0,8438.0
Tuyên Quang,2009,3851.0,3097.0,1549.0,8497.0
Tuyên Quang,2010,3858.0,3011.0,1505.0,8374.0
Tuyên Quang,2011,3319.0,2566.0,1491.0,7376.0
Tuyên Quang,2012,3909.0,2922.0,1464.0,8295.0
Tuyên Quang,2013,3923.0,2880.0,1450.0,8253.0
Tuyên Quang,2014,3942.0,2826.0,1409.0,8177.0
Tuyên Quang,2015,3998.0,2837.0,1448.0,8283.0
Tuyên Quang,2016,4046.0,2831.0,1383.0,8260.0
Tuyên Quang,2017,4030.0,2717.0,1366.0,8113.0
Tuyên Quang,2018,3580.0,2087.0,1118.0,6785.0
Tuyên Quang,2019,3685.0,2438.0,1376.0,7499.0
Tuyên Quang,2020,3897.0,2493.0,1368.0,7758.0
Tuyên Quang,2021,3850.0,2333.0,1348.0,7531.0
Tuyên Quang,2023,3999.0,2484.0,1360.0,7843.0
Tây Nguyên,2002,24572.0,14887.0,4509.0,43968.0
Tây Nguyên,2003,25574.0,16350.0,5253.0,47177.0
Tây Nguyên,2004,25889.0,17783.0,5956.0,49628.0
Tây Nguyên,2005,25949.0,19086.0,6900.0,51935.0
Tây Nguyên,2006,25733.0,19545.0,8059.0,53337.0
Tây Nguyên,2007,26038.0,20564.0,8980.0,55582.0
Tây Nguyên,2008,26373.0,21200.0,9225.0,56798.0
Tây Nguyên,2009,26450.0,21735.0,9959.0,58144.0
Tây Nguyên,2010,28197.0,22273.0,10240.0,60710.0
Tây Nguyên,2011,28167.0,21965.0,10448.0,60580.0
Tây Nguyên,2012,30294.0,23027.0,10212.0,63533.0
Tây Nguyên,2013,30561.0,22941.0,11056.0,64558.0
Tây Nguyên,2014,31468.0,22996.0,10948.0,65412.0
Tây Nguyên,2015,31734.0,22981.0,10848.0,65563.0
Tây Nguyên,2016,31945.0,22900.0,10825.0,65670.0
Tây Nguyên,2017,31791.0,22540.0,10775.0,65106.0
Tây Nguyên,2018,30962.0,21271.0,9715.0,61948.0
Tây Nguyên,2019,29539.0,21152.0,10455.0,61146.0
Tây Nguyên,2020,29427.0,21042.0,10395.0,60864.0
Tây Nguyên,2021,28814.0,20650.0,10265.0,59729.0
Tây Nguyên,2023,27771.0,20044.0,10404.0,58219.0
Tây Ninh,2002,4766.0,3036.0,753.0,8555.0
Tây Ninh,2003,4741.0,3297.0,852.0,8890.0
Tây Ninh,2004,4777.0,3495.0,864.0,9136.0
Tây Ninh,2005,4660.0,3543.0,984.0,9187.0
Tây Ninh,2006,4455.0,3563.0,1127.0,9145.0
Tây Ninh,2007,4401.0,3497.0,1156.0,9054.0
Tây Ninh,2008,4533.0,3486.0,1286.0,9305.0
Tây Ninh,2009,4437.0,3451.0,1375.0,9263.0
Tây Ninh,2010,4542.0,3372.0,1410.0,9324.0
Tây Ninh,2011,4564.0,3313.0,1369.0,9246.0
Tây Ninh,2012,4819.0,3253.0,1405.0,9477.0
Tây Ninh,2013,4551.0,3286.0,1378.0,9215.0
Tây Ninh,2014,4694.0,3255.0,1425.0,9374.0
Tây Ninh,2015,4781.0,3352.0,1415.0,9548.0
Tây Ninh,2016,4831.0,3319.0,1417.0,9567.0
Tây Ninh,2017,4816.0,3281.0,1409.0,9506.0
Tây Ninh,2018,4836.0,3304.0,1365.0,9505.0
Tây Ninh,2019,4472.0,3163.0,1361.0,8996.0
Tây Ninh,2020,4503.0,3010.0,1371.0,8884.0
Tây Ninh,2021,4353.0,2914.0,1380.0,8647.0
Tây Ninh,2023,4298.0,2826.0,1405.0,8529.0
Vĩnh Long,2002,3839.0,3083.0,1051.0,7973.0
Vĩnh Long,2003,4038.0,3894.0,1250.0,9182.0
Vĩnh Long,2004,4166.0,3469.0,1453.0,9088.0
Vĩnh Long,2005,3749.0,3420.0,1723.0,8892.0
Vĩnh Long,2006,3808.0,3548.0,1910.0,9266.0
Vĩnh Long,2007,3904.0,3569.0,2118.0,9591.0
Vĩnh Long,2008,4057.0,3587.0,2136.0,9780.0
Vĩnh Long,2009,4085.0,3574.0,2174.0,9833.0
Vĩnh Long,2010,4172.0,3538.0,2196.0,9906.0
Vĩnh Long,2011,3999.0,3530.0,2190.0,9719.0
Vĩnh Long,2012,4326.0,3537.0,2170.0,10033.0
Vĩnh Long,2013,4333.0,3512.0,2135.0,9980.0
Vĩnh Long,2014,4165.0,3515.0,2067.0,9747.0
Vĩnh Long,2015,4188.0,3505.0,2029.0,9722.0
Vĩnh Long,2016,4192.0,3488.0,2060.0,9740.0
Vĩnh Long,2017,4131.0,3407.0,2056.0,9594.0
Vĩnh Long,2018,4196.0,3343.0,2018.0,9557.0
Vĩnh Long,2019,3979.0,3237.0,1988.0,9204.0
Vĩnh Long,2020,3905.0,3108.0,1966.0,8979.0
Vĩnh Long,2021,3785.0,3094.0,1956.0,8835.0
Vĩnh Long,2023,3639.0,3041.0,1931.0,8611.0
Vĩnh Phúc,2002,4725.0,4773.0,1520.0,11018.0
Vĩnh Phúc,2003,4647.0,5118.0,1773.0,11538.0
Vĩnh Phúc,2004,4565.0,5232.0,1909.0,11706.0
Vĩnh Phúc,2005,4451.0,5268.0,2026.0,11745.0
Vĩnh Phúc,2006,4293.0,5046.0,1993.0,11332.0
Vĩnh Phúc,2007,4464.0,5255.0,2182.0,11901.0
Vĩnh Phúc,2008,3705.0,4370.0,1900.0,9975.0
Vĩnh Phúc,2009,3807.0,4431.0,1827.0,10065.0
Vĩnh Phúc,2010,3903.0,4274.0,1999.0,10176.0
Vĩnh Phúc,2011,3826.0,4260.0,2059.0,10145.0
Vĩnh Phúc,2012,4088.0,4131.0,2014.0,10233.0
Vĩnh Phúc,2013,4311.0,4204.0,2102.0,10617.0
Vĩnh Phúc,2014,4225.0,4133.0,2054.0,10412.0
Vĩnh Phúc,2015,4469.0,4081.0,2079.0,10629.0
Vĩnh Phúc,2016,4362.0,3832.0,2015.0,10209.0
Vĩnh Phúc,2017,4633.0,3754.0,1973.0,10360.0
Vĩnh Phúc,2018,4169.0,3486.0,1887.0,9542.0
Vĩnh Phúc,2019,4539.0,3549.0,1871.0,9959.0
Vĩnh Phúc,2020,4785.0,3562.0,1860.0,10207.0
Vĩnh Phúc,2021,4785.0,3531.0,1841.0,10157.0
Vĩnh Phúc,2023,4933.0,3712.0,1939.0,10584.0
Yên Bái,2002,4579.0,3167.0,873.0,8619.0
Yên Bái,2003,4419.0,3210.0,953.0,8582.0
Yên Bái,2004,4195.0,3471.0,1077.0,8743.0
Yên Bái,2005,4029.0,3514.0,1173.0,8716.0
Yên Bái,2006,3843.0,3532.0,1294.0,8669.0
Yên Bái,2007,3810.0,3496.0,1369.0,8675.0
Yên Bái,2008,3745.0,3385.0,1383.0,8513.0
Yên Bái,2009,3812.0,3421.0,1382.0,8615.0
Yên Bái,2010,3998.0,3298.0,1313.0,8609.0
Yên Bái,2011,4199.0,3312.0,1340.0,8851.0
Yên Bái,2012,4273.0,3289.0,1259.0,8821.0
Yên Bái,2013,4238.0,3194.0,1261.0,8693.0
Yên Bái,2014,4204.0,3160.0,1230.0,8594.0
Yên Bái,2015,4149.0,3082.0,1190.0,8421.0
Yên Bái,2016,4092.0,3014.0,1143.0,8249.0
Yên Bái,2017,3984.0,2886.0,1102.0,7972.0
Yên Bái,2018,3904.0,2940.0,1045.0,7889.0
Yên Bái,2019,3790.0,2812.0,1040.0,7642.0
Yên Bái,2020,3743.0,2715.0,1019.0,7477.0
Yên Bái,2021,3680.0,2629.0,1005.0,7314.0
Yên Bái,2023,3704.0,2700.0,1048.0,7452.0
Ðồng bằng sông Hồng,2002,71070.0,72011.0,24587.0,167668.0
Ðồng bằng sông Hồng,2003,69712.0,73126.0,27426.0,170264.0
Ðồng bằng sông Hồng,2004,69448.0,74501.0,27578.0,171527.0
Ðồng bằng sông Hồng,2005,67727.0,74500.0,29289.0,171516.0
Ðồng bằng sông Hồng,2006,67097.0,73237.0,31281.0,171615.0
Ðồng bằng sông Hồng,2007,66169.0,72370.0,33508.0,172047.0
Ðồng bằng sông Hồng,2008,66438.0,71285.0,34854.0,172577.0
Ðồng bằng sông Hồng,2009,68484.0,71508.0,35908.0,175900.0
Ðồng bằng sông Hồng,2010,70767.0,70116.0,37342.0,178225.0
Ðồng bằng sông Hồng,2011,70407.0,69102.0,36211.0,175720.0
Ðồng bằng sông Hồng,2012,73331.0,69339.0,36434.0,179104.0
Ðồng bằng sông Hồng,2013,75466.0,69449.0,36020.0,180935.0
Ðồng bằng sông Hồng,2014,76702.0,68255.0,35774.0,180731.0
Ðồng bằng sông Hồng,2015,78060.0,68769.0,34596.0,181425.0
Ðồng bằng sông Hồng,2016,79154.0,68401.0,34853.0,182408.0
Ðồng bằng sông Hồng,2017,79691.0,66739.0,34842.0,181272.0
Ðồng bằng sông Hồng,2018,76460.0,59356.0,30312.0,166128.0
Ðồng bằng sông Hồng,2019,77864.0,61614.0,32348.0,171826.0
Ðồng bằng sông Hồng,2020,81268.0,64233.0,33086.0,178587.0
Ðồng bằng sông Hồng,2021,81902.0,64861.0,33342.0,180105.0
Ðồng bằng sông Hồng,2023,82258.0,65792.0,34101.0,182151.0
Điện Biên,2004,3731.0,2036.0,539.0,6306.0
Điện Biên,2005,3747.0,2224.0,670.0,6641.0
Điện Biên,2006,3977.0,2363.0,738.0,7078.0
Điện Biên,2007,3650.0,2498.0,891.0,7039.0
Điện Biên,2008,3892.0,2796.0,874.0,7562.0
Điện Biên,2009,4056.0,2799.0,998.0,7853.0
Điện Biên,2010,4453.0,2897.0,1045.0,8395.0
Điện Biên,2011,4414.0,2645.0,1049.0,8108.0
Điện Biên,2012,5174.0,2989.0,1143.0,9306.0
Điện Biên,2013,4805.0,2669.0,1173.0,8647.0
Điện Biên,2014,4699.0,2609.0,1157.0,8465.0
Điện Biên,2015,4729.0,2587.0,1190.0,8506.0
Điện Biên,2016,4535.0,2742.0,1182.0,8459.0
Điện Biên,2017,4408.0,2752.0,1178.0,8338.0
Điện Biên,2018,4393.0,2809.0,1190.0,8392.0
Điện Biên,2019,4202.0,2724.0,1191.0,8117.0
Điện Biên,2020,4184.0,2758.0,1179.0,8121.0
Điện Biên,2021,4101.0,2713.0,1212.0,8026.0
Điện Biên,2023,3996.0,2740.0,1232.0,7968.0
Đà Nẵng,2002,2745.0,2588.0,1087.0,6420.0
Đà Nẵng,2003,2808.0,2654.0,1162.0,6624.0
Đà Nẵng,2004,2839.0,2781.0,1228.0,6848.0
Đà Nẵng,2005,2799.0,2834.0,1410.0,7043.0
Đà Nẵng,2006,2740.0,2797.0,1496.0,7033.0
Đà Nẵng,2007,2809.0,2852.0,1588.0,7249.0
Đà Nẵng,2008,2815.0,2840.0,1616.0,7271.0
Đà Nẵng,2009,2870.0,2828.0,1629.0,7327.0
Đà Nẵng,2010,2961.0,2765.0,1686.0,7412.0
Đà Nẵng,2011,2978.0,2754.0,1690.0,7422.0
Đà Nẵng,2012,3074.0,2813.0,1691.0,7578.0
Đà Nẵng,2013,3112.0,2721.0,1701.0,7534.0
Đà Nẵng,2014,3493.0,2775.0,1710.0,7978.0
Đà Nẵng,2015,3560.0,2774.0,1694.0,8028.0
Đà Nẵng,2016,3613.0,2792.0,1737.0,8142.0
Đà Nẵng,2017,3813.0,2942.0,1790.0,8545.0
Đà Nẵng,2018,3540.0,2659.0,1696.0,7895.0
Đà Nẵng,2019,4058.0,3011.0,1828.0,8897.0
Đà Nẵng,2020,3947.0,2959.0,1989.0,8895.0
Đà Nẵng,2021,4130.0,3074.0,2041.0,9245.0
Đà Nẵng,2023,4418.0,3256.0,2037.0,9711.0
Đông Nam Bộ,2002,37412.0,28294.0,11110.0,76816.0
Đông Nam Bộ,2003,38224.0,30046.0,12149.0,80419.0
Đông Nam Bộ,2004,38907.0,30971.0,12831.0,82709.0
Đông Nam Bộ,2005,38644.0,32604.0,14376.0,85624.0
Đông Nam Bộ,2006,38313.0,32655.0,15643.0,86611.0
Đông Nam Bộ,2007,38697.0,33902.0,17103.0,89702.0
Đông Nam Bộ,2008,39576.0,34853.0,18433.0,92862.0
Đông Nam Bộ,2009,40672.0,34888.0,20127.0,95687.0
Đông Nam Bộ,2010,40974.0,34904.0,19219.0,95097.0
Đông Nam Bộ,2011,42604.0,36599.0,21644.0,100847.0
Đông Nam Bộ,2012,43986.0,36431.0,22253.0,102670.0
Đông Nam Bộ,2013,46352.0,38221.0,22709.0,107282.0
Đông Nam Bộ,2014,48056.0,39266.0,23217.0,110539.0
Đông Nam Bộ,2015,49355.0,39949.0,23440.0,112744.0
Đông Nam Bộ,2016,50251.0,40407.0,23738.0,114396.0
Đông Nam Bộ,2017,51019.0,40949.0,24126.0,116094.0
Đông Nam Bộ,2018,48979.0,37808.0,18539.0,105326.0
Đông Nam Bộ,2019,52023.0,40156.0,22786.0,114965.0
Đông Nam Bộ,2020,52686.0,40384.0,23278.0,116348.0
Đông Nam Bộ,2021,52756.0,40339.0,23243.0,116338.0
Đông Nam Bộ,2023,53365.0,40804.0,23633.0,117802.0
Đắk Lắk,2002,10700.0,6123.0,1737.0,18560.0
Đắk Lắk,2003,11449.0,7008.0,2109.0,20566.0
Đắk Lắk,2004,9469.0,6424.0,2060.0,17953.0
Đắk Lắk,2005,9108.0,6564.0,2251.0,17923.0
Đắk Lắk,2006,9185.0,6757.0,2692.0,18634.0
Đắk Lắk,2007,9357.0,7253.0,3152.0,19762.0
Đắk Lắk,2008,9610.0,7439.0,3212.0,20261.0
Đắk Lắk,2009,9478.0,7546.0,3397.0,20421.0
Đắk Lắk,2010,9816.0,7672.0,3473.0,20961.0
Đắk Lắk,2011,10049.0,7560.0,3561.0,21170.0
Đắk Lắk,2012,10462.0,7751.0,3505.0,21718.0
Đắk Lắk,2013,10550.0,8022.0,3893.0,22465.0
Đắk Lắk,2014,10641.0,7887.0,3582.0,22110.0
Đắk Lắk,2015,10875.0,7898.0,3560.0,22333.0
Đắk Lắk,2016,10993.0,7944.0,3575.0,22512.0
Đắk Lắk,2017,10985.0,7828.0,3587.0,22400.0
Đắk Lắk,2018,10723.0,7141.0,2711.0,20575.0
Đắk Lắk,2019,10175.0,7164.0,3425.0,20764.0
Đắk Lắk,2020,9983.0,7054.0,3369.0,20406.0
Đắk Lắk,2021,9796.0,6944.0,3393.0,20133.0
Đắk Lắk,2023,9289.0,6593.0,3360.0,19242.0
Đắk Nông,2004,2226.0,1359.0,357.0,3942.0
Đắk Nông,2005,2582.0,1640.0,445.0,4667.0
Đắk Nông,2006,2308.0,1563.0,568.0,4439.0
Đắk Nông,2007,2528.0,1814.0,784.0,5126.0
Đắk Nông,2008,2657.0,1969.0,887.0,5513.0
Đắk Nông,2009,2760.0,2014.0,935.0,5709.0
Đắk Nông,2010,2973.0,2123.0,1075.0,6171.0
Đắk Nông,2011,3033.0,2189.0,1100.0,6322.0
Đắk Nông,2012,3104.0,2232.0,1091.0,6427.0
Đắk Nông,2013,3312.0,2245.0,1168.0,6725.0
Đắk Nông,2014,3376.0,2302.0,1199.0,6877.0
Đắk Nông,2015,3337.0,2318.0,1209.0,6864.0
Đắk Nông,2016,3380.0,2296.0,1211.0,6887.0
Đắk Nông,2017,3339.0,2233.0,1205.0,6777.0
Đắk Nông,2018,3387.0,2306.0,1186.0,6879.0
Đắk Nông,2019,3049.0,2196.0,1216.0,6461.0
Đắk Nông,2020,3253.0,2262.0,1206.0,6721.0
Đắk Nông,2021,3170.0,2189.0,1192.0,6551.0
Đắk Nông,2023,3179.0,2193.0,1244.0,6616.0
Đồng Nai,2002,8231.0,5856.0,1986.0,16073.0
Đồng Nai,2003,8349.0,6165.0,2239.0,16753.0
Đồng Nai,2004,8287.0,6342.0,2257.0,16886.0
Đồng Nai,2005,8472.0,7014.0,2545.0,18031.0
Đồng Nai,2006,8458.0,6793.0,2886.0,18137.0
Đồng Nai,2007,8385.0,7080.0,3054.0,18519.0
Đồng Nai,2008,8413.0,7394.0,3300.0,19107.0
Đồng Nai,2009,8379.0,7843.0,3599.0,19821.0
Đồng Nai,2010,8800.0,7504.0,3687.0,19991.0
Đồng Nai,2011,8802.0,7513.0,3860.0,20175.0
Đồng Nai,2012,8923.0,7582.0,3828.0,20333.0
Đồng Nai,2013,9281.0,7697.0,3817.0,20795.0
Đồng Nai,2014,9528.0,7826.0,3917.0,21271.0
Đồng Nai,2015,9713.0,7959.0,3956.0,21628.0
Đồng Nai,2016,9911.0,7982.0,3898.0,21791.0
Đồng Nai,2017,10033.0,8051.0,3996.0,22080.0
Đồng Nai,2018,10493.0,8145.0,3360.0,21998.0
Đồng Nai,2019,10263.0,8078.0,3760.0,22101.0
Đồng Nai,2020,10186.0,8157.0,3776.0,22119.0
Đồng Nai,2021,10333.0,8256.0,3928.0,22517.0
Đồng Nai,2023,10220.0,8080.0,3889.0,22189.0
Đồng Tháp,2002,7207.0,4080.0,1315.0,12602.0
Đồng Tháp,2003,7129.0,4291.0,1542.0,12962.0
Đồng Tháp,2004,7006.0,4769.0,1875.0,13650.0
Đồng Tháp,2005,6986.0,4974.0,2114.0,14074.0
Đồng Tháp,2006,6868.0,5053.0,2270.0,14191.0
Đồng Tháp,2007,6747.0,5050.0,2350.0,14147.0
Đồng Tháp,2008,6581.0,5021.0,2434.0,14036.0
Đồng Tháp,2009,6878.0,5076.0,2812.0,14766.0
Đồng Tháp,2010,7045.0,5122.0,2704.0,14871.0
Đồng Tháp,2011,6951.0,5423.0,2544.0,14918.0
Đồng Tháp,2012,7168.0,5012.0,2541.0,14721.0
Đồng Tháp,2013,7293.0,5016.0,2511.0,14820.0
Đồng Tháp,2014,7319.0,5023.0,2482.0,14824.0
Đồng Tháp,2015,7244.0,4974.0,2465.0,14683.0
Đồng Tháp,2016,7242.0,4971.0,2421.0,14634.0
Đồng Tháp,2017,7170.0,5006.0,2453.0,14629.0
Đồng Tháp,2018,7245.0,4990.0,2417.0,14652.0
Đồng Tháp,2019,6762.0,4789.0,2407.0,13958.0
Đồng Tháp,2020,6674.0,4738.0,2445.0,13857.0
Đồng Tháp,2021,6289.0,4608.0,2476.0,13373.0
Đồng Tháp,2023,6125.0,4503.0,2517.0,13145.0
Đồng bằng sông Cửu Long,2002,71902.0,42997.0,12747.0,127646.0
Đồng bằng sông Cửu Long,2003,72816.0,47655.0,14820.0,135291.0
Đồng bằng sông Cửu Long,2004,72140.0,49525.0,16535.0,138200.0
Đồng bằng sông Cửu Long,2005,70155.0,51592.0,18802.0,140549.0
Đồng bằng sông Cửu Long,2006,69266.0,52358.0,21064.0,142688.0
Đồng bằng sông Cửu Long,2007,69427.0,53019.0,22069.0,144515.0
Đồng bằng sông Cửu Long,2008,69024.0,53729.0,23099.0,145852.0
Đồng bằng sông Cửu Long,2009,70689.0,54124.0,24161.0,148974.0
Đồng bằng sông Cửu Long,2010,72344.0,53966.0,24611.0,150921.0
Đồng bằng sông Cửu Long,2011,72436.0,54092.0,24497.0,151025.0
Đồng bằng sông Cửu Long,2012,75776.0,54733.0,24831.0,155340.0
Đồng bằng sông Cửu Long,2013,75938.0,54470.0,25295.0,155703.0
Đồng bằng sông Cửu Long,2014,76999.0,54439.0,25153.0,156591.0
Đồng bằng sông Cửu Long,2015,77277.0,54837.0,25086.0,157200.0
Đồng bằng sông Cửu Long,2016,76792.0,54584.0,24852.0,156228.0
Đồng bằng sông Cửu Long,2017,76116.0,54214.0,24774.0,155104.0
Đồng bằng sông Cửu Long,2018,75965.0,53364.0,24259.0,153588.0
Đồng bằng sông Cửu Long,2019,72143.0,51851.0,24502.0,148496.0
Đồng bằng sông Cửu Long,2020,71160.0,50994.0,24515.0,146669.0
Đồng bằng sông Cửu Long,2021,69226.0,50072.0,24483.0,143781.0
Đồng bằng sông Cửu Long,2023,67199.0,48799.0,24523.0,140521.0
