Ðịa phương,Năm,Tiểu học,Trung học cơ sở,Trung học phổ thông,Tổng số
An Giang,2002,7091.0,3073.0,1007.0,11171.0
An Giang,2003,6815.0,3128.0,1074.0,11017.0
An Giang,2004,6698.0,3207.0,1056.0,10961.0
An Giang,2005,6443.0,3660.0,1112.0,11215.0
An Giang,2006,6366.0,3152.0,1125.0,10643.0
An Giang,2007,6267.0,3025.0,1577.0,10869.0
An Giang,2008,6159.0,3183.0,1056.0,10398.0
An Giang,2009,6271.0,2950.0,1096.0,10317.0
An Giang,2010,6366.0,3047.0,1120.0,10533.0
An Giang,2011,6448.0,3091.0,1188.0,10727.0
An Giang,2012,6527.0,3113.0,1239.0,10879.0
An Giang,2013,6579.0,3189.0,1218.0,10986.0
An Giang,2014,6664.0,3273.0,1213.0,11150.0
An Giang,2015,6673.0,3356.0,1221.0,11250.0
An Giang,2016,6605.0,3371.0,1262.0,11238.0
An Giang,2017,6562.0,3441.0,1269.0,11272.0
An Giang,2018,6503.0,3470.0,1239.0,11212.0
An Giang,2019,6413.0,3483.0,1261.0,11157.0
An Giang,2020,6244.0,3518.0,1302.0,11064.0
An Giang,2021,6149.0,3486.0,1333.0,10968.0
An Giang,2023,5735.0,3414.0,1354.0,10503.0
Bà Rịa - Vũng Tàu,2002,3119.0,1684.0,619.0,5422.0
Bà Rịa - Vũng Tàu,2003,3036.0,1684.0,638.0,5358.0
Bà Rịa - Vũng Tàu,2004,2936.0,1765.0,753.0,5454.0
Bà Rịa - Vũng Tàu,2005,2882.0,1831.0,836.0,5549.0
Bà Rịa - Vũng Tàu,2006,2852.0,1901.0,875.0,5628.0
Bà Rịa - Vũng Tàu,2007,2819.0,1865.0,891.0,5575.0
Bà Rịa - Vũng Tàu,2008,2830.0,1875.0,889.0,5594.0
Bà Rịa - Vũng Tàu,2009,2869.0,1861.0,882.0,5612.0
Bà Rịa - Vũng Tàu,2010,2983.0,1860.0,947.0,5790.0
Bà Rịa - Vũng Tàu,2011,3023.0,1870.0,902.0,5795.0
Bà Rịa - Vũng Tàu,2012,3035.0,1915.0,966.0,5916.0
Bà Rịa - Vũng Tàu,2013,3116.0,1965.0,936.0,6017.0
Bà Rịa - Vũng Tàu,2014,3171.0,2035.0,940.0,6146.0
Bà Rịa - Vũng Tàu,2015,3187.0,2072.0,947.0,6206.0
Bà Rịa - Vũng Tàu,2016,3219.0,2107.0,954.0,6280.0
Bà Rịa - Vũng Tàu,2017,3400.0,2108.0,956.0,6464.0
Bà Rịa - Vũng Tàu,2018,3203.0,2061.0,952.0,6216.0
Bà Rịa - Vũng Tàu,2019,3214.0,2039.0,948.0,6201.0
Bà Rịa - Vũng Tàu,2020,3245.0,2071.0,964.0,6280.0
Bà Rịa - Vũng Tàu,2021,3307.0,2105.0,954.0,6366.0
Bà Rịa - Vũng Tàu,2023,3197.0,2131.0,986.0,6314.0
Bình Dương,2002,2520.0,1319.0,559.0,4398.0
Bình Dương,2003,2514.0,1348.0,573.0,4435.0
Bình Dương,2004,2459.0,1357.0,622.0,4438.0
Bình Dương,2005,2433.0,1352.0,678.0,4463.0
Bình Dương,2006,2422.0,1384.0,686.0,4492.0
Bình Dương,2007,2423.0,1379.0,649.0,4451.0
Bình Dương,2008,2516.0,1372.0,618.0,4506.0
Bình Dương,2009,2698.0,1376.0,610.0,4684.0
Bình Dương,2010,2769.0,1383.0,623.0,4775.0
Bình Dương,2011,3057.0,1479.0,647.0,5183.0
Bình Dương,2012,3107.0,1561.0,648.0,5316.0
Bình Dương,2013,3370.0,1715.0,704.0,5789.0
Bình Dương,2014,3597.0,1922.0,739.0,6258.0
Bình Dương,2015,4046.0,2062.0,772.0,6880.0
Bình Dương,2016,4117.0,2249.0,835.0,7201.0
Bình Dương,2017,4521.0,2435.0,851.0,7807.0
Bình Dương,2018,4647.0,2546.0,856.0,8049.0
Bình Dương,2019,4897.0,2779.0,878.0,8554.0
Bình Dương,2020,5030.0,2971.0,907.0,8908.0
Bình Dương,2021,5312.0,3082.0,943.0,9337.0
Bình Dương,2023,5281.0,3287.0,1083.0,9651.0
Bình Phước,2002,3525.0,1511.0,416.0,5452.0
Bình Phước,2003,3572.0,1602.0,468.0,5642.0
Bình Phước,2004,3483.0,1662.0,545.0,5690.0
Bình Phước,2005,3330.0,1658.0,645.0,5633.0
Bình Phước,2006,3352.0,1681.0,669.0,5702.0
Bình Phước,2007,3394.0,1679.0,694.0,5767.0
Bình Phước,2008,3446.0,1646.0,700.0,5792.0
Bình Phước,2009,3469.0,1640.0,741.0,5850.0
Bình Phước,2010,3629.0,1651.0,743.0,6023.0
Bình Phước,2011,3608.0,1704.0,775.0,6087.0
Bình Phước,2012,3590.0,1576.0,800.0,5966.0
Bình Phước,2013,3772.0,1983.0,799.0,6554.0
Bình Phước,2014,3683.0,1881.0,815.0,6379.0
Bình Phước,2015,3653.0,1858.0,833.0,6344.0
Bình Phước,2016,3625.0,1866.0,840.0,6331.0
Bình Phước,2017,3574.0,1868.0,850.0,6292.0
Bình Phước,2018,3548.0,1906.0,868.0,6322.0
Bình Phước,2019,3546.0,1901.0,857.0,6304.0
Bình Phước,2020,3509.0,1921.0,861.0,6291.0
Bình Phước,2021,3532.0,1891.0,882.0,6305.0
Bình Phước,2023,3410.0,1884.0,881.0,6175.0
Bình Thuận,2002,4818.0,2115.0,647.0,7580.0
Bình Thuận,2003,4795.0,2343.0,730.0,7868.0
Bình Thuận,2004,4579.0,2488.0,790.0,7857.0
Bình Thuận,2005,4385.0,2575.0,918.0,7878.0
Bình Thuận,2006,4193.0,2568.0,964.0,7725.0
Bình Thuận,2007,4084.0,2475.0,975.0,7534.0
Bình Thuận,2008,4049.0,2464.0,1000.0,7513.0
Bình Thuận,2009,4288.0,2445.0,1019.0,7752.0
Bình Thuận,2010,4388.0,2381.0,1030.0,7799.0
Bình Thuận,2011,4132.0,2379.0,1018.0,7529.0
Bình Thuận,2012,4106.0,2369.0,1091.0,7566.0
Bình Thuận,2013,4138.0,2406.0,1068.0,7612.0
Bình Thuận,2014,4127.0,2446.0,979.0,7552.0
Bình Thuận,2015,4150.0,2445.0,949.0,7544.0
Bình Thuận,2016,4014.0,2266.0,938.0,7218.0
Bình Thuận,2017,4040.0,2304.0,935.0,7279.0
Bình Thuận,2018,4175.0,2300.0,939.0,7414.0
Bình Thuận,2019,4155.0,2280.0,908.0,7343.0
Bình Thuận,2020,4169.0,2305.0,940.0,7414.0
Bình Thuận,2021,4247.0,2268.0,951.0,7466.0
Bình Thuận,2023,4182.0,2305.0,970.0,7457.0
Bình Ðịnh,2002,5729.0,2928.0,953.0,9610.0
Bình Ðịnh,2003,5504.0,3136.0,1040.0,9680.0
Bình Ðịnh,2004,5289.0,3310.0,1151.0,9750.0
Bình Ðịnh,2005,4995.0,3278.0,1253.0,9526.0
Bình Ðịnh,2006,4836.0,3258.0,1349.0,9443.0
Bình Ðịnh,2007,4704.0,3108.0,1464.0,9276.0
Bình Ðịnh,2008,4601.0,3018.0,1571.0,9190.0
Bình Ðịnh,2009,4630.0,2905.0,1567.0,9102.0
Bình Ðịnh,2010,4628.0,2787.0,1561.0,8976.0
Bình Ðịnh,2011,4613.0,2712.0,1518.0,8843.0
Bình Ðịnh,2012,4555.0,2650.0,1516.0,8721.0
Bình Ðịnh,2013,4734.0,2624.0,1423.0,8781.0
Bình Ðịnh,2014,4532.0,2659.0,1351.0,8542.0
Bình Ðịnh,2015,4510.0,3216.0,1322.0,9048.0
Bình Ðịnh,2016,4454.0,2674.0,1341.0,8469.0
Bình Ðịnh,2017,4433.0,2691.0,1342.0,8466.0
Bình Ðịnh,2018,4347.0,2655.0,1321.0,8323.0
Bình Ðịnh,2019,4207.0,2667.0,1332.0,8206.0
Bình Ðịnh,2020,4279.0,2688.0,1322.0,8289.0
Bình Ðịnh,2021,4334.0,2601.0,1336.0,8271.0
Bình Ðịnh,2023,4240.0,2629.0,1389.0,8258.0
Bạc Liêu,2002,3506.0,1281.0,347.0,5134.0
Bạc Liêu,2003,3428.0,1325.0,406.0,5159.0
Bạc Liêu,2004,3315.0,1344.0,412.0,5017.0
Bạc Liêu,2005,3073.0,1287.0,448.0,4808.0
Bạc Liêu,2006,3048.0,1234.0,458.0,4740.0
Bạc Liêu,2007,2920.0,1257.0,452.0,4629.0
Bạc Liêu,2008,2886.0,1082.0,428.0,4396.0
Bạc Liêu,2009,2895.0,1039.0,401.0,4335.0
Bạc Liêu,2010,2911.0,1020.0,386.0,4317.0
Bạc Liêu,2011,2869.0,1045.0,389.0,4303.0
Bạc Liêu,2012,2781.0,1099.0,378.0,4258.0
Bạc Liêu,2013,2607.0,1156.0,356.0,4119.0
Bạc Liêu,2014,2559.0,1210.0,353.0,4122.0
Bạc Liêu,2015,2512.0,1218.0,370.0,4100.0
Bạc Liêu,2016,2450.0,1222.0,389.0,4061.0
Bạc Liêu,2017,2448.0,1221.0,403.0,4072.0
Bạc Liêu,2018,2450.0,1204.0,410.0,4064.0
Bạc Liêu,2019,2412.0,1186.0,421.0,4019.0
Bạc Liêu,2020,2336.0,1209.0,439.0,3984.0
Bạc Liêu,2021,2289.0,1184.0,439.0,3912.0
Bạc Liêu,2023,2152.0,1216.0,466.0,3834.0
Bắc Giang,2002,6023.0,4392.0,1093.0,11508.0
Bắc Giang,2003,5664.0,3766.0,1193.0,10623.0
Bắc Giang,2004,5356.0,3742.0,1293.0,10391.0
Bắc Giang,2005,5135.0,3556.0,1364.0,10055.0
Bắc Giang,2006,4979.0,3460.0,1478.0,9917.0
Bắc Giang,2007,4843.0,4165.0,1578.0,10586.0
Bắc Giang,2008,4816.0,3198.0,1383.0,9397.0
Bắc Giang,2009,5001.0,3259.0,1345.0,9605.0
Bắc Giang,2010,5102.0,3160.0,1239.0,9501.0
Bắc Giang,2011,5294.0,3138.0,1228.0,9660.0
Bắc Giang,2012,4950.0,3148.0,1229.0,9327.0
Bắc Giang,2013,4982.0,3125.0,1210.0,9317.0
Bắc Giang,2014,4970.0,3112.0,1204.0,9286.0
Bắc Giang,2015,5041.0,3095.0,1203.0,9339.0
Bắc Giang,2016,5115.0,3075.0,1213.0,9403.0
Bắc Giang,2017,5219.0,3074.0,1222.0,9515.0
Bắc Giang,2018,5311.0,3040.0,1238.0,9589.0
Bắc Giang,2019,5515.0,3042.0,1249.0,9806.0
Bắc Giang,2020,5692.0,3018.0,1273.0,9983.0
Bắc Giang,2021,5793.0,3104.0,1286.0,10183.0
Bắc Giang,2023,5746.0,3357.0,1336.0,10439.0
Bắc Kạn,2002,1723.0,809.0,218.0,2750.0
Bắc Kạn,2003,1677.0,822.0,246.0,2745.0
Bắc Kạn,2004,1613.0,808.0,278.0,2699.0
Bắc Kạn,2005,1542.0,798.0,296.0,2636.0
Bắc Kạn,2006,1410.0,757.0,303.0,2470.0
Bắc Kạn,2007,1434.0,744.0,289.0,2467.0
Bắc Kạn,2008,1703.0,692.0,247.0,2642.0
Bắc Kạn,2009,1456.0,665.0,263.0,2384.0
Bắc Kạn,2010,1504.0,649.0,291.0,2444.0
Bắc Kạn,2011,1555.0,616.0,255.0,2426.0
Bắc Kạn,2012,1587.0,617.0,248.0,2452.0
Bắc Kạn,2013,1488.0,603.0,244.0,2335.0
Bắc Kạn,2014,1490.0,612.0,239.0,2341.0
Bắc Kạn,2015,1489.0,629.0,239.0,2357.0
Bắc Kạn,2016,1482.0,622.0,218.0,2322.0
Bắc Kạn,2017,1483.0,631.0,217.0,2331.0
Bắc Kạn,2018,1435.0,634.0,212.0,2281.0
Bắc Kạn,2019,1457.0,628.0,208.0,2293.0
Bắc Kạn,2020,1449.0,631.0,203.0,2283.0
Bắc Kạn,2021,1442.0,641.0,203.0,2286.0
Bắc Kạn,2023,1334.0,697.0,207.0,2238.0
Bắc Ninh,2002,3149.0,2067.0,867.0,6083.0
Bắc Ninh,2003,3057.0,2123.0,900.0,6080.0
Bắc Ninh,2004,2932.0,2124.0,966.0,6022.0
Bắc Ninh,2005,2822.0,2086.0,1025.0,5933.0
Bắc Ninh,2006,2755.0,2021.0,1076.0,5852.0
Bắc Ninh,2007,2684.0,1952.0,1099.0,5735.0
Bắc Ninh,2008,2665.0,1916.0,1073.0,5654.0
Bắc Ninh,2009,2697.0,1889.0,1027.0,5613.0
Bắc Ninh,2010,2729.0,1872.0,989.0,5590.0
Bắc Ninh,2011,2728.0,1871.0,971.0,5570.0
Bắc Ninh,2012,2790.0,1863.0,966.0,5619.0
Bắc Ninh,2013,2870.0,1870.0,946.0,5686.0
Bắc Ninh,2014,2895.0,1890.0,924.0,5709.0
Bắc Ninh,2015,3063.0,1905.0,930.0,5898.0
Bắc Ninh,2016,3141.0,1934.0,923.0,5998.0
Bắc Ninh,2017,3203.0,1980.0,951.0,6134.0
Bắc Ninh,2018,3268.0,1986.0,897.0,6151.0
Bắc Ninh,2019,3423.0,2035.0,988.0,6446.0
Bắc Ninh,2020,3570.0,2119.0,1020.0,6709.0
Bắc Ninh,2021,3706.0,2172.0,1048.0,6926.0
Bắc Ninh,2023,3773.0,2445.0,1148.0,7366.0
Bắc Trung Bộ và Duyên hải miền Trung,2002,78675.0,43230.0,13554.0,135459.0
Bắc Trung Bộ và Duyên hải miền Trung,2003,74670.0,44743.0,14637.0,134050.0
Bắc Trung Bộ và Duyên hải miền Trung,2004,71460.0,47190.0,15734.0,134384.0
Bắc Trung Bộ và Duyên hải miền Trung,2005,67322.0,45807.0,17100.0,130229.0
Bắc Trung Bộ và Duyên hải miền Trung,2006,63988.0,44820.0,17759.0,126567.0
Bắc Trung Bộ và Duyên hải miền Trung,2007,62333.0,42918.0,18277.0,123528.0
Bắc Trung Bộ và Duyên hải miền Trung,2008,61511.0,40820.0,17914.0,120245.0
Bắc Trung Bộ và Duyên hải miền Trung,2009,61590.0,39001.0,17848.0,118439.0
Bắc Trung Bộ và Duyên hải miền Trung,2010,62025.0,37281.0,17699.0,117005.0
Bắc Trung Bộ và Duyên hải miền Trung,2011,61935.0,36771.0,17648.0,116354.0
Bắc Trung Bộ và Duyên hải miền Trung,2012,61369.0,35620.0,17249.0,114238.0
Bắc Trung Bộ và Duyên hải miền Trung,2013,62272.0,35318.0,16651.0,114241.0
Bắc Trung Bộ và Duyên hải miền Trung,2014,61569.0,35770.0,15960.0,113299.0
Bắc Trung Bộ và Duyên hải miền Trung,2015,61238.0,36574.0,15835.0,113647.0
Bắc Trung Bộ và Duyên hải miền Trung,2016,59888.0,34964.0,15934.0,110786.0
Bắc Trung Bộ và Duyên hải miền Trung,2017,60357.0,35426.0,16009.0,111792.0
Bắc Trung Bộ và Duyên hải miền Trung,2018,60877.0,33918.0,16025.0,110820.0
Bắc Trung Bộ và Duyên hải miền Trung,2019,61362.0,33813.0,15974.0,111149.0
Bắc Trung Bộ và Duyên hải miền Trung,2020,62228.0,34383.0,16140.0,112751.0
Bắc Trung Bộ và Duyên hải miền Trung,2021,64256.0,34061.0,16184.0,114501.0
Bắc Trung Bộ và Duyên hải miền Trung,2023,63333.0,36166.0,16640.0,116139.0
Bến Tre,2002,4251.0,2559.0,978.0,7788.0
Bến Tre,2003,4040.0,2546.0,1017.0,7603.0
Bến Tre,2004,3785.0,2488.0,1066.0,7339.0
Bến Tre,2005,3490.0,2365.0,1052.0,6907.0
Bến Tre,2006,3378.0,2329.0,1033.0,6740.0
Bến Tre,2007,3353.0,2232.0,984.0,6569.0
Bến Tre,2008,3329.0,2188.0,939.0,6456.0
Bến Tre,2009,3429.0,2074.0,933.0,6436.0
Bến Tre,2010,3465.0,2023.0,914.0,6402.0
Bến Tre,2011,3449.0,2029.0,869.0,6347.0
Bến Tre,2012,3456.0,2023.0,842.0,6321.0
Bến Tre,2013,3456.0,2053.0,800.0,6309.0
Bến Tre,2014,3404.0,2091.0,795.0,6290.0
Bến Tre,2015,3356.0,2088.0,787.0,6231.0
Bến Tre,2016,3243.0,2059.0,785.0,6087.0
Bến Tre,2017,3242.0,2053.0,781.0,6076.0
Bến Tre,2018,3285.0,2019.0,798.0,6102.0
Bến Tre,2019,3270.0,1995.0,797.0,6062.0
Bến Tre,2020,3171.0,1980.0,800.0,5951.0
Bến Tre,2021,3204.0,1919.0,765.0,5888.0
Bến Tre,2023,2965.0,1933.0,739.0,5637.0
Cao Bằng,2002,3781.0,1236.0,364.0,5381.0
Cao Bằng,2003,3653.0,1309.0,419.0,5381.0
Cao Bằng,2004,3687.0,1353.0,476.0,5516.0
Cao Bằng,2005,3547.0,1384.0,523.0,5454.0
Cao Bằng,2006,3558.0,1310.0,556.0,5424.0
Cao Bằng,2007,3359.0,1281.0,518.0,5158.0
Cao Bằng,2008,3245.0,1237.0,523.0,5005.0
Cao Bằng,2009,3075.0,1210.0,462.0,4747.0
Cao Bằng,2010,3131.0,1210.0,433.0,4774.0
Cao Bằng,2011,3233.0,1188.0,397.0,4818.0
Cao Bằng,2012,3224.0,1173.0,408.0,4805.0
Cao Bằng,2013,3156.0,1160.0,397.0,4713.0
Cao Bằng,2014,3140.0,1146.0,380.0,4666.0
Cao Bằng,2015,3085.0,1146.0,371.0,4602.0
Cao Bằng,2016,3075.0,1209.0,364.0,4648.0
Cao Bằng,2017,2960.0,1157.0,372.0,4489.0
Cao Bằng,2018,2802.0,1144.0,377.0,4323.0
Cao Bằng,2019,2774.0,1139.0,367.0,4280.0
Cao Bằng,2020,2716.0,1138.0,372.0,4226.0
Cao Bằng,2021,2690.0,1163.0,378.0,4231.0
Cao Bằng,2023,2572.0,1191.0,386.0,4149.0
Cà Mau,2002,6016.0,2007.0,520.0,8543.0
Cà Mau,2003,5836.0,2035.0,551.0,8422.0
Cà Mau,2004,5007.0,2011.0,588.0,7606.0
Cà Mau,2005,4698.0,1965.0,619.0,7282.0
Cà Mau,2006,4684.0,1916.0,630.0,7230.0
Cà Mau,2007,4684.0,1877.0,635.0,7196.0
Cà Mau,2008,4778.0,1762.0,620.0,7160.0
Cà Mau,2009,4789.0,1684.0,605.0,7078.0
Cà Mau,2010,4961.0,1681.0,627.0,7269.0
Cà Mau,2011,4958.0,1733.0,622.0,7313.0
Cà Mau,2012,4886.0,1782.0,630.0,7298.0
Cà Mau,2013,4859.0,1869.0,605.0,7333.0
Cà Mau,2014,4798.0,2044.0,657.0,7499.0
Cà Mau,2015,4780.0,2018.0,703.0,7501.0
Cà Mau,2016,4785.0,2041.0,753.0,7579.0
Cà Mau,2017,4356.0,1959.0,785.0,7100.0
Cà Mau,2018,3837.0,1784.0,779.0,6400.0
Cà Mau,2019,3868.0,1816.0,813.0,6497.0
Cà Mau,2020,3823.0,1851.0,817.0,6491.0
Cà Mau,2021,3832.0,1839.0,805.0,6476.0
Cà Mau,2023,3626.0,1843.0,848.0,6317.0
CẢ NƯỚC,2002,308807.0,161329.0,52131.0,522267.0
CẢ NƯỚC,2003,299418.0,165650.0,55784.0,520852.0
CẢ NƯỚC,2004,288903.0,170916.0,59857.0,519676.0
CẢ NƯỚC,2005,276624.0,167486.0,64653.0,508763.0
CẢ NƯỚC,2006,270143.0,163842.0,67206.0,501191.0
CẢ NƯỚC,2007,266422.0,160142.0,68638.0,495202.0
CẢ NƯỚC,2008,265058.0,154051.0,66868.0,485977.0
CẢ NƯỚC,2009,268077.0,149955.0,66404.0,484436.0
CẢ NƯỚC,2010,272419.0,151226.0,66829.0,490474.0
CẢ NƯỚC,2011,274733.0,147085.0,66249.0,488067.0
CẢ NƯỚC,2012,275010.0,145387.0,65886.0,486283.0
CẢ NƯỚC,2013,278982.0,147441.0,64348.0,490771.0
CẢ NƯỚC,2014,279862.0,150693.0,63904.0,494459.0
CẢ NƯỚC,2015,283490.0,153438.0,64105.0,501033.0
CẢ NƯỚC,2016,277526.0,151669.0,65094.0,494289.0
CẢ NƯỚC,2017,279974.0,153582.0,65806.0,499362.0
CẢ NƯỚC,2018,280179.0,151986.0,66502.0,498667.0
CẢ NƯỚC,2019,281565.0,154162.0,67605.0,503332.0
CẢ NƯỚC,2020,284084.0,158353.0,69182.0,511619.0
CẢ NƯỚC,2021,288541.0,159062.0,69749.0,517352.0
CẢ NƯỚC,2023,280307.0,168317.0,73877.0,522501.0
Cần Thơ,2002,6407.0,2869.0,880.0,10156.0
Cần Thơ,2003,6153.0,2996.0,859.0,10008.0
Cần Thơ,2004,3102.0,1674.0,589.0,5365.0
Cần Thơ,2005,3068.0,1645.0,622.0,5335.0
Cần Thơ,2006,3044.0,1671.0,671.0,5386.0
Cần Thơ,2007,3017.0,1539.0,653.0,5209.0
Cần Thơ,2008,3039.0,1524.0,665.0,5228.0
Cần Thơ,2009,3051.0,1497.0,676.0,5224.0
Cần Thơ,2010,3125.0,1468.0,665.0,5258.0
Cần Thơ,2011,3323.0,1516.0,673.0,5512.0
Cần Thơ,2012,3394.0,1522.0,698.0,5614.0
Cần Thơ,2013,3137.0,1551.0,693.0,5381.0
Cần Thơ,2014,3177.0,1625.0,694.0,5496.0
Cần Thơ,2015,3176.0,1645.0,733.0,5554.0
Cần Thơ,2016,3170.0,1694.0,786.0,5650.0
Cần Thơ,2017,3164.0,1741.0,816.0,5721.0
Cần Thơ,2018,3160.0,1754.0,828.0,5742.0
Cần Thơ,2019,3143.0,1801.0,859.0,5803.0
Cần Thơ,2020,3114.0,1856.0,887.0,5857.0
Cần Thơ,2021,3153.0,1838.0,904.0,5895.0
Cần Thơ,2023,3037.0,1887.0,964.0,5888.0
Gia Lai,2002,5789.0,2173.0,577.0,8539.0
Gia Lai,2003,5868.0,2321.0,634.0,8823.0
Gia Lai,2004,5845.0,2461.0,731.0,9037.0
Gia Lai,2005,5819.0,2558.0,845.0,9222.0
Gia Lai,2006,5831.0,2622.0,920.0,9373.0
Gia Lai,2007,5785.0,2640.0,937.0,9362.0
Gia Lai,2008,5874.0,2628.0,935.0,9437.0
Gia Lai,2009,5688.0,2725.0,1008.0,9421.0
Gia Lai,2010,6018.0,2577.0,976.0,9571.0
Gia Lai,2011,6084.0,2615.0,1022.0,9721.0
Gia Lai,2012,6097.0,2589.0,1029.0,9715.0
Gia Lai,2013,6314.0,2624.0,1017.0,9955.0
Gia Lai,2014,6324.0,2644.0,982.0,9950.0
Gia Lai,2015,6572.0,2641.0,964.0,10177.0
Gia Lai,2016,6712.0,2663.0,962.0,10337.0
Gia Lai,2017,6131.0,2681.0,969.0,9781.0
Gia Lai,2018,5831.0,2610.0,959.0,9400.0
Gia Lai,2019,5816.0,2640.0,995.0,9451.0
Gia Lai,2020,5752.0,2692.0,1027.0,9471.0
Gia Lai,2021,5735.0,2692.0,1039.0,9466.0
Gia Lai,2023,5483.0,2733.0,1103.0,9319.0
Hoà Bình,2002,3923.0,2199.0,548.0,6670.0
Hoà Bình,2003,3813.0,2214.0,580.0,6607.0
Hoà Bình,2004,3529.0,2144.0,608.0,6281.0
Hoà Bình,2005,3434.0,2190.0,659.0,6283.0
Hoà Bình,2006,3244.0,2103.0,698.0,6045.0
Hoà Bình,2007,3368.0,2118.0,729.0,6215.0
Hoà Bình,2008,3086.0,1996.0,650.0,5732.0
Hoà Bình,2009,3594.0,1967.0,657.0,6218.0
Hoà Bình,2010,3170.0,1763.0,649.0,5582.0
Hoà Bình,2011,3132.0,2041.0,675.0,5848.0
Hoà Bình,2012,3099.0,1839.0,678.0,5616.0
Hoà Bình,2013,3487.0,1704.0,743.0,5934.0
Hoà Bình,2014,4163.0,1800.0,677.0,6640.0
Hoà Bình,2015,3581.0,2388.0,684.0,6653.0
Hoà Bình,2016,3127.0,1786.0,689.0,5602.0
Hoà Bình,2017,3734.0,1918.0,696.0,6348.0
Hoà Bình,2018,3235.0,1752.0,708.0,5695.0
Hoà Bình,2019,3176.0,1777.0,719.0,5672.0
Hoà Bình,2020,3300.0,1811.0,729.0,5840.0
Hoà Bình,2021,3277.0,1837.0,732.0,5846.0
Hoà Bình,2023,3078.0,1945.0,739.0,5762.0
Hà Giang,2002,6195.0,1178.0,279.0,7652.0
Hà Giang,2003,5796.0,1192.0,332.0,7320.0
Hà Giang,2004,5502.0,1370.0,371.0,7243.0
Hà Giang,2005,5164.0,1564.0,387.0,7115.0
Hà Giang,2006,5041.0,1695.0,399.0,7135.0
Hà Giang,2007,4840.0,1788.0,420.0,7048.0
Hà Giang,2008,4793.0,1744.0,422.0,6959.0
Hà Giang,2009,4809.0,1767.0,437.0,7013.0
Hà Giang,2010,4899.0,1788.0,454.0,7141.0
Hà Giang,2011,4836.0,1789.0,483.0,7108.0
Hà Giang,2012,4807.0,1809.0,491.0,7107.0
Hà Giang,2013,4838.0,1808.0,496.0,7142.0
Hà Giang,2014,4857.0,1806.0,499.0,7162.0
Hà Giang,2015,4745.0,1786.0,506.0,7037.0
Hà Giang,2016,4709.0,1805.0,517.0,7031.0
Hà Giang,2017,4713.0,1808.0,509.0,7030.0
Hà Giang,2018,4590.0,1780.0,498.0,6868.0
Hà Giang,2019,4498.0,1785.0,491.0,6774.0
Hà Giang,2020,4425.0,1848.0,499.0,6772.0
Hà Giang,2021,4389.0,1905.0,513.0,6807.0
Hà Giang,2023,4183.0,1979.0,552.0,6714.0
Hà Nam,2002,2441.0,1643.0,509.0,4593.0
Hà Nam,2003,2271.0,1659.0,532.0,4462.0
Hà Nam,2004,2181.0,1662.0,554.0,4397.0
Hà Nam,2005,2122.0,1621.0,629.0,4372.0
Hà Nam,2006,2047.0,1546.0,671.0,4264.0
Hà Nam,2007,2014.0,1487.0,686.0,4187.0
Hà Nam,2008,1999.0,1426.0,638.0,4063.0
Hà Nam,2009,2017.0,1379.0,612.0,4008.0
Hà Nam,2010,2031.0,1318.0,606.0,3955.0
Hà Nam,2011,2042.0,1296.0,607.0,3945.0
Hà Nam,2012,2059.0,1288.0,600.0,3947.0
Hà Nam,2013,2096.0,1270.0,583.0,3949.0
Hà Nam,2014,2088.0,1281.0,559.0,3928.0
Hà Nam,2015,2138.0,1274.0,549.0,3961.0
Hà Nam,2016,2149.0,1270.0,544.0,3963.0
Hà Nam,2017,2178.0,1265.0,544.0,3987.0
Hà Nam,2018,2278.0,1271.0,552.0,4101.0
Hà Nam,2019,2315.0,1289.0,559.0,4163.0
Hà Nam,2020,2380.0,1323.0,571.0,4274.0
Hà Nam,2021,2400.0,1346.0,572.0,4318.0
Hà Nam,2023,2360.0,1461.0,586.0,4407.0
Hà Nội,2002,5949.0,4494.0,2165.0,12608.0
Hà Nội,2003,5902.0,4540.0,2220.0,12662.0
Hà Nội,2004,5858.0,4589.0,2299.0,12746.0
Hà Nội,2005,5804.0,4527.0,2433.0,12764.0
Hà Nội,2006,5738.0,4495.0,2612.0,12845.0
Hà Nội,2007,5706.0,4474.0,2677.0,12857.0
Hà Nội,2008,13253.0,9358.0,5008.0,27619.0
Hà Nội,2009,13424.0,9189.0,4939.0,27552.0
Hà Nội,2010,13889.0,9093.0,4985.0,27967.0
Hà Nội,2011,13928.0,9007.0,4973.0,27908.0
Hà Nội,2012,14390.0,9000.0,4886.0,28276.0
Hà Nội,2013,14931.0,9134.0,4782.0,28847.0
Hà Nội,2014,15459.0,9668.0,4824.0,29951.0
Hà Nội,2015,19205.0,11040.0,4782.0,35027.0
Hà Nội,2016,16418.0,10986.0,4940.0,32344.0
Hà Nội,2017,17116.0,11074.0,5102.0,33292.0
Hà Nội,2018,18238.0,11494.0,5418.0,35150.0
Hà Nội,2019,19048.0,12166.0,5872.0,37086.0
Hà Nội,2020,19958.0,12884.0,6293.0,39135.0
Hà Nội,2021,20776.0,13397.0,6411.0,40584.0
Hà Nội,2023,20629.0,14961.0,7204.0,42794.0
Hà Tây,2002,7382.0,5192.0,2036.0,14610.0
Hà Tây,2003,7226.0,5179.0,2109.0,14514.0
Hà Tây,2004,6950.0,5135.0,2225.0,14310.0
Hà Tây,2005,6773.0,4971.0,2345.0,14089.0
Hà Tây,2006,6645.0,4836.0,2365.0,13846.0
Hà Tây,2007,6578.0,4691.0,2289.0,13558.0
Hà Tĩnh,2002,5374.0,3570.0,1116.0,10060.0
Hà Tĩnh,2003,5163.0,3612.0,1256.0,10031.0
Hà Tĩnh,2004,4769.0,3601.0,1345.0,9715.0
Hà Tĩnh,2005,4494.0,3523.0,1391.0,9408.0
Hà Tĩnh,2006,4271.0,3489.0,1357.0,9117.0
Hà Tĩnh,2007,4122.0,3282.0,1462.0,8866.0
Hà Tĩnh,2008,3984.0,3084.0,1451.0,8519.0
Hà Tĩnh,2009,4177.0,2934.0,1411.0,8522.0
Hà Tĩnh,2010,3942.0,2758.0,1389.0,8089.0
Hà Tĩnh,2011,3928.0,2643.0,1348.0,7919.0
Hà Tĩnh,2012,3887.0,2607.0,1291.0,7785.0
Hà Tĩnh,2013,4053.0,2470.0,1236.0,7759.0
Hà Tĩnh,2014,4095.0,2427.0,1180.0,7702.0
Hà Tĩnh,2015,3789.0,2395.0,1176.0,7360.0
Hà Tĩnh,2016,3673.0,2375.0,1184.0,7232.0
Hà Tĩnh,2017,3739.0,2383.0,1187.0,7309.0
Hà Tĩnh,2018,3865.0,2374.0,1191.0,7430.0
Hà Tĩnh,2019,3943.0,2370.0,1198.0,7511.0
Hà Tĩnh,2020,4028.0,2366.0,1200.0,7594.0
Hà Tĩnh,2021,4230.0,2368.0,1192.0,7790.0
Hà Tĩnh,2023,4180.0,2426.0,1193.0,7799.0
Hưng Yên,2002,3322.0,2286.0,747.0,6355.0
Hưng Yên,2003,3171.0,2302.0,779.0,6252.0
Hưng Yên,2004,3081.0,2284.0,836.0,6201.0
Hưng Yên,2005,2914.0,2209.0,932.0,6055.0
Hưng Yên,2006,2901.0,2110.0,1018.0,6029.0
Hưng Yên,2007,2764.0,2018.0,1025.0,5807.0
Hưng Yên,2008,2730.0,1928.0,968.0,5626.0
Hưng Yên,2009,2712.0,1861.0,924.0,5497.0
Hưng Yên,2010,2719.0,1795.0,877.0,5391.0
Hưng Yên,2011,2721.0,1769.0,864.0,5354.0
Hưng Yên,2012,2767.0,1729.0,881.0,5377.0
Hưng Yên,2013,2901.0,1897.0,841.0,5639.0
Hưng Yên,2014,2927.0,1887.0,837.0,5651.0
Hưng Yên,2015,3053.0,1939.0,836.0,5828.0
Hưng Yên,2016,3079.0,1803.0,837.0,5719.0
Hưng Yên,2017,3154.0,1866.0,848.0,5868.0
Hưng Yên,2018,3311.0,1921.0,860.0,6092.0
Hưng Yên,2019,3383.0,2002.0,872.0,6257.0
Hưng Yên,2020,3423.0,2045.0,902.0,6370.0
Hưng Yên,2021,3454.0,2088.0,914.0,6456.0
Hưng Yên,2023,3355.0,2275.0,1010.0,6640.0
Hải Dương,2002,4836.0,3627.0,1182.0,9645.0
Hải Dương,2003,4616.0,3555.0,1207.0,9378.0
Hải Dương,2004,4347.0,3510.0,1280.0,9137.0
Hải Dương,2005,4193.0,3353.0,1313.0,8859.0
Hải Dương,2006,4113.0,3252.0,1361.0,8726.0
Hải Dương,2007,4135.0,3181.0,1373.0,8689.0
Hải Dương,2008,4135.0,3077.0,1352.0,8564.0
Hải Dương,2009,4205.0,3062.0,1375.0,8642.0
Hải Dương,2010,4322.0,3051.0,1296.0,8669.0
Hải Dương,2011,4382.0,3081.0,1256.0,8719.0
Hải Dương,2012,4323.0,2932.0,1255.0,8510.0
Hải Dương,2013,4554.0,2873.0,1194.0,8621.0
Hải Dương,2014,4939.0,2853.0,1219.0,9011.0
Hải Dương,2015,4782.0,2805.0,1216.0,8803.0
Hải Dương,2016,4936.0,2811.0,1240.0,8987.0
Hải Dương,2017,5155.0,2878.0,1246.0,9279.0
Hải Dương,2018,5308.0,2906.0,1259.0,9473.0
Hải Dương,2019,5294.0,2915.0,1237.0,9446.0
Hải Dương,2020,5559.0,3085.0,1292.0,9936.0
Hải Dương,2021,5664.0,3180.0,1331.0,10175.0
Hải Dương,2023,5510.0,3510.0,1433.0,10453.0
Hải Phòng,2002,4686.0,3533.0,1230.0,9449.0
Hải Phòng,2003,4469.0,3509.0,1293.0,9271.0
Hải Phòng,2004,4242.0,3481.0,1394.0,9117.0
Hải Phòng,2005,3994.0,3364.0,1520.0,8878.0
Hải Phòng,2006,3875.0,3231.0,1585.0,8691.0
Hải Phòng,2007,3786.0,3077.0,1600.0,8463.0
Hải Phòng,2008,3769.0,2880.0,1591.0,8240.0
Hải Phòng,2009,3817.0,2910.0,1589.0,8316.0
Hải Phòng,2010,3938.0,2574.0,1571.0,8083.0
Hải Phòng,2011,4164.0,2619.0,1490.0,8273.0
Hải Phòng,2012,4060.0,2454.0,1399.0,7913.0
Hải Phòng,2013,4356.0,2969.0,1324.0,8649.0
Hải Phòng,2014,4440.0,2560.0,1274.0,8274.0
Hải Phòng,2015,4461.0,2562.0,1230.0,8253.0
Hải Phòng,2016,4670.0,2612.0,1294.0,8576.0
Hải Phòng,2017,5347.0,2688.0,1344.0,9379.0
Hải Phòng,2018,5039.0,2757.0,1386.0,9182.0
Hải Phòng,2019,5192.0,2871.0,1402.0,9465.0
Hải Phòng,2020,5314.0,3052.0,1432.0,9798.0
Hải Phòng,2021,5396.0,3164.0,1490.0,10050.0
Hải Phòng,2023,5124.0,3571.0,1793.0,10488.0
Hậu Giang,2004,2744.0,1376.0,390.0,4510.0
Hậu Giang,2005,2629.0,1310.0,432.0,4371.0
Hậu Giang,2006,2621.0,1231.0,469.0,4321.0
Hậu Giang,2007,2613.0,1214.0,481.0,4308.0
Hậu Giang,2008,2497.0,1074.0,463.0,4034.0
Hậu Giang,2009,2587.0,992.0,464.0,4043.0
Hậu Giang,2010,2615.0,1096.0,431.0,4142.0
Hậu Giang,2011,2621.0,1101.0,440.0,4162.0
Hậu Giang,2012,2615.0,1109.0,451.0,4175.0
Hậu Giang,2013,2624.0,1141.0,435.0,4200.0
Hậu Giang,2014,2572.0,1183.0,438.0,4193.0
Hậu Giang,2015,2602.0,1195.0,442.0,4239.0
Hậu Giang,2016,2588.0,1206.0,458.0,4252.0
Hậu Giang,2017,2588.0,1211.0,469.0,4268.0
Hậu Giang,2018,2506.0,1203.0,477.0,4186.0
Hậu Giang,2019,2455.0,1191.0,478.0,4124.0
Hậu Giang,2020,2406.0,1203.0,494.0,4103.0
Hậu Giang,2021,2405.0,1179.0,497.0,4081.0
Hậu Giang,2023,2238.0,1237.0,505.0,3980.0
Khánh Hoà,2002,3947.0,2031.0,624.0,6602.0
Khánh Hoà,2003,3889.0,2179.0,665.0,6733.0
Khánh Hoà,2004,3763.0,2286.0,726.0,6775.0
Khánh Hoà,2005,3644.0,2351.0,788.0,6783.0
Khánh Hoà,2006,3547.0,2356.0,822.0,6725.0
Khánh Hoà,2007,3468.0,2287.0,856.0,6611.0
Khánh Hoà,2008,3397.0,2218.0,877.0,6492.0
Khánh Hoà,2009,3442.0,2192.0,899.0,6533.0
Khánh Hoà,2010,3487.0,2167.0,916.0,6570.0
Khánh Hoà,2011,3496.0,2189.0,928.0,6613.0
Khánh Hoà,2012,3500.0,2202.0,898.0,6600.0
Khánh Hoà,2013,3521.0,2254.0,932.0,6707.0
Khánh Hoà,2014,3506.0,2277.0,939.0,6722.0
Khánh Hoà,2015,3521.0,2285.0,963.0,6769.0
Khánh Hoà,2016,3460.0,2270.0,965.0,6695.0
Khánh Hoà,2017,3390.0,2241.0,946.0,6577.0
Khánh Hoà,2018,3391.0,2202.0,941.0,6534.0
Khánh Hoà,2019,3338.0,2101.0,911.0,6350.0
Khánh Hoà,2020,3309.0,2045.0,911.0,6265.0
Khánh Hoà,2021,3390.0,1973.0,907.0,6270.0
Khánh Hoà,2023,3333.0,1994.0,920.0,6247.0
Kiên  Giang,2002,7230.0,2629.0,656.0,10515.0
Kiên  Giang,2003,6928.0,2902.0,758.0,10588.0
Kiên  Giang,2004,6708.0,2981.0,867.0,10556.0
Kiên  Giang,2005,6497.0,3006.0,933.0,10436.0
Kiên  Giang,2006,6522.0,2976.0,950.0,10448.0
Kiên  Giang,2007,6476.0,2814.0,987.0,10277.0
Kiên  Giang,2008,6576.0,2770.0,992.0,10338.0
Kiên  Giang,2009,6239.0,2715.0,976.0,9930.0
Kiên  Giang,2010,6695.0,2625.0,896.0,10216.0
Kiên  Giang,2011,6577.0,2626.0,902.0,10105.0
Kiên  Giang,2012,6556.0,2648.0,924.0,10128.0
Kiên  Giang,2013,6601.0,2721.0,910.0,10232.0
Kiên  Giang,2014,6523.0,2750.0,907.0,10180.0
Kiên  Giang,2015,6453.0,2748.0,933.0,10134.0
Kiên  Giang,2016,6374.0,2774.0,954.0,10102.0
Kiên  Giang,2017,6302.0,2791.0,951.0,10044.0
Kiên  Giang,2018,6105.0,2718.0,931.0,9754.0
Kiên  Giang,2019,5852.0,2624.0,948.0,9424.0
Kiên  Giang,2020,5518.0,2627.0,979.0,9124.0
Kiên  Giang,2021,5486.0,2614.0,991.0,9091.0
Kiên  Giang,2023,5228.0,2700.0,1042.0,8970.0
Kon Tum,2002,2383.0,846.0,214.0,3443.0
Kon Tum,2003,2381.0,890.0,245.0,3516.0
Kon Tum,2004,2190.0,919.0,290.0,3399.0
Kon Tum,2005,2163.0,986.0,279.0,3428.0
Kon Tum,2006,2315.0,1294.0,329.0,3938.0
Kon Tum,2007,2822.0,1339.0,289.0,4450.0
Kon Tum,2008,2737.0,1106.0,317.0,4160.0
Kon Tum,2009,3062.0,1079.0,336.0,4477.0
Kon Tum,2010,2482.0,1173.0,360.0,4015.0
Kon Tum,2011,2484.0,1146.0,379.0,4009.0
Kon Tum,2012,2524.0,1144.0,399.0,4067.0
Kon Tum,2013,2456.0,1145.0,385.0,3986.0
Kon Tum,2014,2587.0,1156.0,378.0,4121.0
Kon Tum,2015,2547.0,1168.0,395.0,4110.0
Kon Tum,2016,2533.0,1196.0,388.0,4117.0
Kon Tum,2017,2603.0,1212.0,409.0,4224.0
Kon Tum,2018,2525.0,1199.0,406.0,4130.0
Kon Tum,2019,2498.0,1212.0,411.0,4121.0
Kon Tum,2020,2487.0,1227.0,419.0,4133.0
Kon Tum,2021,2488.0,1249.0,408.0,4145.0
Kon Tum,2023,2454.0,1304.0,438.0,4196.0
Lai Châu,2002,4546.0,1157.0,245.0,5948.0
Lai Châu,2003,4905.0,1303.0,282.0,6490.0
Lai Châu,2004,2464.0,671.0,94.0,3229.0
Lai Châu,2005,2625.0,629.0,113.0,3367.0
Lai Châu,2006,2821.0,730.0,135.0,3686.0
Lai Châu,2007,2987.0,803.0,156.0,3946.0
Lai Châu,2008,2967.0,862.0,171.0,4000.0
Lai Châu,2009,2938.0,929.0,179.0,4046.0
Lai Châu,2010,3255.0,967.0,187.0,4409.0
Lai Châu,2011,3265.0,983.0,206.0,4454.0
Lai Châu,2012,3132.0,1023.0,220.0,4375.0
Lai Châu,2013,3072.0,1021.0,66.0,4159.0
Lai Châu,2014,2975.0,1025.0,250.0,4250.0
Lai Châu,2015,2821.0,1039.0,274.0,4134.0
Lai Châu,2016,2728.0,1078.0,284.0,4090.0
Lai Châu,2017,2650.0,1099.0,291.0,4040.0
Lai Châu,2018,2586.0,1091.0,295.0,3972.0
Lai Châu,2019,2543.0,1098.0,296.0,3937.0
Lai Châu,2020,2542.0,1118.0,294.0,3954.0
Lai Châu,2021,2447.0,1123.0,292.0,3862.0
Lai Châu,2023,2264.0,1132.0,295.0,3691.0
Long An,2002,4901.0,2413.0,744.0,8058.0
Long An,2003,4844.0,2522.0,779.0,8145.0
Long An,2004,4689.0,2562.0,842.0,8093.0
Long An,2005,4446.0,2451.0,917.0,7814.0
Long An,2006,4334.0,2432.0,939.0,7705.0
Long An,2007,4167.0,2321.0,957.0,7445.0
Long An,2008,4190.0,2292.0,953.0,7435.0
Long An,2009,4318.0,2231.0,968.0,7517.0
Long An,2010,4292.0,2231.0,975.0,7498.0
Long An,2011,4373.0,2253.0,1006.0,7632.0
Long An,2012,4401.0,2252.0,1007.0,7660.0
Long An,2013,4464.0,2323.0,984.0,7771.0
Long An,2014,4409.0,2377.0,1008.0,7794.0
Long An,2015,4421.0,2417.0,976.0,7814.0
Long An,2016,4319.0,2421.0,1000.0,7740.0
Long An,2017,4290.0,2439.0,1003.0,7732.0
Long An,2018,4315.0,2389.0,1053.0,7757.0
Long An,2019,4342.0,2426.0,1067.0,7835.0
Long An,2020,4327.0,2521.0,1082.0,7930.0
Long An,2021,4344.0,2502.0,1076.0,7922.0
Long An,2023,4233.0,2607.0,1112.0,7952.0
Lào Cai,2002,4407.0,1593.0,277.0,6277.0
Lào Cai,2003,4450.0,1886.0,309.0,6645.0
Lào Cai,2004,3988.0,1928.0,342.0,6258.0
Lào Cai,2005,3874.0,1933.0,404.0,6211.0
Lào Cai,2006,3861.0,1857.0,447.0,6165.0
Lào Cai,2007,3753.0,1692.0,454.0,5899.0
Lào Cai,2008,3770.0,1625.0,422.0,5817.0
Lào Cai,2009,3897.0,1577.0,427.0,5901.0
Lào Cai,2010,3871.0,1504.0,435.0,5810.0
Lào Cai,2011,3908.0,1537.0,459.0,5904.0
Lào Cai,2012,3932.0,1510.0,468.0,5910.0
Lào Cai,2013,3989.0,1518.0,482.0,5989.0
Lào Cai,2014,4270.0,1620.0,494.0,6384.0
Lào Cai,2015,3935.0,1573.0,505.0,6013.0
Lào Cai,2016,3889.0,1599.0,526.0,6014.0
Lào Cai,2017,3808.0,1653.0,543.0,6004.0
Lào Cai,2018,3714.0,1627.0,536.0,5877.0
Lào Cai,2019,3597.0,1636.0,518.0,5751.0
Lào Cai,2020,3539.0,1688.0,534.0,5761.0
Lào Cai,2021,3500.0,1716.0,554.0,5770.0
Lào Cai,2023,3406.0,1793.0,603.0,5802.0
Lâm Ðồng,2002,4544.0,2307.0,791.0,7642.0
Lâm Ðồng,2003,4526.0,2446.0,891.0,7863.0
Lâm Ðồng,2004,4335.0,2442.0,985.0,7762.0
Lâm Ðồng,2005,4309.0,2511.0,1086.0,7906.0
Lâm Ðồng,2006,4237.0,2488.0,1149.0,7874.0
Lâm Ðồng,2007,4243.0,2573.0,1170.0,7986.0
Lâm Ðồng,2008,4129.0,2586.0,1220.0,7935.0
Lâm Ðồng,2009,4161.0,2547.0,1229.0,7937.0
Lâm Ðồng,2010,4113.0,2674.0,1227.0,8014.0
Lâm Ðồng,2011,4088.0,2516.0,1260.0,7864.0
Lâm Ðồng,2012,4098.0,2521.0,1270.0,7889.0
Lâm Ðồng,2013,4586.0,2554.0,1243.0,8383.0
Lâm Ðồng,2014,4179.0,2553.0,1243.0,7975.0
Lâm Ðồng,2015,4234.0,2513.0,1247.0,7994.0
Lâm Ðồng,2016,4224.0,2499.0,1258.0,7981.0
Lâm Ðồng,2017,4201.0,2502.0,1246.0,7949.0
Lâm Ðồng,2018,4195.0,2488.0,1199.0,7882.0
Lâm Ðồng,2019,4177.0,2495.0,1198.0,7870.0
Lâm Ðồng,2020,4142.0,2540.0,1198.0,7880.0
Lâm Ðồng,2021,4151.0,2501.0,1213.0,7865.0
Lâm Ðồng,2023,4008.0,2504.0,1223.0,7735.0
Lạng Sơn,2002,4330.0,2088.0,412.0,6830.0
Lạng Sơn,2003,4213.0,2184.0,514.0,6911.0
Lạng Sơn,2004,3989.0,2216.0,582.0,6787.0
Lạng Sơn,2005,3800.0,2214.0,645.0,6659.0
Lạng Sơn,2006,3676.0,2199.0,646.0,6521.0
Lạng Sơn,2007,3669.0,2089.0,634.0,6392.0
Lạng Sơn,2008,3607.0,2073.0,607.0,6287.0
Lạng Sơn,2009,3557.0,1955.0,645.0,6157.0
Lạng Sơn,2010,3639.0,1847.0,680.0,6166.0
Lạng Sơn,2011,3625.0,1806.0,677.0,6108.0
Lạng Sơn,2012,3740.0,1801.0,688.0,6229.0
Lạng Sơn,2013,3565.0,1745.0,688.0,5998.0
Lạng Sơn,2014,3471.0,1741.0,694.0,5906.0
Lạng Sơn,2015,3433.0,1685.0,696.0,5814.0
Lạng Sơn,2016,3387.0,1657.0,683.0,5727.0
Lạng Sơn,2017,3414.0,1631.0,660.0,5705.0
Lạng Sơn,2018,3283.0,1604.0,647.0,5534.0
Lạng Sơn,2019,3263.0,1577.0,639.0,5479.0
Lạng Sơn,2020,3283.0,1581.0,646.0,5510.0
Lạng Sơn,2021,3311.0,1602.0,666.0,5579.0
Lạng Sơn,2023,3175.0,1706.0,674.0,5555.0
Lớp học phổ thông trong các trường đại học,2002,,,150.0,150.0
Lớp học phổ thông trong các trường đại học,2003,,,111.0,111.0
Lớp học phổ thông trong các trường đại học,2004,,,135.0,135.0
Lớp học phổ thông trong các trường đại học,2005,,,45.0,45.0
Lớp học phổ thông trong các trường đại học,2006,,,122.0,122.0
Lớp học phổ thông trong các trường đại học,2007,,,122.0,
Lớp học phổ thông trong các trường đại học,2008,,,45.0,45.0
Nam Ðịnh,2002,5550.0,3749.0,1123.0,10422.0
Nam Ðịnh,2003,5316.0,3780.0,1161.0,10257.0
Nam Ðịnh,2004,5008.0,4829.0,1114.0,10951.0
Nam Ðịnh,2005,4751.0,3656.0,1270.0,9677.0
Nam Ðịnh,2006,4662.0,3555.0,1341.0,9558.0
Nam Ðịnh,2007,4562.0,3355.0,1404.0,9321.0
Nam Ðịnh,2008,4435.0,3271.0,1421.0,9127.0
Nam Ðịnh,2009,4409.0,3175.0,1437.0,9021.0
Nam Ðịnh,2010,4395.0,3092.0,1445.0,8932.0
Nam Ðịnh,2011,4593.0,3006.0,1494.0,9093.0
Nam Ðịnh,2012,4484.0,3128.0,1401.0,9013.0
Nam Ðịnh,2013,4452.0,2944.0,1375.0,8771.0
Nam Ðịnh,2014,4544.0,2967.0,1352.0,8863.0
Nam Ðịnh,2015,4595.0,2934.0,1352.0,8881.0
Nam Ðịnh,2016,4668.0,2920.0,1348.0,8936.0
Nam Ðịnh,2017,4761.0,2928.0,1352.0,9041.0
Nam Ðịnh,2018,4854.0,2899.0,1354.0,9107.0
Nam Ðịnh,2019,4792.0,2940.0,1355.0,9087.0
Nam Ðịnh,2020,4804.0,2971.0,1359.0,9134.0
Nam Ðịnh,2021,4836.0,2994.0,1367.0,9197.0
Nam Ðịnh,2023,4772.0,3151.0,1433.0,9356.0
Nghệ An,2002,13829.0,7679.0,2460.0,23968.0
Nghệ An,2003,13077.0,7764.0,2638.0,23479.0
Nghệ An,2004,11772.0,7750.0,2791.0,22313.0
Nghệ An,2005,11065.0,7668.0,3003.0,21736.0
Nghệ An,2006,10309.0,7544.0,3083.0,20936.0
Nghệ An,2007,9936.0,7199.0,3070.0,20205.0
Nghệ An,2008,9887.0,6727.0,2910.0,19524.0
Nghệ An,2009,9738.0,6305.0,2831.0,18874.0
Nghệ An,2010,9825.0,5907.0,2793.0,18525.0
Nghệ An,2011,9816.0,5694.0,2755.0,18265.0
Nghệ An,2012,9730.0,5573.0,2650.0,17953.0
Nghệ An,2013,9718.0,5487.0,2560.0,17765.0
Nghệ An,2014,9915.0,5547.0,2486.0,17948.0
Nghệ An,2015,9733.0,5487.0,2434.0,17654.0
Nghệ An,2016,9493.0,5444.0,2442.0,17379.0
Nghệ An,2017,9618.0,5234.0,2424.0,17276.0
Nghệ An,2018,9896.0,5061.0,2413.0,17370.0
Nghệ An,2019,10123.0,5059.0,2407.0,17589.0
Nghệ An,2020,10224.0,5167.0,2450.0,17841.0
Nghệ An,2021,10612.0,5220.0,2491.0,18323.0
Nghệ An,2023,10567.0,5816.0,2606.0,18989.0
Ninh Bình,2002,3150.0,2160.0,603.0,5913.0
Ninh Bình,2003,2870.0,2124.0,635.0,5629.0
Ninh Bình,2004,2646.0,2116.0,675.0,5437.0
Ninh Bình,2005,2479.0,2011.0,716.0,5206.0
Ninh Bình,2006,2369.0,1879.0,763.0,5011.0
Ninh Bình,2007,2279.0,1768.0,770.0,4817.0
Ninh Bình,2008,2256.0,1630.0,739.0,4625.0
Ninh Bình,2009,2282.0,1532.0,712.0,4526.0
Ninh Bình,2010,2297.0,1470.0,699.0,4466.0
Ninh Bình,2011,2330.0,1445.0,671.0,4446.0
Ninh Bình,2012,2321.0,1444.0,657.0,4422.0
Ninh Bình,2013,2369.0,1445.0,647.0,4461.0
Ninh Bình,2014,2355.0,1476.0,647.0,4478.0
Ninh Bình,2015,2405.0,1483.0,657.0,4545.0
Ninh Bình,2016,2417.0,1495.0,663.0,4575.0
Ninh Bình,2017,2455.0,1507.0,668.0,4630.0
Ninh Bình,2018,2532.0,1503.0,678.0,4713.0
Ninh Bình,2019,2634.0,1525.0,690.0,4849.0
Ninh Bình,2020,2709.0,1571.0,700.0,4980.0
Ninh Bình,2021,2770.0,1571.0,708.0,5049.0
Ninh Bình,2023,2758.0,1696.0,747.0,5201.0
Ninh Thuận,2002,2535.0,967.0,268.0,3770.0
Ninh Thuận,2003,2498.0,1063.0,281.0,3842.0
Ninh Thuận,2004,2432.0,1124.0,315.0,3871.0
Ninh Thuận,2005,2365.0,1140.0,349.0,3854.0
Ninh Thuận,2006,2312.0,1149.0,400.0,3861.0
Ninh Thuận,2007,2287.0,1113.0,411.0,3811.0
Ninh Thuận,2008,2279.0,1092.0,384.0,3755.0
Ninh Thuận,2009,2200.0,1098.0,448.0,3746.0
Ninh Thuận,2010,2269.0,1096.0,465.0,3830.0
Ninh Thuận,2011,2254.0,1104.0,468.0,3826.0
Ninh Thuận,2012,2292.0,1113.0,490.0,3895.0
Ninh Thuận,2013,2382.0,1120.0,456.0,3958.0
Ninh Thuận,2014,2224.0,1129.0,449.0,3802.0
Ninh Thuận,2015,2172.0,1104.0,439.0,3715.0
Ninh Thuận,2016,2145.0,1101.0,440.0,3686.0
Ninh Thuận,2017,2133.0,1092.0,442.0,3667.0
Ninh Thuận,2018,2131.0,1023.0,437.0,3591.0
Ninh Thuận,2019,2148.0,1041.0,451.0,3640.0
Ninh Thuận,2020,2142.0,1047.0,450.0,3639.0
Ninh Thuận,2021,2208.0,1037.0,458.0,3703.0
Ninh Thuận,2023,2181.0,1050.0,466.0,3697.0
Phú Thọ,2002,5224.0,3169.0,987.0,9380.0
Phú Thọ,2003,5090.0,3169.0,1048.0,9307.0
Phú Thọ,2004,4856.0,3216.0,1105.0,9177.0
Phú Thọ,2005,4442.0,3103.0,1138.0,8683.0
Phú Thọ,2006,4262.0,3005.0,1134.0,8401.0
Phú Thọ,2007,4255.0,2901.0,1077.0,8233.0
Phú Thọ,2008,4225.0,2730.0,1020.0,7975.0
Phú Thọ,2009,4240.0,2619.0,973.0,7832.0
Phú Thọ,2010,4356.0,2470.0,1003.0,7829.0
Phú Thọ,2011,4360.0,2440.0,982.0,7782.0
Phú Thọ,2012,4351.0,2423.0,967.0,7741.0
Phú Thọ,2013,4421.0,2421.0,934.0,7776.0
Phú Thọ,2014,4394.0,2450.0,922.0,7766.0
Phú Thọ,2015,4490.0,2475.0,927.0,7892.0
Phú Thọ,2016,4470.0,2488.0,926.0,7884.0
Phú Thọ,2017,4493.0,2502.0,941.0,7936.0
Phú Thọ,2018,4598.0,2512.0,959.0,8069.0
Phú Thọ,2019,4583.0,2522.0,976.0,8081.0
Phú Thọ,2020,4691.0,2635.0,996.0,8322.0
Phú Thọ,2021,4747.0,2735.0,1012.0,8494.0
Phú Thọ,2023,4680.0,2932.0,1125.0,8737.0
Phú Yên,2002,3533.0,1791.0,583.0,5907.0
Phú Yên,2003,3496.0,1844.0,631.0,5971.0
Phú Yên,2004,3880.0,3169.0,608.0,7657.0
Phú Yên,2005,3227.0,1901.0,714.0,5842.0
Phú Yên,2006,3262.0,1898.0,757.0,5917.0
Phú Yên,2007,3228.0,1883.0,746.0,5857.0
Phú Yên,2008,3302.0,1827.0,746.0,5875.0
Phú Yên,2009,3203.0,1758.0,735.0,5696.0
Phú Yên,2010,3275.0,1715.0,745.0,5735.0
Phú Yên,2011,3443.0,1886.0,856.0,6185.0
Phú Yên,2012,3229.0,1840.0,789.0,5858.0
Phú Yên,2013,3212.0,1749.0,790.0,5751.0
Phú Yên,2014,3137.0,1763.0,799.0,5699.0
Phú Yên,2015,3061.0,1747.0,812.0,5620.0
Phú Yên,2016,2954.0,1728.0,810.0,5492.0
Phú Yên,2017,2928.0,1724.0,802.0,5454.0
Phú Yên,2018,2890.0,1682.0,784.0,5356.0
Phú Yên,2019,2925.0,1634.0,799.0,5358.0
Phú Yên,2020,2873.0,1628.0,805.0,5306.0
Phú Yên,2021,2922.0,1575.0,790.0,5287.0
Phú Yên,2023,2794.0,1616.0,780.0,5190.0
Quảng Bình,2002,3512.0,2011.0,652.0,6175.0
Quảng Bình,2003,3400.0,2124.0,729.0,6253.0
Quảng Bình,2004,3252.0,2216.0,806.0,6274.0
Quảng Bình,2005,3085.0,2222.0,884.0,6191.0
Quảng Bình,2006,2979.0,2174.0,921.0,6074.0
Quảng Bình,2007,2930.0,2099.0,919.0,5948.0
Quảng Bình,2008,2903.0,1994.0,880.0,5777.0
Quảng Bình,2009,3132.0,1944.0,874.0,5950.0
Quảng Bình,2010,3136.0,1817.0,852.0,5805.0
Quảng Bình,2011,3110.0,1929.0,807.0,5846.0
Quảng Bình,2012,3031.0,1742.0,787.0,5560.0
Quảng Bình,2013,3030.0,1727.0,787.0,5544.0
Quảng Bình,2014,3026.0,1771.0,784.0,5581.0
Quảng Bình,2015,3040.0,1770.0,778.0,5588.0
Quảng Bình,2016,2985.0,1718.0,762.0,5465.0
Quảng Bình,2017,3129.0,1676.0,781.0,5586.0
Quảng Bình,2018,3041.0,1615.0,776.0,5432.0
Quảng Bình,2019,3102.0,1606.0,784.0,5492.0
Quảng Bình,2020,3174.0,1659.0,802.0,5635.0
Quảng Bình,2021,3349.0,1636.0,793.0,5778.0
Quảng Bình,2023,3262.0,1729.0,803.0,5794.0
Quảng Nam,2002,6069.0,3152.0,1075.0,10296.0
Quảng Nam,2003,5757.0,3207.0,1117.0,10081.0
Quảng Nam,2004,5551.0,3399.0,1199.0,10149.0
Quảng Nam,2005,5441.0,3471.0,1294.0,10206.0
Quảng Nam,2006,5069.0,3351.0,1334.0,9754.0
Quảng Nam,2007,4920.0,3221.0,1398.0,9539.0
Quảng Nam,2008,4949.0,3093.0,1361.0,9403.0
Quảng Nam,2009,4720.0,2938.0,1383.0,9041.0
Quảng Nam,2010,4860.0,2833.0,1419.0,9112.0
Quảng Nam,2011,4790.0,2729.0,1437.0,8956.0
Quảng Nam,2012,4694.0,2654.0,1471.0,8819.0
Quảng Nam,2013,4713.0,2699.0,1431.0,8843.0
Quảng Nam,2014,4765.0,2638.0,1366.0,8769.0
Quảng Nam,2015,4859.0,2599.0,1347.0,8805.0
Quảng Nam,2016,4676.0,2606.0,1336.0,8618.0
Quảng Nam,2017,4703.0,2579.0,1346.0,8628.0
Quảng Nam,2018,4715.0,2533.0,1323.0,8571.0
Quảng Nam,2019,4554.0,2425.0,1293.0,8272.0
Quảng Nam,2020,4673.0,2482.0,1295.0,8450.0
Quảng Nam,2021,4866.0,2467.0,1289.0,8622.0
Quảng Nam,2023,4840.0,2688.0,1343.0,8871.0
Quảng Ngãi,2002,4901.0,2640.0,897.0,8438.0
Quảng Ngãi,2003,4732.0,2776.0,893.0,8401.0
Quảng Ngãi,2004,4502.0,2890.0,997.0,8389.0
Quảng Ngãi,2005,4251.0,2929.0,1084.0,8264.0
Quảng Ngãi,2006,4030.0,2851.0,1150.0,8031.0
Quảng Ngãi,2007,3898.0,2765.0,1165.0,7828.0
Quảng Ngãi,2008,3841.0,2626.0,1126.0,7593.0
Quảng Ngãi,2009,3807.0,2498.0,1112.0,7417.0
Quảng Ngãi,2010,3879.0,2355.0,1121.0,7355.0
Quảng Ngãi,2011,3864.0,2273.0,1121.0,7258.0
Quảng Ngãi,2012,3875.0,2239.0,1092.0,7206.0
Quảng Ngãi,2013,3882.0,2199.0,1032.0,7113.0
Quảng Ngãi,2014,4048.0,2594.0,982.0,7624.0
Quảng Ngãi,2015,4072.0,3022.0,957.0,8051.0
Quảng Ngãi,2016,3821.0,2240.0,963.0,7024.0
Quảng Ngãi,2017,3820.0,2986.0,956.0,7762.0
Quảng Ngãi,2018,3778.0,2222.0,949.0,6949.0
Quảng Ngãi,2019,3529.0,2224.0,935.0,6688.0
Quảng Ngãi,2020,3609.0,2270.0,949.0,6828.0
Quảng Ngãi,2021,3691.0,2200.0,964.0,6855.0
Quảng Ngãi,2023,3577.0,2252.0,1008.0,6837.0
Quảng Ninh,2002,4564.0,2204.0,812.0,7580.0
Quảng Ninh,2003,4433.0,2289.0,848.0,7570.0
Quảng Ninh,2004,4332.0,2359.0,916.0,7607.0
Quảng Ninh,2005,4144.0,2369.0,999.0,7512.0
Quảng Ninh,2006,4032.0,2304.0,1056.0,7392.0
Quảng Ninh,2007,4065.0,2304.0,1065.0,7434.0
Quảng Ninh,2008,4094.0,2181.0,1053.0,7328.0
Quảng Ninh,2009,4008.0,2161.0,1026.0,7195.0
Quảng Ninh,2010,4122.0,2073.0,1033.0,7228.0
Quảng Ninh,2011,4298.0,2441.0,1027.0,7766.0
Quảng Ninh,2012,4226.0,2104.0,1031.0,7361.0
Quảng Ninh,2013,4314.0,2139.0,1034.0,7487.0
Quảng Ninh,2014,4172.0,2094.0,1016.0,7282.0
Quảng Ninh,2015,4225.0,2127.0,1032.0,7384.0
Quảng Ninh,2016,4288.0,2074.0,1047.0,7409.0
Quảng Ninh,2017,4275.0,2103.0,1054.0,7432.0
Quảng Ninh,2018,4419.0,2127.0,1058.0,7604.0
Quảng Ninh,2019,4354.0,2212.0,1038.0,7604.0
Quảng Ninh,2020,4380.0,2309.0,1044.0,7733.0
Quảng Ninh,2021,4416.0,2347.0,1056.0,7819.0
Quảng Ninh,2023,4216.0,2569.0,1141.0,7926.0
Quảng Trị,2002,2813.0,1389.0,531.0,4733.0
Quảng Trị,2003,2758.0,1481.0,554.0,4793.0
Quảng Trị,2004,2671.0,1583.0,598.0,4852.0
Quảng Trị,2005,2613.0,1619.0,611.0,4843.0
Quảng Trị,2006,2542.0,1639.0,651.0,4832.0
Quảng Trị,2007,2521.0,1595.0,683.0,4799.0
Quảng Trị,2008,2499.0,1554.0,703.0,4756.0
Quảng Trị,2009,2257.0,1516.0,742.0,4515.0
Quảng Trị,2010,2508.0,1464.0,703.0,4675.0
Quảng Trị,2011,2520.0,1399.0,680.0,4599.0
Quảng Trị,2012,2489.0,1347.0,676.0,4512.0
Quảng Trị,2013,2534.0,1314.0,658.0,4506.0
Quảng Trị,2014,2537.0,1309.0,658.0,4504.0
Quảng Trị,2015,2568.0,1319.0,648.0,4535.0
Quảng Trị,2016,2535.0,1301.0,647.0,4483.0
Quảng Trị,2017,2533.0,1297.0,645.0,4475.0
Quảng Trị,2018,2245.0,1205.0,690.0,4140.0
Quảng Trị,2019,2502.0,1224.0,649.0,4375.0
Quảng Trị,2020,2519.0,1286.0,662.0,4467.0
Quảng Trị,2021,2577.0,1264.0,658.0,4499.0
Quảng Trị,2023,2490.0,1296.0,649.0,4435.0
Sóc Trăng,2002,5508.0,1855.0,580.0,7943.0
Sóc Trăng,2003,5433.0,1962.0,636.0,8031.0
Sóc Trăng,2004,5239.0,2080.0,700.0,8019.0
Sóc Trăng,2005,4928.0,2039.0,746.0,7713.0
Sóc Trăng,2006,4867.0,1929.0,758.0,7554.0
Sóc Trăng,2007,4839.0,1855.0,752.0,7446.0
Sóc Trăng,2008,4791.0,1822.0,751.0,7364.0
Sóc Trăng,2009,4722.0,1816.0,754.0,7292.0
Sóc Trăng,2010,4821.0,1838.0,761.0,7420.0
Sóc Trăng,2011,4857.0,1927.0,795.0,7579.0
Sóc Trăng,2012,5311.0,1968.0,804.0,8083.0
Sóc Trăng,2013,4937.0,2000.0,815.0,7752.0
Sóc Trăng,2014,4664.0,2079.0,755.0,7498.0
Sóc Trăng,2015,4902.0,2064.0,760.0,7726.0
Sóc Trăng,2016,4286.0,1979.0,703.0,6968.0
Sóc Trăng,2017,4150.0,1931.0,709.0,6790.0
Sóc Trăng,2018,4169.0,1950.0,714.0,6833.0
Sóc Trăng,2019,3990.0,1939.0,730.0,6659.0
Sóc Trăng,2020,4064.0,1975.0,736.0,6775.0
Sóc Trăng,2021,4103.0,1955.0,752.0,6810.0
Sóc Trăng,2023,3838.0,2044.0,824.0,6706.0
Sơn La,2002,6492.0,2030.0,411.0,8933.0
Sơn La,2003,6319.0,2205.0,487.0,9011.0
Sơn La,2004,6359.0,2369.0,582.0,9310.0
Sơn La,2005,6255.0,2522.0,681.0,9458.0
Sơn La,2006,6103.0,2629.0,762.0,9494.0
Sơn La,2007,6059.0,2641.0,768.0,9468.0
Sơn La,2008,6052.0,2603.0,714.0,9369.0
Sơn La,2009,6267.0,2693.0,645.0,9605.0
Sơn La,2010,6567.0,2993.0,713.0,10273.0
Sơn La,2011,6384.0,2463.0,732.0,9579.0
Sơn La,2012,6712.0,2613.0,680.0,10005.0
Sơn La,2013,6444.0,2464.0,668.0,9576.0
Sơn La,2014,6418.0,2482.0,674.0,9574.0
Sơn La,2015,6312.0,2504.0,695.0,9511.0
Sơn La,2016,6148.0,2503.0,680.0,9331.0
Sơn La,2017,6002.0,2513.0,707.0,9222.0
Sơn La,2018,5799.0,2498.0,750.0,9047.0
Sơn La,2019,5820.0,2515.0,826.0,9161.0
Sơn La,2020,5714.0,2566.0,856.0,9136.0
Sơn La,2021,5732.0,2626.0,802.0,9160.0
Sơn La,2023,5541.0,2745.0,842.0,9128.0
TP.Hồ Chí Minh,2002,11302.0,6946.0,3169.0,21417.0
TP.Hồ Chí Minh,2003,11334.0,7025.0,3294.0,21653.0
TP.Hồ Chí Minh,2004,11216.0,7172.0,3491.0,21879.0
TP.Hồ Chí Minh,2005,11255.0,7286.0,3640.0,22181.0
TP.Hồ Chí Minh,2006,11314.0,7426.0,3788.0,22528.0
TP.Hồ Chí Minh,2007,11428.0,7603.0,4042.0,23073.0
TP.Hồ Chí Minh,2008,11756.0,7679.0,4207.0,23642.0
TP.Hồ Chí Minh,2009,12377.0,7557.0,4414.0,24348.0
TP.Hồ Chí Minh,2010,13713.0,11899.0,5230.0,30842.0
TP.Hồ Chí Minh,2011,13334.0,7925.0,4728.0,25987.0
TP.Hồ Chí Minh,2012,13565.0,8043.0,4905.0,26513.0
TP.Hồ Chí Minh,2013,13875.0,8478.0,4743.0,27096.0
TP.Hồ Chí Minh,2014,14052.0,9052.0,4797.0,27901.0
TP.Hồ Chí Minh,2015,14550.0,9281.0,4947.0,28778.0
TP.Hồ Chí Minh,2016,14682.0,9652.0,5192.0,29526.0
TP.Hồ Chí Minh,2017,15134.0,10021.0,5299.0,30454.0
TP.Hồ Chí Minh,2018,16070.0,10295.0,5556.0,31921.0
TP.Hồ Chí Minh,2019,16515.0,10715.0,5765.0,32995.0
TP.Hồ Chí Minh,2020,16832.0,11166.0,5947.0,33945.0
TP.Hồ Chí Minh,2021,17276.0,11046.0,5915.0,34237.0
TP.Hồ Chí Minh,2023,16990.0,11782.0,6444.0,35216.0
Thanh Hoá,2002,15277.0,9370.0,2446.0,27093.0
Thanh Hoá,2003,13320.0,9503.0,2723.0,25546.0
Thanh Hoá,2004,12964.0,9526.0,2916.0,25406.0
Thanh Hoá,2005,11929.0,9206.0,3178.0,24313.0
Thanh Hoá,2006,11003.0,8608.0,3244.0,22855.0
Thanh Hoá,2007,10707.0,7958.0,3366.0,22031.0
Thanh Hoá,2008,10402.0,7272.0,3138.0,20812.0
Thanh Hoá,2009,10337.0,6706.0,3038.0,20081.0
Thanh Hoá,2010,10307.0,6304.0,2960.0,19571.0
Thanh Hoá,2011,10369.0,6193.0,2871.0,19433.0
Thanh Hoá,2012,10381.0,5723.0,2685.0,18789.0
Thanh Hoá,2013,10752.0,5728.0,2498.0,18978.0
Thanh Hoá,2014,10119.0,5735.0,2239.0,18093.0
Thanh Hoá,2015,10161.0,5755.0,2267.0,18183.0
Thanh Hoá,2016,10093.0,5798.0,2336.0,18227.0
Thanh Hoá,2017,10165.0,5730.0,2430.0,18325.0
Thanh Hoá,2018,10422.0,5517.0,2463.0,18402.0
Thanh Hoá,2019,10719.0,5585.0,2450.0,18754.0
Thanh Hoá,2020,10972.0,5789.0,2446.0,19207.0
Thanh Hoá,2021,11271.0,5906.0,2427.0,19604.0
Thanh Hoá,2023,11095.0,6487.0,2529.0,20111.0
Thái Bình,2002,4706.0,3738.0,1090.0,9534.0
Thái Bình,2003,4541.0,3715.0,1162.0,9418.0
Thái Bình,2004,4420.0,3604.0,1203.0,9227.0
Thái Bình,2005,4243.0,3789.0,1278.0,9310.0
Thái Bình,2006,4259.0,3248.0,1291.0,8798.0
Thái Bình,2007,4177.0,3177.0,1357.0,8711.0
Thái Bình,2008,4205.0,3019.0,1322.0,8546.0
Thái Bình,2009,4231.0,2932.0,1267.0,8430.0
Thái Bình,2010,4179.0,2934.0,1233.0,8346.0
Thái Bình,2011,4451.0,2992.0,1203.0,8646.0
Thái Bình,2012,4673.0,3108.0,1200.0,8981.0
Thái Bình,2013,4267.0,3072.0,1205.0,8544.0
Thái Bình,2014,4266.0,2937.0,1217.0,8420.0
Thái Bình,2015,4404.0,2875.0,1198.0,8477.0
Thái Bình,2016,4312.0,2847.0,1209.0,8368.0
Thái Bình,2017,4556.0,2820.0,1204.0,8580.0
Thái Bình,2018,4369.0,2787.0,1213.0,8369.0
Thái Bình,2019,4350.0,2809.0,1211.0,8370.0
Thái Bình,2020,4339.0,2839.0,1223.0,8401.0
Thái Bình,2021,4348.0,2838.0,1231.0,8417.0
Thái Bình,2023,4213.0,2961.0,1331.0,8505.0
Thái Nguyên,2002,3918.0,2609.0,721.0,7248.0
Thái Nguyên,2003,3757.0,2568.0,772.0,7097.0
Thái Nguyên,2004,3483.0,2447.0,834.0,6764.0
Thái Nguyên,2005,3282.0,2289.0,872.0,6443.0
Thái Nguyên,2006,3177.0,2194.0,875.0,6246.0
Thái Nguyên,2007,3166.0,2090.0,872.0,6128.0
Thái Nguyên,2008,2613.0,1974.0,845.0,5432.0
Thái Nguyên,2009,3257.0,1886.0,868.0,6011.0
Thái Nguyên,2010,3251.0,1827.0,859.0,5937.0
Thái Nguyên,2011,3508.0,1713.0,875.0,6096.0
Thái Nguyên,2012,3282.0,1754.0,857.0,5893.0
Thái Nguyên,2013,3439.0,1892.0,760.0,6091.0
Thái Nguyên,2014,3514.0,1855.0,838.0,6207.0
Thái Nguyên,2015,3602.0,2189.0,838.0,6629.0
Thái Nguyên,2016,3521.0,1857.0,914.0,6292.0
Thái Nguyên,2017,3647.0,1897.0,851.0,6395.0
Thái Nguyên,2018,3788.0,1924.0,859.0,6571.0
Thái Nguyên,2019,3940.0,2019.0,873.0,6832.0
Thái Nguyên,2020,4048.0,2127.0,878.0,7053.0
Thái Nguyên,2021,4154.0,2203.0,866.0,7223.0
Thái Nguyên,2023,3994.0,2356.0,919.0,7269.0
Thừa Thiên Huế,2002,4191.0,2213.0,794.0,7198.0
Thừa Thiên Huế,2003,4145.0,2311.0,837.0,7293.0
Thừa Thiên Huế,2004,3986.0,2408.0,887.0,7281.0
Thừa Thiên Huế,2005,3870.0,2475.0,966.0,7311.0
Thừa Thiên Huế,2006,3724.0,2484.0,1032.0,7240.0
Thừa Thiên Huế,2007,3633.0,2477.0,1047.0,7157.0
Thừa Thiên Huế,2008,3572.0,2423.0,1055.0,7050.0
Thừa Thiên Huế,2009,3463.0,2395.0,1073.0,6931.0
Thừa Thiên Huế,2010,3544.0,2365.0,1066.0,6975.0
Thừa Thiên Huế,2011,3534.0,2331.0,1112.0,6977.0
Thừa Thiên Huế,2012,3483.0,2301.0,1075.0,6859.0
Thừa Thiên Huế,2013,3394.0,2247.0,1050.0,6691.0
Thừa Thiên Huế,2014,3254.0,2105.0,1024.0,6383.0
Thừa Thiên Huế,2015,3217.0,2037.0,1018.0,6272.0
Thừa Thiên Huế,2016,3128.0,1993.0,1017.0,6138.0
Thừa Thiên Huế,2017,3194.0,1982.0,1008.0,6184.0
Thừa Thiên Huế,2018,3259.0,1963.0,1002.0,6224.0
Thừa Thiên Huế,2019,3324.0,1946.0,998.0,6268.0
Thừa Thiên Huế,2020,3365.0,1938.0,998.0,6301.0
Thừa Thiên Huế,2021,3487.0,1862.0,997.0,6346.0
Thừa Thiên Huế,2023,3496.0,1990.0,1026.0,6512.0
Tiền Giang,2002,5244.0,2885.0,962.0,9091.0
Tiền Giang,2003,5085.0,2909.0,996.0,8990.0
Tiền Giang,2004,4680.0,2800.0,1023.0,8503.0
Tiền Giang,2005,4513.0,2694.0,1067.0,8274.0
Tiền Giang,2006,4455.0,2641.0,1085.0,8181.0
Tiền Giang,2007,4341.0,2563.0,1091.0,7995.0
Tiền Giang,2008,4250.0,2550.0,1049.0,7849.0
Tiền Giang,2009,4342.0,2427.0,1010.0,7779.0
Tiền Giang,2010,4335.0,2424.0,968.0,7727.0
Tiền Giang,2011,4504.0,2414.0,954.0,7872.0
Tiền Giang,2012,4411.0,2437.0,932.0,7780.0
Tiền Giang,2013,4439.0,2502.0,968.0,7909.0
Tiền Giang,2014,4427.0,2595.0,976.0,7998.0
Tiền Giang,2015,4384.0,2597.0,1027.0,8008.0
Tiền Giang,2016,4569.0,2524.0,1011.0,8104.0
Tiền Giang,2017,4163.0,2510.0,1025.0,7698.0
Tiền Giang,2018,4177.0,2460.0,1045.0,7682.0
Tiền Giang,2019,4092.0,2451.0,1070.0,7613.0
Tiền Giang,2020,4043.0,2518.0,1096.0,7657.0
Tiền Giang,2021,4095.0,2413.0,1082.0,7590.0
Tiền Giang,2023,3862.0,2442.0,1134.0,7438.0
Trung du và miền núi phía Bắc,2002,57877.0,26159.0,6740.0,90776.0
Trung du và miền núi phía Bắc,2003,56414.0,26456.0,7512.0,90382.0
Trung du và miền núi phía Bắc,2004,55018.0,27182.0,8175.0,90375.0
Trung du và miền núi phía Bắc,2005,52921.0,27177.0,9047.0,89145.0
Trung du và miền núi phía Bắc,2006,51658.0,26770.0,9439.0,87867.0
Trung du và miền núi phía Bắc,2007,50778.0,26890.0,9318.0,86986.0
Trung du và miền núi phía Bắc,2008,50039.0,25090.0,8698.0,83827.0
Trung du và miền núi phía Bắc,2009,51473.0,24852.0,8536.0,84861.0
Trung du và miền núi phía Bắc,2010,52149.0,24321.0,8596.0,85066.0
Trung du và miền núi phía Bắc,2011,52638.0,23830.0,8636.0,85104.0
Trung du và miền núi phía Bắc,2012,52436.0,23785.0,8586.0,84807.0
Trung du và miền núi phía Bắc,2013,52230.0,23543.0,8344.0,84117.0
Trung du và miền núi phía Bắc,2014,52934.0,23836.0,8508.0,85278.0
Trung du và miền núi phía Bắc,2015,51760.0,24715.0,8562.0,85037.0
Trung du và miền núi phía Bắc,2016,50731.0,23933.0,8614.0,83278.0
Trung du và miền núi phía Bắc,2017,51036.0,24169.0,8615.0,83820.0
Trung du và miền núi phía Bắc,2018,49932.0,23899.0,8725.0,82556.0
Trung du và miền núi phía Bắc,2019,49961.0,24075.0,8774.0,82810.0
Trung du và miền núi phía Bắc,2020,50226.0,24593.0,8914.0,83733.0
Trung du và miền núi phía Bắc,2021,50325.0,25111.0,8954.0,84390.0
Trung du và miền núi phía Bắc,2023,48574.0,26665.0,9403.0,84642.0
Trà Vinh,2002,3837.0,1802.0,631.0,6270.0
Trà Vinh,2003,3649.0,1937.0,683.0,6269.0
Trà Vinh,2004,3393.0,1820.0,759.0,5972.0
Trà Vinh,2005,3194.0,1672.0,761.0,5627.0
Trà Vinh,2006,3156.0,1548.0,695.0,5399.0
Trà Vinh,2007,3153.0,1473.0,656.0,5282.0
Trà Vinh,2008,3197.0,1453.0,658.0,5308.0
Trà Vinh,2009,3274.0,1478.0,599.0,5351.0
Trà Vinh,2010,3395.0,1507.0,584.0,5486.0
Trà Vinh,2011,3368.0,1535.0,544.0,5447.0
Trà Vinh,2012,3363.0,1596.0,557.0,5516.0
Trà Vinh,2013,3401.0,1610.0,585.0,5596.0
Trà Vinh,2014,3360.0,1630.0,603.0,5593.0
Trà Vinh,2015,3387.0,1674.0,629.0,5690.0
Trà Vinh,2016,3330.0,1669.0,607.0,5606.0
Trà Vinh,2017,3319.0,1645.0,639.0,5603.0
Trà Vinh,2018,3263.0,1576.0,649.0,5488.0
Trà Vinh,2019,3153.0,1599.0,700.0,5452.0
Trà Vinh,2020,3130.0,1626.0,732.0,5488.0
Trà Vinh,2021,3112.0,1621.0,749.0,5482.0
Trà Vinh,2023,2867.0,1688.0,748.0,5303.0
Tuyên Quang,2002,3549.0,1932.0,711.0,6192.0
Tuyên Quang,2003,3530.0,2006.0,801.0,6337.0
Tuyên Quang,2004,3443.0,1973.0,706.0,6122.0
Tuyên Quang,2005,3374.0,1979.0,923.0,6276.0
Tuyên Quang,2006,3169.0,1801.0,905.0,5875.0
Tuyên Quang,2007,3074.0,1623.0,791.0,5488.0
Tuyên Quang,2008,3085.0,1502.0,722.0,5309.0
Tuyên Quang,2009,3383.0,1450.0,711.0,5544.0
Tuyên Quang,2010,3154.0,1386.0,676.0,5216.0
Tuyên Quang,2011,3142.0,1339.0,662.0,5143.0
Tuyên Quang,2012,3179.0,1337.0,650.0,5166.0
Tuyên Quang,2013,3138.0,1341.0,652.0,5131.0
Tuyên Quang,2014,3106.0,1361.0,645.0,5112.0
Tuyên Quang,2015,3101.0,1370.0,637.0,5108.0
Tuyên Quang,2016,3155.0,1359.0,627.0,5141.0
Tuyên Quang,2017,3112.0,1344.0,626.0,5082.0
Tuyên Quang,2018,3201.0,1383.0,661.0,5245.0
Tuyên Quang,2019,3181.0,1405.0,623.0,5209.0
Tuyên Quang,2020,3185.0,1453.0,628.0,5266.0
Tuyên Quang,2021,3102.0,1445.0,640.0,5187.0
Tuyên Quang,2023,2958.0,1648.0,669.0,5275.0
Tây Nguyên,2002,22722.0,9365.0,2766.0,34853.0
Tây Nguyên,2003,22763.0,10202.0,3146.0,36111.0
Tây Nguyên,2004,22410.0,10656.0,3562.0,36628.0
Tây Nguyên,2005,22214.0,11065.0,4140.0,37419.0
Tây Nguyên,2006,22166.0,11547.0,4465.0,38178.0
Tây Nguyên,2007,22570.0,11722.0,4599.0,38891.0
Tây Nguyên,2008,22358.0,11421.0,4682.0,38461.0
Tây Nguyên,2009,22347.0,11317.0,4666.0,38330.0
Tây Nguyên,2010,21900.0,11297.0,4659.0,37856.0
Tây Nguyên,2011,22319.0,11375.0,4783.0,38477.0
Tây Nguyên,2012,22097.0,11097.0,4829.0,38023.0
Tây Nguyên,2013,22865.0,11160.0,4777.0,38802.0
Tây Nguyên,2014,23146.0,11738.0,4713.0,39597.0
Tây Nguyên,2015,23324.0,11180.0,4735.0,39239.0
Tây Nguyên,2016,23202.0,11253.0,4752.0,39207.0
Tây Nguyên,2017,22512.0,11248.0,4733.0,38493.0
Tây Nguyên,2018,22019.0,11099.0,4665.0,37783.0
Tây Nguyên,2019,21728.0,11145.0,4704.0,37577.0
Tây Nguyên,2020,21655.0,11337.0,4760.0,37752.0
Tây Nguyên,2021,21713.0,11309.0,4796.0,37818.0
Tây Nguyên,2023,20938.0,11434.0,4956.0,37328.0
Tây Ninh,2002,4008.0,1867.0,518.0,6393.0
Tây Ninh,2003,4116.0,1966.0,561.0,6643.0
Tây Ninh,2004,4546.0,1914.0,604.0,7064.0
Tây Ninh,2005,3529.0,1798.0,652.0,5979.0
Tây Ninh,2006,3439.0,1750.0,625.0,5814.0
Tây Ninh,2007,3307.0,1619.0,619.0,5545.0
Tây Ninh,2008,3275.0,1569.0,647.0,5491.0
Tây Ninh,2009,3378.0,1557.0,649.0,5584.0
Tây Ninh,2010,3300.0,1515.0,677.0,5492.0
Tây Ninh,2011,3587.0,1531.0,661.0,5779.0
Tây Ninh,2012,3619.0,1521.0,644.0,5784.0
Tây Ninh,2013,4135.0,1583.0,625.0,6343.0
Tây Ninh,2014,3896.0,1809.0,618.0,6323.0
Tây Ninh,2015,3788.0,1618.0,629.0,6035.0
Tây Ninh,2016,3308.0,1643.0,653.0,5604.0
Tây Ninh,2017,3288.0,1666.0,668.0,5622.0
Tây Ninh,2018,3243.0,1652.0,673.0,5568.0
Tây Ninh,2019,3134.0,1652.0,691.0,5477.0
Tây Ninh,2020,3147.0,1689.0,712.0,5548.0
Tây Ninh,2021,3122.0,1678.0,728.0,5528.0
Tây Ninh,2023,2981.0,1664.0,740.0,5385.0
Vĩnh Long,2002,3564.0,2067.0,890.0,6521.0
Vĩnh Long,2003,3491.0,2077.0,939.0,6507.0
Vĩnh Long,2004,3301.0,2158.0,967.0,6426.0
Vĩnh Long,2005,3219.0,1877.0,999.0,6095.0
Vĩnh Long,2006,3197.0,1834.0,981.0,6012.0
Vĩnh Long,2007,3152.0,1776.0,936.0,5864.0
Vĩnh Long,2008,3095.0,1752.0,903.0,5750.0
Vĩnh Long,2009,3074.0,1673.0,869.0,5616.0
Vĩnh Long,2010,3064.0,1628.0,846.0,5538.0
Vĩnh Long,2011,2989.0,1635.0,825.0,5449.0
Vĩnh Long,2012,2969.0,1645.0,818.0,5432.0
Vĩnh Long,2013,2971.0,1702.0,804.0,5477.0
Vĩnh Long,2014,2929.0,1759.0,798.0,5486.0
Vĩnh Long,2015,3010.0,1762.0,813.0,5585.0
Vĩnh Long,2016,2865.0,1768.0,855.0,5488.0
Vĩnh Long,2017,3138.0,1898.0,897.0,5933.0
Vĩnh Long,2018,2782.0,1694.0,863.0,5339.0
Vĩnh Long,2019,2751.0,1725.0,867.0,5343.0
Vĩnh Long,2020,2709.0,1740.0,861.0,5310.0
Vĩnh Long,2021,2709.0,1712.0,867.0,5288.0
Vĩnh Long,2023,2549.0,1701.0,849.0,5099.0
Vĩnh Phúc,2002,4071.0,2562.0,886.0,7519.0
Vĩnh Phúc,2003,4003.0,2596.0,961.0,7560.0
Vĩnh Phúc,2004,3773.0,2625.0,988.0,7386.0
Vĩnh Phúc,2005,3610.0,2523.0,1014.0,7147.0
Vĩnh Phúc,2006,3524.0,2436.0,1036.0,6996.0
Vĩnh Phúc,2007,3447.0,2391.0,1065.0,6903.0
Vĩnh Phúc,2008,2909.0,1958.0,922.0,5789.0
Vĩnh Phúc,2009,2886.0,1895.0,906.0,5687.0
Vĩnh Phúc,2010,2936.0,1847.0,878.0,5661.0
Vĩnh Phúc,2011,2927.0,1829.0,846.0,5602.0
Vĩnh Phúc,2012,2943.0,1808.0,847.0,5598.0
Vĩnh Phúc,2013,3042.0,1797.0,842.0,5681.0
Vĩnh Phúc,2014,3114.0,1816.0,811.0,5741.0
Vĩnh Phúc,2015,3030.0,1708.0,809.0,5547.0
Vĩnh Phúc,2016,3123.0,1785.0,807.0,5715.0
Vĩnh Phúc,2017,3237.0,1793.0,810.0,5840.0
Vĩnh Phúc,2018,3420.0,1837.0,776.0,6033.0
Vĩnh Phúc,2019,3572.0,1938.0,776.0,6286.0
Vĩnh Phúc,2020,3687.0,2032.0,819.0,6538.0
Vĩnh Phúc,2021,3767.0,2102.0,843.0,6712.0
Vĩnh Phúc,2023,3701.0,2385.0,946.0,7032.0
Yên Bái,2002,3766.0,1767.0,474.0,6007.0
Yên Bái,2003,3547.0,1832.0,529.0,5908.0
Yên Bái,2004,3439.0,1856.0,612.0,5907.0
Yên Bái,2005,3341.0,1915.0,698.0,5954.0
Yên Bái,2006,3040.0,1861.0,720.0,5621.0
Yên Bái,2007,2898.0,1763.0,646.0,5307.0
Yên Bái,2008,2918.0,1703.0,584.0,5205.0
Yên Bái,2009,2715.0,1552.0,535.0,4802.0
Yên Bái,2010,2882.0,1472.0,540.0,4894.0
Yên Bái,2011,2957.0,1474.0,536.0,4967.0
Yên Bái,2012,2986.0,1455.0,515.0,4956.0
Yên Bái,2013,2994.0,1465.0,503.0,4962.0
Yên Bái,2014,2990.0,1504.0,488.0,4982.0
Yên Bái,2015,2972.0,1517.0,482.0,4971.0
Yên Bái,2016,2785.0,1512.0,475.0,4772.0
Yên Bái,2017,2739.0,1542.0,473.0,4754.0
Yên Bái,2018,2695.0,1540.0,471.0,4706.0
Yên Bái,2019,2742.0,1547.0,477.0,4766.0
Yên Bái,2020,2786.0,1580.0,482.0,4848.0
Yên Bái,2021,2816.0,1594.0,493.0,4903.0
Yên Bái,2023,2776.0,1712.0,518.0,5006.0
Ðiện Biên,2004,3310.0,1089.0,292.0,4691.0
Ðiện Biên,2005,3106.0,1101.0,344.0,4551.0
Ðiện Biên,2006,3317.0,1169.0,381.0,4867.0
Ðiện Biên,2007,3073.0,1192.0,386.0,4651.0
Ðiện Biên,2008,3159.0,1151.0,388.0,4698.0
Ðiện Biên,2009,3284.0,1323.0,389.0,4996.0
Ðiện Biên,2010,3368.0,1285.0,437.0,5090.0
Ðiện Biên,2011,3439.0,1303.0,469.0,5211.0
Ðiện Biên,2012,3455.0,1283.0,487.0,5225.0
Ðiện Biên,2013,3217.0,1276.0,501.0,4994.0
Ðiện Biên,2014,3176.0,1322.0,504.0,5002.0
Ðiện Biên,2015,3153.0,1319.0,505.0,4977.0
Ðiện Biên,2016,3140.0,1383.0,498.0,5021.0
Ðiện Biên,2017,3062.0,1400.0,507.0,4969.0
Ðiện Biên,2018,2895.0,1370.0,514.0,4779.0
Ðiện Biên,2019,2872.0,1385.0,512.0,4769.0
Ðiện Biên,2020,2856.0,1399.0,524.0,4779.0
Ðiện Biên,2021,2925.0,1417.0,517.0,4859.0
Ðiện Biên,2023,2867.0,1472.0,538.0,4877.0
Ðà Nẵng,2002,2147.0,1374.0,508.0,4029.0
Ðà Nẵng,2003,2136.0,1400.0,543.0,4079.0
Ðà Nẵng,2004,2050.0,1440.0,605.0,4095.0
Ðà Nẵng,2005,1958.0,1449.0,667.0,4074.0
Ðà Nẵng,2006,1911.0,1451.0,695.0,4057.0
Ðà Nẵng,2007,1895.0,1456.0,715.0,4066.0
Ðà Nẵng,2008,1846.0,1428.0,712.0,3986.0
Ðà Nẵng,2009,2196.0,1367.0,716.0,4279.0
Ðà Nẵng,2010,1977.0,1332.0,679.0,3988.0
Ðà Nẵng,2011,2066.0,1310.0,729.0,4105.0
Ðà Nẵng,2012,2117.0,1260.0,738.0,4115.0
Ðà Nẵng,2013,2209.0,1294.0,730.0,4233.0
Ðà Nẵng,2014,2284.0,1370.0,724.0,4378.0
Ðà Nẵng,2015,2385.0,1393.0,725.0,4503.0
Ðà Nẵng,2016,2457.0,1450.0,753.0,4660.0
Ðà Nẵng,2017,2532.0,1507.0,765.0,4804.0
Ðà Nẵng,2018,2722.0,1566.0,796.0,5084.0
Ðà Nẵng,2019,2793.0,1651.0,859.0,5303.0
Ðà Nẵng,2020,2892.0,1713.0,910.0,5515.0
Ðà Nẵng,2021,3072.0,1684.0,931.0,5687.0
Ðà Nẵng,2023,3096.0,1888.0,958.0,5942.0
Ðông Nam Bộ,2002,32091.0,17276.0,6667.0,56034.0
Ðông Nam Bộ,2003,32079.0,17708.0,6987.0,56774.0
Ðông Nam Bộ,2004,31959.0,18061.0,7551.0,57571.0
Ðông Nam Bộ,2005,30541.0,18143.0,8084.0,56768.0
Ðông Nam Bộ,2006,30309.0,18292.0,8341.0,56942.0
Ðông Nam Bộ,2007,30208.0,18301.0,8644.0,57153.0
Ðông Nam Bộ,2008,30545.0,18184.0,8817.0,57546.0
Ðông Nam Bộ,2009,31532.0,17864.0,9049.0,58445.0
Ðông Nam Bộ,2010,33214.0,22212.0,10004.0,65430.0
Ðông Nam Bộ,2011,33414.0,18397.0,9524.0,61335.0
Ðông Nam Bộ,2012,33855.0,18394.0,9760.0,62009.0
Ðông Nam Bộ,2013,35547.0,19688.0,9578.0,64813.0
Ðông Nam Bộ,2014,35910.0,20796.0,9791.0,66497.0
Ðông Nam Bộ,2015,36625.0,21009.0,9945.0,67579.0
Ðông Nam Bộ,2016,36477.0,21723.0,10318.0,68518.0
Ðông Nam Bộ,2017,37576.0,22441.0,10510.0,70527.0
Ðông Nam Bộ,2018,38536.0,22818.0,10779.0,72133.0
Ðông Nam Bộ,2019,39336.0,23638.0,11055.0,74029.0
Ðông Nam Bộ,2020,39938.0,24558.0,11344.0,75840.0
Ðông Nam Bộ,2021,40892.0,24556.0,11409.0,76857.0
Ðông Nam Bộ,2023,40109.0,25734.0,12241.0,78084.0
Ðắk Lắk,2002,10006.0,4039.0,1184.0,15229.0
Ðắk Lắk,2003,9988.0,4545.0,1376.0,15909.0
Ðắk Lắk,2004,7988.0,3964.0,1312.0,13264.0
Ðắk Lắk,2005,7787.0,4073.0,1611.0,13471.0
Ðắk Lắk,2006,7592.0,4131.0,1701.0,13424.0
Ðắk Lắk,2007,7435.0,4065.0,1771.0,13271.0
Ðắk Lắk,2008,7346.0,3986.0,1791.0,13123.0
Ðắk Lắk,2009,7201.0,3887.0,1659.0,12747.0
Ðắk Lắk,2010,7079.0,3795.0,1643.0,12517.0
Ðắk Lắk,2011,7191.0,3749.0,1654.0,12594.0
Ðắk Lắk,2012,7060.0,3721.0,1656.0,12437.0
Ðắk Lắk,2013,7131.0,3717.0,1651.0,12499.0
Ðắk Lắk,2014,7580.0,4221.0,1616.0,13417.0
Ðắk Lắk,2015,7580.0,3692.0,1626.0,12898.0
Ðắk Lắk,2016,7328.0,3725.0,1631.0,12684.0
Ðắk Lắk,2017,7175.0,3666.0,1588.0,12429.0
Ðắk Lắk,2018,7091.0,3626.0,1576.0,12293.0
Ðắk Lắk,2019,6986.0,3625.0,1584.0,12195.0
Ðắk Lắk,2020,6905.0,3654.0,1587.0,12146.0
Ðắk Lắk,2021,6937.0,3633.0,1595.0,12165.0
Ðắk Lắk,2023,6644.0,3630.0,1602.0,11876.0
Ðắk Nông,2004,2052.0,870.0,244.0,3166.0
Ðắk Nông,2005,2136.0,937.0,319.0,3392.0
Ðắk Nông,2006,2191.0,1012.0,366.0,3569.0
Ðắk Nông,2007,2285.0,1105.0,432.0,3822.0
Ðắk Nông,2008,2272.0,1115.0,419.0,3806.0
Ðắk Nông,2009,2235.0,1079.0,434.0,3748.0
Ðắk Nông,2010,2208.0,1078.0,453.0,3739.0
Ðắk Nông,2011,2472.0,1349.0,468.0,4289.0
Ðắk Nông,2012,2318.0,1122.0,475.0,3915.0
Ðắk Nông,2013,2378.0,1120.0,481.0,3979.0
Ðắk Nông,2014,2476.0,1164.0,494.0,4134.0
Ðắk Nông,2015,2391.0,1166.0,503.0,4060.0
Ðắk Nông,2016,2405.0,1170.0,513.0,4088.0
Ðắk Nông,2017,2402.0,1187.0,521.0,4110.0
Ðắk Nông,2018,2377.0,1176.0,525.0,4078.0
Ðắk Nông,2019,2251.0,1173.0,516.0,3940.0
Ðắk Nông,2020,2369.0,1224.0,529.0,4122.0
Ðắk Nông,2021,2402.0,1234.0,541.0,4177.0
Ðắk Nông,2023,2349.0,1263.0,590.0,4202.0
Ðồng Nai,2002,7617.0,3949.0,1386.0,12952.0
Ðồng Nai,2003,7507.0,4083.0,1453.0,13043.0
Ðồng Nai,2004,7319.0,4191.0,1536.0,13046.0
Ðồng Nai,2005,7112.0,4218.0,1633.0,12963.0
Ðồng Nai,2006,6930.0,4150.0,1698.0,12778.0
Ðồng Nai,2007,6837.0,4156.0,1749.0,12742.0
Ðồng Nai,2008,6722.0,4043.0,1756.0,12521.0
Ðồng Nai,2009,6741.0,3873.0,1753.0,12367.0
Ðồng Nai,2010,6820.0,3904.0,1784.0,12508.0
Ðồng Nai,2011,6805.0,3888.0,1811.0,12504.0
Ðồng Nai,2012,6939.0,3778.0,1797.0,12514.0
Ðồng Nai,2013,7279.0,3964.0,1771.0,13014.0
Ðồng Nai,2014,7511.0,4097.0,1882.0,13490.0
Ðồng Nai,2015,7401.0,4118.0,1817.0,13336.0
Ðồng Nai,2016,7526.0,4206.0,1844.0,13576.0
Ðồng Nai,2017,7659.0,4343.0,1886.0,13888.0
Ðồng Nai,2018,7825.0,4358.0,1874.0,14057.0
Ðồng Nai,2019,8030.0,4552.0,1916.0,14498.0
Ðồng Nai,2020,8175.0,4740.0,1953.0,14868.0
Ðồng Nai,2021,8343.0,4754.0,1987.0,15084.0
Ðồng Nai,2023,8250.0,4986.0,2107.0,15343.0
Ðồng bằng sông Cửu Long,2002,63636.0,28044.0,9004.0,100684.0
Ðồng bằng sông Cửu Long,2003,61617.0,29170.0,9584.0,100371.0
Ðồng bằng sông Cửu Long,2004,58286.0,29509.0,10250.0,97991.0
Ðồng bằng sông Cửu Long,2005,55777.0,28815.0,10763.0,95355.0
Ðồng bằng sông Cửu Long,2006,55102.0,27500.0,10905.0,93507.0
Ðồng bằng sông Cửu Long,2007,54336.0,26436.0,11268.0,92040.0
Ðồng bằng sông Cửu Long,2008,54155.0,25892.0,10625.0,90672.0
Ðồng bằng sông Cửu Long,2009,54447.0,24936.0,10491.0,89874.0
Ðồng bằng sông Cửu Long,2010,55574.0,24996.0,10259.0,90829.0
Ðồng bằng sông Cửu Long,2011,55863.0,25356.0,10256.0,91475.0
Ðồng bằng sông Cửu Long,2012,56217.0,25633.0,10339.0,92189.0
Ðồng bằng sông Cửu Long,2013,55916.0,26322.0,10225.0,92463.0
Ðồng bằng sông Cửu Long,2014,55104.0,27124.0,10252.0,92480.0
Ðồng bằng sông Cửu Long,2015,55182.0,27308.0,10437.0,92927.0
Ðồng bằng sông Cửu Long,2016,54027.0,27259.0,10624.0,91910.0
Ðồng bằng sông Cửu Long,2017,53056.0,27396.0,10816.0,91268.0
Ðồng bằng sông Cửu Long,2018,51779.0,26764.0,10857.0,89400.0
Ðồng bằng sông Cửu Long,2019,50821.0,26789.0,11098.0,88708.0
Ðồng bằng sông Cửu Long,2020,49914.0,27252.0,11369.0,88535.0
Ðồng bằng sông Cửu Long,2021,49822.0,26826.0,11435.0,88083.0
Ðồng bằng sông Cửu Long,2023,46942.0,27333.0,11865.0,86140.0
Ðồng bằng sông Hồng,2002,53806.0,37255.0,13250.0,104311.0
Ðồng bằng sông Hồng,2003,51875.0,37371.0,13807.0,103053.0
Ðồng bằng sông Hồng,2004,49770.0,38318.0,14450.0,102538.0
Ðồng bằng sông Hồng,2005,47849.0,36479.0,15474.0,99802.0
Ðồng bằng sông Hồng,2006,46920.0,34913.0,16175.0,98008.0
Ðồng bằng sông Hồng,2007,46197.0,33875.0,16410.0,96482.0
Ðồng bằng sông Hồng,2008,46450.0,32644.0,16087.0,95181.0
Ðồng bằng sông Hồng,2009,46688.0,31985.0,15814.0,94487.0
Ðồng bằng sông Hồng,2010,47557.0,31119.0,15612.0,94288.0
Ðồng bằng sông Hồng,2011,48564.0,31356.0,15402.0,95322.0
Ðồng bằng sông Hồng,2012,49036.0,30858.0,15123.0,95017.0
Ðồng bằng sông Hồng,2013,50152.0,31410.0,14773.0,96335.0
Ðồng bằng sông Hồng,2014,51199.0,31429.0,14680.0,97308.0
Ðồng bằng sông Hồng,2015,55361.0,32652.0,14591.0,102604.0
Ðồng bằng sông Hồng,2016,53201.0,32537.0,14852.0,100590.0
Ðồng bằng sông Hồng,2017,55437.0,32902.0,15123.0,103462.0
Ðồng bằng sông Hồng,2018,57036.0,33488.0,15451.0,105975.0
Ðồng bằng sông Hồng,2019,58357.0,34702.0,16000.0,109059.0
Ðồng bằng sông Hồng,2020,60123.0,36230.0,16655.0,113008.0
Ðồng bằng sông Hồng,2021,61533.0,37199.0,16971.0,115703.0
Ðồng bằng sông Hồng,2023,60411.0,40985.0,18772.0,120168.0
Đồng Tháp,2002,6081.0,2604.0,809.0,9494.0
Đồng Tháp,2003,5915.0,2831.0,886.0,9632.0
Đồng Tháp,2004,5625.0,3008.0,991.0,9624.0
Đồng Tháp,2005,5579.0,2844.0,1055.0,9478.0
Đồng Tháp,2006,5430.0,2607.0,1111.0,9148.0
Đồng Tháp,2007,5354.0,2490.0,1107.0,8951.0
Đồng Tháp,2008,5368.0,2440.0,1148.0,8956.0
Đồng Tháp,2009,5456.0,2360.0,1140.0,8956.0
Đồng Tháp,2010,5529.0,2408.0,1086.0,9023.0
Đồng Tháp,2011,5527.0,2451.0,1049.0,9027.0
Đồng Tháp,2012,5547.0,2439.0,1059.0,9045.0
Đồng Tháp,2013,5841.0,2505.0,1052.0,9398.0
Đồng Tháp,2014,5618.0,2508.0,1055.0,9181.0
Đồng Tháp,2015,5526.0,2526.0,1043.0,9095.0
Đồng Tháp,2016,5443.0,2531.0,1061.0,9035.0
Đồng Tháp,2017,5334.0,2556.0,1069.0,8959.0
Đồng Tháp,2018,5227.0,2543.0,1071.0,8841.0
Đồng Tháp,2019,5080.0,2553.0,1087.0,8720.0
Đồng Tháp,2020,5029.0,2628.0,1144.0,8801.0
Đồng Tháp,2021,4941.0,2564.0,1175.0,8680.0
Đồng Tháp,2023,4612.0,2621.0,1280.0,8513.0
