Địa phương,Năm,Phổ thông cơ sở,Tiểu học,Trung học,Trung học cơ sở,Trung học phổ thông,Tổng số
Đồng bằng sông Hồng,2002,90.0,2647.0,15.0,2363.0,489.0,5604.0
Đồng bằng sông Hồng,2003,85.0,2662.0,11.0,2377.0,500.0,5635.0
Đồng bằng sông Hồng,2004,80.0,2667.0,14.0,2380.0,530.0,5671.0
Đồng bằng sông Hồng,2005,75.0,2684.0,27.0,2395.0,507.0,5688.0
Đồng bằng sông Hồng,2006,66.0,2694.0,11.0,2407.0,547.0,5725.0
Đồng bằng sông Hồng,2007,65.0,2705.0,10.0,2418.0,581.0,5779.0
Đồng bằng sông Hồng,2008,63.0,2705.0,11.0,2420.0,579.0,5778.0
Đồng bằng sông Hồng,2009,57.0,2715.0,18.0,2426.0,599.0,5815.0
Đồng bằng sông Hồng,2010,63.0,2719.0,44.0,2423.0,570.0,5819.0
Đồng bằng sông Hồng,2011,62.0,2730.0,37.0,2434.0,577.0,5840.0
Đồng bằng sông Hồng,2012,59.0,2737.0,50.0,2441.0,577.0,5864.0
Đồng bằng sông Hồng,2013,61.0,2762.0,37.0,2448.0,614.0,5922.0
Đồng bằng sông Hồng,2014,51.0,2756.0,42.0,2445.0,592.0,5886.0
Đồng bằng sông Hồng,2015,57.0,2752.0,42.0,2446.0,595.0,5892.0
Đồng bằng sông Hồng,2016,58.0,2758.0,47.0,2432.0,591.0,5886.0
Đồng bằng sông Hồng,2017,62.0,2770.0,44.0,2427.0,596.0,5899.0
Đồng bằng sông Hồng,2019,281.0,2464.0,64.0,2202.0,593.0,5604.0
Đồng bằng sông Hồng,2020,315.0,2430.0,69.0,2164.0,593.0,5571.0
Đồng bằng sông Hồng,2021,326.0,2431.0,74.0,2158.0,597.0,5586.0
An Giang,2002,,400.0,23.0,112.0,33.0,568.0
An Giang,2003,,399.0,13.0,130.0,43.0,585.0
An Giang,2004,,400.0,1.0,138.0,56.0,595.0
An Giang,2005,,400.0,1.0,142.0,55.0,598.0
An Giang,2006,,395.0,,147.0,53.0,595.0
An Giang,2007,,392.0,1.0,149.0,52.0,594.0
An Giang,2008,,395.0,1.0,152.0,48.0,596.0
An Giang,2009,,393.0,,154.0,47.0,594.0
An Giang,2010,,396.0,3.0,155.0,47.0,601.0
An Giang,2011,,390.0,6.0,155.0,44.0,595.0
An Giang,2012,,392.0,13.0,154.0,44.0,603.0
An Giang,2013,,357.0,8.0,155.0,43.0,563.0
An Giang,2014,1.0,346.0,9.0,156.0,42.0,554.0
An Giang,2015,1.0,339.0,9.0,156.0,42.0,547.0
An Giang,2016,1.0,334.0,9.0,156.0,42.0,542.0
An Giang,2017,1.0,328.0,9.0,156.0,42.0,536.0
An Giang,2019,2.0,322.0,9.0,155.0,43.0,531.0
An Giang,2020,2.0,319.0,10.0,154.0,43.0,528.0
An Giang,2021,4.0,312.0,11.0,151.0,43.0,521.0
Bà Rịa - Vũng Tàu,2002,,137.0,9.0,56.0,14.0,216.0
Bà Rịa - Vũng Tàu,2003,,139.0,7.0,58.0,16.0,220.0
Bà Rịa - Vũng Tàu,2004,,139.0,3.0,69.0,21.0,232.0
Bà Rịa - Vũng Tàu,2005,,139.0,3.0,70.0,22.0,234.0
Bà Rịa - Vũng Tàu,2006,,142.0,3.0,70.0,24.0,239.0
Bà Rịa - Vũng Tàu,2007,,143.0,3.0,71.0,25.0,242.0
Bà Rịa - Vũng Tàu,2008,1.0,141.0,3.0,73.0,25.0,243.0
Bà Rịa - Vũng Tàu,2009,,140.0,2.0,74.0,25.0,241.0
Bà Rịa - Vũng Tàu,2010,,145.0,4.0,76.0,27.0,252.0
Bà Rịa - Vũng Tàu,2011,1.0,144.0,4.0,78.0,27.0,254.0
Bà Rịa - Vũng Tàu,2012,,143.0,5.0,82.0,29.0,259.0
Bà Rịa - Vũng Tàu,2013,,144.0,4.0,85.0,29.0,262.0
Bà Rịa - Vũng Tàu,2014,,146.0,5.0,85.0,28.0,264.0
Bà Rịa - Vũng Tàu,2015,1.0,142.0,4.0,87.0,29.0,263.0
Bà Rịa - Vũng Tàu,2016,1.0,143.0,5.0,87.0,29.0,265.0
Bà Rịa - Vũng Tàu,2017,1.0,143.0,5.0,88.0,29.0,266.0
Bà Rịa - Vũng Tàu,2019,1.0,136.0,4.0,88.0,30.0,259.0
Bà Rịa - Vũng Tàu,2020,1.0,134.0,8.0,89.0,31.0,263.0
Bà Rịa - Vũng Tàu,2021,2.0,136.0,6.0,90.0,31.0,265.0
Bình Dương,2002,,116.0,28.0,43.0,2.0,189.0
Bình Dương,2003,,117.0,26.0,44.0,2.0,189.0
Bình Dương,2004,,122.0,25.0,43.0,4.0,194.0
Bình Dương,2005,,129.0,17.0,48.0,11.0,205.0
Bình Dương,2006,,131.0,14.0,49.0,12.0,206.0
Bình Dương,2007,,131.0,12.0,51.0,14.0,208.0
Bình Dương,2008,1.0,129.0,13.0,53.0,14.0,210.0
Bình Dương,2009,2.0,129.0,12.0,54.0,14.0,211.0
Bình Dương,2010,2.0,133.0,10.0,57.0,17.0,219.0
Bình Dương,2011,2.0,136.0,10.0,64.0,21.0,233.0
Bình Dương,2012,,136.0,5.0,66.0,21.0,228.0
Bình Dương,2013,5.0,136.0,11.0,66.0,22.0,240.0
Bình Dương,2014,3.0,139.0,10.0,68.0,23.0,243.0
Bình Dương,2015,3.0,145.0,10.0,69.0,24.0,251.0
Bình Dương,2016,3.0,151.0,10.0,71.0,24.0,259.0
Bình Dương,2017,3.0,152.0,11.0,72.0,24.0,262.0
Bình Dương,2019,5.0,149.0,13.0,75.0,23.0,265.0
Bình Dương,2020,4.0,154.0,13.0,77.0,24.0,272.0
Bình Dương,2021,5.0,158.0,13.0,79.0,26.0,281.0
Bình Phước,2002,,136.0,6.0,74.0,11.0,227.0
Bình Phước,2003,1.0,140.0,6.0,79.0,12.0,238.0
Bình Phước,2004,,142.0,5.0,84.0,16.0,247.0
Bình Phước,2005,,144.0,6.0,84.0,16.0,250.0
Bình Phước,2006,,148.0,6.0,86.0,17.0,257.0
Bình Phước,2007,,152.0,7.0,88.0,20.0,267.0
Bình Phước,2008,,159.0,7.0,88.0,21.0,275.0
Bình Phước,2009,2.0,163.0,8.0,88.0,21.0,282.0
Bình Phước,2010,6.0,166.0,9.0,90.0,21.0,292.0
Bình Phước,2011,6.0,169.0,9.0,93.0,23.0,300.0
Bình Phước,2012,7.0,172.0,8.0,96.0,24.0,307.0
Bình Phước,2013,9.0,171.0,8.0,96.0,25.0,309.0
Bình Phước,2014,7.0,173.0,7.0,99.0,26.0,312.0
Bình Phước,2015,8.0,173.0,7.0,99.0,26.0,313.0
Bình Phước,2016,8.0,173.0,7.0,99.0,27.0,314.0
Bình Phước,2017,8.0,174.0,7.0,101.0,27.0,317.0
Bình Phước,2019,30.0,137.0,7.0,78.0,27.0,279.0
Bình Phước,2020,40.0,123.0,8.0,67.0,27.0,265.0
Bình Phước,2021,41.0,122.0,9.0,66.0,27.0,265.0
Bình Thuận,2002,,254.0,9.0,78.0,13.0,354.0
Bình Thuận,2003,,256.0,6.0,89.0,17.0,368.0
Bình Thuận,2004,,269.0,3.0,101.0,20.0,393.0
Bình Thuận,2005,,273.0,2.0,108.0,24.0,407.0
Bình Thuận,2006,,274.0,1.0,115.0,26.0,416.0
Bình Thuận,2007,,274.0,,117.0,27.0,418.0
Bình Thuận,2008,,278.0,,117.0,25.0,420.0
Bình Thuận,2009,,281.0,,121.0,26.0,428.0
Bình Thuận,2010,,282.0,,123.0,26.0,431.0
Bình Thuận,2011,,281.0,,124.0,26.0,431.0
Bình Thuận,2012,2.0,279.0,2.0,123.0,27.0,433.0
Bình Thuận,2013,,280.0,2.0,127.0,26.0,435.0
Bình Thuận,2014,,280.0,3.0,128.0,26.0,437.0
Bình Thuận,2015,2.0,278.0,4.0,126.0,25.0,435.0
Bình Thuận,2016,3.0,277.0,4.0,127.0,25.0,436.0
Bình Thuận,2017,3.0,277.0,4.0,127.0,25.0,436.0
Bình Thuận,2019,15.0,248.0,3.0,115.0,25.0,406.0
Bình Thuận,2020,17.0,246.0,3.0,113.0,25.0,404.0
Bình Thuận,2021,17.0,242.0,3.0,113.0,25.0,400.0
Bình Định,2002,,244.0,24.0,103.0,22.0,393.0
Bình Định,2003,,247.0,23.0,105.0,23.0,398.0
Bình Định,2004,6.0,241.0,17.0,117.0,29.0,410.0
Bình Định,2005,6.0,242.0,17.0,117.0,31.0,413.0
Bình Định,2006,5.0,240.0,16.0,127.0,32.0,420.0
Bình Định,2007,5.0,242.0,11.0,128.0,40.0,426.0
Bình Định,2008,5.0,242.0,10.0,130.0,39.0,426.0
Bình Định,2009,4.0,243.0,4.0,140.0,45.0,436.0
Bình Định,2010,7.0,241.0,3.0,140.0,47.0,438.0
Bình Định,2011,7.0,241.0,3.0,141.0,47.0,439.0
Bình Định,2012,6.0,243.0,3.0,142.0,47.0,441.0
Bình Định,2013,5.0,243.0,3.0,144.0,48.0,443.0
Bình Định,2014,4.0,244.0,3.0,145.0,50.0,446.0
Bình Định,2015,4.0,243.0,3.0,146.0,50.0,446.0
Bình Định,2016,4.0,243.0,4.0,146.0,50.0,447.0
Bình Định,2017,4.0,244.0,4.0,145.0,50.0,447.0
Bình Định,2019,6.0,208.0,4.0,143.0,50.0,411.0
Bình Định,2020,7.0,204.0,4.0,141.0,50.0,406.0
Bình Định,2021,7.0,204.0,4.0,141.0,51.0,407.0
Bạc Liêu,2002,,150.0,6.0,67.0,6.0,229.0
Bạc Liêu,2003,,151.0,6.0,67.0,8.0,232.0
Bạc Liêu,2004,,150.0,5.0,67.0,9.0,231.0
Bạc Liêu,2005,,150.0,7.0,67.0,9.0,233.0
Bạc Liêu,2006,1.0,150.0,7.0,66.0,11.0,235.0
Bạc Liêu,2007,,150.0,7.0,66.0,11.0,234.0
Bạc Liêu,2008,,154.0,7.0,67.0,11.0,239.0
Bạc Liêu,2009,,154.0,7.0,68.0,11.0,240.0
Bạc Liêu,2010,,154.0,6.0,69.0,12.0,241.0
Bạc Liêu,2011,,154.0,7.0,67.0,12.0,240.0
Bạc Liêu,2012,,151.0,7.0,66.0,12.0,236.0
Bạc Liêu,2013,3.0,142.0,5.0,62.0,15.0,227.0
Bạc Liêu,2014,2.0,130.0,6.0,61.0,14.0,213.0
Bạc Liêu,2015,3.0,127.0,6.0,60.0,14.0,210.0
Bạc Liêu,2016,1.0,128.0,6.0,62.0,14.0,211.0
Bạc Liêu,2017,1.0,129.0,5.0,63.0,15.0,213.0
Bạc Liêu,2019,3.0,131.0,5.0,59.0,15.0,213.0
Bạc Liêu,2020,3.0,118.0,6.0,59.0,14.0,200.0
Bạc Liêu,2021,3.0,115.0,6.0,59.0,14.0,197.0
Bắc Giang,2002,11.0,256.0,6.0,215.0,36.0,524.0
Bắc Giang,2003,11.0,256.0,3.0,219.0,40.0,529.0
Bắc Giang,2004,12.0,256.0,3.0,219.0,41.0,531.0
Bắc Giang,2005,12.0,255.0,2.0,220.0,43.0,532.0
Bắc Giang,2006,13.0,256.0,2.0,221.0,46.0,538.0
Bắc Giang,2007,12.0,258.0,1.0,226.0,47.0,544.0
Bắc Giang,2008,12.0,260.0,2.0,220.0,46.0,540.0
Bắc Giang,2009,13.0,259.0,,226.0,49.0,547.0
Bắc Giang,2010,13.0,258.0,1.0,227.0,48.0,547.0
Bắc Giang,2011,13.0,259.0,2.0,225.0,48.0,547.0
Bắc Giang,2012,15.0,259.0,2.0,225.0,48.0,549.0
Bắc Giang,2013,15.0,260.0,2.0,225.0,48.0,550.0
Bắc Giang,2014,15.0,260.0,5.0,225.0,45.0,550.0
Bắc Giang,2015,15.0,261.0,3.0,225.0,43.0,547.0
Bắc Giang,2016,15.0,260.0,4.0,225.0,43.0,547.0
Bắc Giang,2017,26.0,247.0,3.0,215.0,43.0,534.0
Bắc Giang,2019,26.0,222.0,4.0,212.0,44.0,508.0
Bắc Giang,2020,24.0,220.0,3.0,209.0,44.0,500.0
Bắc Giang,2021,23.0,220.0,4.0,209.0,44.0,500.0
Bắc Kạn,2002,21.0,110.0,5.0,65.0,5.0,206.0
Bắc Kạn,2003,21.0,110.0,4.0,73.0,8.0,216.0
Bắc Kạn,2004,20.0,111.0,5.0,74.0,8.0,218.0
Bắc Kạn,2005,18.0,111.0,5.0,76.0,8.0,218.0
Bắc Kạn,2006,21.0,108.0,6.0,74.0,9.0,218.0
Bắc Kạn,2007,21.0,108.0,6.0,74.0,9.0,218.0
Bắc Kạn,2008,22.0,99.0,6.0,74.0,9.0,210.0
Bắc Kạn,2009,22.0,107.0,5.0,74.0,9.0,217.0
Bắc Kạn,2010,20.0,110.0,5.0,77.0,10.0,222.0
Bắc Kạn,2011,19.0,111.0,4.0,80.0,11.0,225.0
Bắc Kạn,2012,19.0,112.0,4.0,80.0,11.0,226.0
Bắc Kạn,2013,19.0,111.0,4.0,80.0,11.0,225.0
Bắc Kạn,2014,19.0,112.0,4.0,80.0,11.0,226.0
Bắc Kạn,2015,19.0,113.0,4.0,80.0,11.0,227.0
Bắc Kạn,2016,25.0,105.0,4.0,76.0,11.0,221.0
Bắc Kạn,2017,40.0,85.0,4.0,61.0,11.0,201.0
Bắc Kạn,2019,44.0,80.0,4.0,57.0,10.0,195.0
Bắc Kạn,2020,38.0,79.0,4.0,59.0,10.0,190.0
Bắc Kạn,2021,41.0,74.0,4.0,56.0,10.0,185.0
Bắc Ninh,2002,,149.0,,130.0,29.0,308.0
Bắc Ninh,2003,,149.0,,131.0,28.0,308.0
Bắc Ninh,2004,,149.0,,132.0,29.0,310.0
Bắc Ninh,2005,,150.0,,133.0,34.0,317.0
Bắc Ninh,2006,,150.0,,133.0,35.0,318.0
Bắc Ninh,2007,,150.0,,136.0,36.0,322.0
Bắc Ninh,2008,,150.0,,134.0,37.0,321.0
Bắc Ninh,2009,,150.0,,134.0,37.0,321.0
Bắc Ninh,2010,,148.0,,134.0,37.0,319.0
Bắc Ninh,2011,,152.0,,134.0,36.0,322.0
Bắc Ninh,2012,,152.0,,134.0,35.0,321.0
Bắc Ninh,2013,,153.0,,134.0,35.0,322.0
Bắc Ninh,2014,,153.0,,135.0,35.0,323.0
Bắc Ninh,2015,,154.0,2.0,135.0,35.0,326.0
Bắc Ninh,2016,,155.0,2.0,135.0,35.0,327.0
Bắc Ninh,2017,,155.0,2.0,135.0,35.0,327.0
Bắc Ninh,2019,2.0,151.0,3.0,134.0,34.0,324.0
Bắc Ninh,2020,3.0,151.0,3.0,134.0,37.0,328.0
Bắc Ninh,2021,2.0,152.0,4.0,134.0,35.0,327.0
Bắc Trung Bộ và Duyên hải miền Trung,2002,109.0,3880.0,99.0,2326.0,409.0,6823.0
Bắc Trung Bộ và Duyên hải miền Trung,2003,112.0,3883.0,84.0,2361.0,436.0,6876.0
Bắc Trung Bộ và Duyên hải miền Trung,2004,120.0,3852.0,70.0,2412.0,466.0,6920.0
Bắc Trung Bộ và Duyên hải miền Trung,2005,113.0,3857.0,62.0,2441.0,488.0,6961.0
Bắc Trung Bộ và Duyên hải miền Trung,2006,106.0,3820.0,49.0,2489.0,517.0,6981.0
Bắc Trung Bộ và Duyên hải miền Trung,2007,98.0,3804.0,47.0,2515.0,535.0,6999.0
Bắc Trung Bộ và Duyên hải miền Trung,2008,98.0,3814.0,41.0,2530.0,547.0,7030.0
Bắc Trung Bộ và Duyên hải miền Trung,2009,109.0,3798.0,35.0,2542.0,567.0,7051.0
Bắc Trung Bộ và Duyên hải miền Trung,2010,105.0,3787.0,28.0,2541.0,579.0,7040.0
Bắc Trung Bộ và Duyên hải miền Trung,2011,102.0,3791.0,31.0,2547.0,580.0,7051.0
Bắc Trung Bộ và Duyên hải miền Trung,2012,132.0,3767.0,39.0,2536.0,585.0,7059.0
Bắc Trung Bộ và Duyên hải miền Trung,2013,145.0,3745.0,43.0,2508.0,580.0,7021.0
Bắc Trung Bộ và Duyên hải miền Trung,2014,147.0,3718.0,47.0,2507.0,581.0,7000.0
Bắc Trung Bộ và Duyên hải miền Trung,2015,148.0,3713.0,53.0,2517.0,581.0,7012.0
Bắc Trung Bộ và Duyên hải miền Trung,2016,159.0,3700.0,53.0,2515.0,579.0,7006.0
Bắc Trung Bộ và Duyên hải miền Trung,2017,168.0,3675.0,58.0,2504.0,578.0,6983.0
Bắc Trung Bộ và Duyên hải miền Trung,2019,349.0,3253.0,67.0,2293.0,557.0,6519.0
Bắc Trung Bộ và Duyên hải miền Trung,2020,411.0,3147.0,75.0,2210.0,557.0,6400.0
Bắc Trung Bộ và Duyên hải miền Trung,2021,425.0,3106.0,81.0,2180.0,560.0,6352.0
Bến Tre,2002,1.0,203.0,,130.0,40.0,374.0
Bến Tre,2003,,204.0,,135.0,40.0,379.0
Bến Tre,2004,,203.0,,133.0,40.0,376.0
Bến Tre,2005,,194.0,,135.0,40.0,369.0
Bến Tre,2006,,191.0,,135.0,40.0,366.0
Bến Tre,2007,,191.0,,137.0,41.0,369.0
Bến Tre,2008,,190.0,,137.0,30.0,357.0
Bến Tre,2009,,190.0,,135.0,31.0,356.0
Bến Tre,2010,,189.0,,137.0,31.0,357.0
Bến Tre,2011,,189.0,,136.0,31.0,356.0
Bến Tre,2012,,189.0,,136.0,31.0,356.0
Bến Tre,2013,,190.0,1.0,134.0,32.0,357.0
Bến Tre,2014,,190.0,2.0,132.0,32.0,356.0
Bến Tre,2015,,190.0,2.0,133.0,32.0,357.0
Bến Tre,2016,,190.0,2.0,133.0,33.0,358.0
Bến Tre,2017,,190.0,2.0,132.0,33.0,357.0
Bến Tre,2019,1.0,187.0,3.0,131.0,34.0,356.0
Bến Tre,2020,2.0,185.0,3.0,130.0,35.0,355.0
Bến Tre,2021,5.0,180.0,3.0,128.0,35.0,351.0
Cả Nước,2002,1197.0,14163.0,537.0,8396.0,1532.0,25825.0
Cả Nước,2003,1143.0,14346.0,454.0,8745.0,1664.0,26352.0
Cả Nước,2004,1034.0,14518.0,396.0,9041.0,1828.0,26817.0
Cả Nước,2005,889.0,14688.0,315.0,9383.0,1952.0,27227.0
Cả Nước,2006,773.0,14834.0,307.0,9635.0,2044.0,27593.0
Cả Nước,2007,727.0,14933.0,308.0,9781.0,2149.0,27898.0
Cả Nước,2008,674.0,15051.0,295.0,9902.0,2192.0,28114.0
Cả Nước,2009,611.0,15172.0,294.0,10064.0,2267.0,28408.0
Cả Nước,2010,601.0,15242.0,319.0,10143.0,2288.0,28593.0
Cả Nước,2011,554.0,15337.0,319.0,10243.0,2350.0,28803.0
Cả Nước,2012,557.0,15361.0,347.0,10290.0,2361.0,28916.0
Cả Nước,2013,592.0,15337.0,354.0,10290.0,2404.0,28977.0
Cả Nước,2014,585.0,15277.0,381.0,10293.0,2386.0,28922.0
Cả Nước,2015,597.0,15254.0,389.0,10312.0,2399.0,28951.0
Cả Nước,2016,773.0,15052.0,420.0,10155.0,2391.0,28791.0
Cả Nước,2017,848.0,14937.0,436.0,10091.0,2398.0,28710.0
Cả Nước,2019,1738.0,13093.0,488.0,9120.0,2376.0,26815.0
Cả Nước,2020,1962.0,12693.0,529.0,8846.0,2373.0,26403.0
Cả Nước,2021,2035.0,12527.0,561.0,8744.0,2380.0,26247.0
Cao Bằng,2002,75.0,173.0,16.0,60.0,9.0,333.0
Cao Bằng,2003,84.0,168.0,16.0,66.0,9.0,343.0
Cao Bằng,2004,97.0,153.0,12.0,72.0,13.0,347.0
Cao Bằng,2005,84.0,166.0,9.0,88.0,17.0,364.0
Cao Bằng,2006,79.0,172.0,10.0,94.0,16.0,371.0
Cao Bằng,2007,76.0,181.0,10.0,100.0,17.0,384.0
Cao Bằng,2008,73.0,187.0,9.0,107.0,20.0,396.0
Cao Bằng,2009,70.0,194.0,8.0,116.0,21.0,409.0
Cao Bằng,2010,65.0,208.0,8.0,121.0,21.0,423.0
Cao Bằng,2011,34.0,241.0,8.0,153.0,22.0,458.0
Cao Bằng,2012,33.0,242.0,7.0,156.0,23.0,461.0
Cao Bằng,2013,32.0,243.0,7.0,157.0,23.0,462.0
Cao Bằng,2014,30.0,245.0,7.0,160.0,23.0,465.0
Cao Bằng,2015,30.0,246.0,7.0,160.0,23.0,466.0
Cao Bằng,2016,29.0,247.0,7.0,161.0,23.0,467.0
Cao Bằng,2017,28.0,247.0,6.0,162.0,24.0,467.0
Cao Bằng,2019,84.0,132.0,6.0,100.0,24.0,346.0
Cao Bằng,2020,84.0,130.0,6.0,99.0,24.0,343.0
Cao Bằng,2021,85.0,127.0,6.0,98.0,24.0,340.0
Cà Mau,2002,,257.0,12.0,89.0,9.0,367.0
Cà Mau,2003,,259.0,12.0,94.0,11.0,376.0
Cà Mau,2004,,262.0,10.0,99.0,13.0,384.0
Cà Mau,2005,,259.0,8.0,102.0,15.0,384.0
Cà Mau,2006,,259.0,7.0,105.0,18.0,389.0
Cà Mau,2007,,259.0,7.0,107.0,20.0,393.0
Cà Mau,2008,,262.0,8.0,107.0,20.0,397.0
Cà Mau,2009,,262.0,9.0,106.0,20.0,397.0
Cà Mau,2010,,263.0,9.0,109.0,21.0,402.0
Cà Mau,2011,,267.0,9.0,111.0,21.0,408.0
Cà Mau,2012,,267.0,7.0,117.0,23.0,414.0
Cà Mau,2013,,267.0,6.0,117.0,23.0,413.0
Cà Mau,2014,,268.0,7.0,118.0,24.0,417.0
Cà Mau,2015,,263.0,7.0,118.0,25.0,413.0
Cà Mau,2016,,260.0,6.0,120.0,26.0,412.0
Cà Mau,2017,,257.0,6.0,120.0,26.0,409.0
Cà Mau,2019,7.0,236.0,8.0,113.0,25.0,389.0
Cà Mau,2020,8.0,222.0,9.0,109.0,24.0,372.0
Cà Mau,2021,10.0,221.0,11.0,105.0,23.0,370.0
Cần Thơ,2002,,324.0,31.0,92.0,8.0,455.0
Cần Thơ,2003,,328.0,23.0,95.0,16.0,462.0
Cần Thơ,2004,,170.0,10.0,54.0,13.0,247.0
Cần Thơ,2005,,171.0,8.0,55.0,15.0,249.0
Cần Thơ,2006,,171.0,8.0,55.0,15.0,249.0
Cần Thơ,2007,,171.0,8.0,55.0,16.0,250.0
Cần Thơ,2008,,176.0,7.0,56.0,16.0,255.0
Cần Thơ,2009,,178.0,5.0,62.0,16.0,261.0
Cần Thơ,2010,,180.0,4.0,62.0,18.0,264.0
Cần Thơ,2011,1.0,179.0,6.0,62.0,20.0,268.0
Cần Thơ,2012,,181.0,5.0,64.0,21.0,271.0
Cần Thơ,2013,,182.0,7.0,65.0,23.0,277.0
Cần Thơ,2014,1.0,181.0,8.0,64.0,22.0,276.0
Cần Thơ,2015,1.0,182.0,10.0,63.0,23.0,279.0
Cần Thơ,2016,1.0,181.0,10.0,63.0,23.0,278.0
Cần Thơ,2017,1.0,180.0,10.0,66.0,23.0,280.0
Cần Thơ,2019,1.0,176.0,12.0,68.0,24.0,281.0
Cần Thơ,2020,1.0,173.0,12.0,69.0,24.0,279.0
Cần Thơ,2021,2.0,167.0,13.0,69.0,24.0,275.0
Gia Lai,2002,62.0,162.0,6.0,112.0,15.0,357.0
Gia Lai,2003,76.0,174.0,2.0,109.0,20.0,381.0
Gia Lai,2004,84.0,185.0,2.0,110.0,26.0,407.0
Gia Lai,2005,81.0,192.0,1.0,118.0,26.0,418.0
Gia Lai,2006,75.0,205.0,1.0,134.0,28.0,443.0
Gia Lai,2007,70.0,213.0,,147.0,31.0,461.0
Gia Lai,2008,69.0,221.0,1.0,155.0,34.0,480.0
Gia Lai,2009,55.0,235.0,2.0,170.0,37.0,499.0
Gia Lai,2010,48.0,250.0,2.0,178.0,38.0,516.0
Gia Lai,2011,41.0,260.0,2.0,188.0,39.0,530.0
Gia Lai,2012,34.0,267.0,2.0,197.0,40.0,540.0
Gia Lai,2013,31.0,271.0,2.0,203.0,42.0,549.0
Gia Lai,2014,30.0,276.0,2.0,204.0,44.0,556.0
Gia Lai,2015,30.0,277.0,2.0,208.0,44.0,561.0
Gia Lai,2016,31.0,277.0,2.0,209.0,45.0,564.0
Gia Lai,2017,31.0,278.0,2.0,210.0,45.0,566.0
Gia Lai,2019,64.0,222.0,7.0,171.0,43.0,507.0
Gia Lai,2020,72.0,210.0,7.0,163.0,43.0,495.0
Gia Lai,2021,73.0,209.0,8.0,162.0,43.0,495.0
Hà Nội,2002,3.0,272.0,1.0,221.0,98.0,595.0
Hà Nội,2003,3.0,271.0,,225.0,97.0,596.0
Hà Nội,2004,2.0,269.0,,215.0,96.0,582.0
Hà Nội,2005,4.0,273.0,16.0,214.0,81.0,588.0
Hà Nội,2006,,277.0,,218.0,100.0,595.0
Hà Nội,2007,,280.0,,219.0,103.0,602.0
Hà Nội,2008,,674.0,,584.0,182.0,1440.0
Hà Nội,2009,7.0,677.0,10.0,581.0,186.0,1461.0
Hà Nội,2010,7.0,681.0,32.0,589.0,162.0,1471.0
Hà Nội,2011,7.0,687.0,27.0,595.0,167.0,1483.0
Hà Nội,2012,6.0,692.0,33.0,599.0,168.0,1498.0
Hà Nội,2013,6.0,696.0,19.0,605.0,205.0,1531.0
Hà Nội,2014,,707.0,25.0,607.0,183.0,1522.0
Hà Nội,2015,7.0,717.0,25.0,617.0,183.0,1549.0
Hà Nội,2016,8.0,720.0,28.0,610.0,180.0,1546.0
Hà Nội,2017,12.0,727.0,25.0,605.0,187.0,1556.0
Hà Nội,2019,18.0,754.0,30.0,610.0,196.0,1608.0
Hà Nội,2020,25.0,756.0,33.0,614.0,195.0,1623.0
Hà Nội,2021,26.0,762.0,38.0,621.0,199.0,1646.0
Hà Tây,2002,2.0,354.0,2.0,335.0,58.0,751.0
Hà Tây,2003,2.0,357.0,2.0,335.0,59.0,755.0
Hà Tây,2004,2.0,358.0,3.0,336.0,59.0,758.0
Hà Tây,2005,2.0,358.0,2.0,337.0,61.0,760.0
Hà Tây,2006,2.0,359.0,2.0,337.0,63.0,763.0
Hà Tây,2007,2.0,361.0,2.0,337.0,67.0,769.0
Hà Giang,2002,94.0,136.0,11.0,34.0,8.0,283.0
Hà Giang,2003,95.0,136.0,11.0,41.0,8.0,291.0
Hà Giang,2004,92.0,145.0,6.0,68.0,16.0,327.0
Hà Giang,2005,96.0,138.0,6.0,89.0,18.0,347.0
Hà Giang,2006,89.0,146.0,6.0,110.0,18.0,369.0
Hà Giang,2007,83.0,150.0,8.0,116.0,18.0,375.0
Hà Giang,2008,70.0,156.0,9.0,128.0,18.0,381.0
Hà Giang,2009,52.0,173.0,8.0,147.0,19.0,399.0
Hà Giang,2010,45.0,178.0,8.0,156.0,21.0,408.0
Hà Giang,2011,40.0,184.0,8.0,161.0,22.0,415.0
Hà Giang,2012,36.0,189.0,8.0,165.0,22.0,420.0
Hà Giang,2013,34.0,193.0,9.0,166.0,22.0,424.0
Hà Giang,2014,34.0,193.0,9.0,167.0,22.0,425.0
Hà Giang,2015,30.0,197.0,9.0,171.0,23.0,430.0
Hà Giang,2016,30.0,196.0,9.0,171.0,23.0,429.0
Hà Giang,2017,30.0,196.0,10.0,169.0,22.0,427.0
Hà Giang,2019,45.0,174.0,10.0,154.0,22.0,405.0
Hà Giang,2020,45.0,173.0,10.0,154.0,22.0,404.0
Hà Giang,2021,45.0,173.0,14.0,150.0,22.0,404.0
Hà Nam,2002,,139.0,,120.0,22.0,281.0
Hà Nam,2003,,139.0,,121.0,23.0,283.0
Hà Nam,2004,,139.0,,121.0,24.0,284.0
Hà Nam,2005,,139.0,,121.0,24.0,284.0
Hà Nam,2006,,139.0,,121.0,24.0,284.0
Hà Nam,2007,,139.0,,121.0,25.0,285.0
Hà Nam,2008,,140.0,,120.0,25.0,285.0
Hà Nam,2009,,140.0,,120.0,25.0,285.0
Hà Nam,2010,,140.0,,120.0,25.0,285.0
Hà Nam,2011,,140.0,,120.0,27.0,287.0
Hà Nam,2012,,140.0,,120.0,27.0,287.0
Hà Nam,2013,,140.0,,119.0,26.0,285.0
Hà Nam,2014,,121.0,,118.0,23.0,262.0
Hà Nam,2015,,121.0,,118.0,23.0,262.0
Hà Nam,2016,,121.0,,118.0,23.0,262.0
Hà Nam,2017,,121.0,,118.0,23.0,262.0
Hà Nam,2019,2.0,121.0,2.0,115.0,22.0,262.0
Hà Nam,2020,3.0,116.0,2.0,108.0,22.0,251.0
Hà Nam,2021,4.0,116.0,3.0,107.0,22.0,252.0
Hà Tĩnh,2002,,315.0,4.0,203.0,35.0,557.0
Hà Tĩnh,2003,,315.0,2.0,198.0,38.0,553.0
Hà Tĩnh,2004,1.0,313.0,1.0,195.0,41.0,551.0
Hà Tĩnh,2005,4.0,310.0,1.0,192.0,42.0,549.0
Hà Tĩnh,2006,,309.0,,197.0,43.0,549.0
Hà Tĩnh,2007,,309.0,,195.0,44.0,548.0
Hà Tĩnh,2008,,309.0,,194.0,45.0,548.0
Hà Tĩnh,2009,,307.0,,193.0,45.0,545.0
Hà Tĩnh,2010,,306.0,,188.0,46.0,540.0
Hà Tĩnh,2011,,304.0,,186.0,45.0,535.0
Hà Tĩnh,2012,,280.0,,174.0,45.0,499.0
Hà Tĩnh,2013,3.0,261.0,,155.0,44.0,463.0
Hà Tĩnh,2014,6.0,261.0,,144.0,43.0,454.0
Hà Tĩnh,2015,7.0,260.0,1.0,143.0,43.0,454.0
Hà Tĩnh,2016,8.0,259.0,2.0,143.0,42.0,454.0
Hà Tĩnh,2017,8.0,259.0,3.0,143.0,42.0,455.0
Hà Tĩnh,2019,15.0,241.0,4.0,135.0,42.0,437.0
Hà Tĩnh,2020,17.0,221.0,4.0,130.0,41.0,413.0
Hà Tĩnh,2021,17.0,221.0,4.0,130.0,41.0,413.0
Hòa Bình,2002,43.0,199.0,,180.0,33.0,455.0
Hòa Bình,2003,39.0,203.0,,187.0,33.0,462.0
Hòa Bình,2004,27.0,210.0,,194.0,33.0,464.0
Hòa Bình,2005,28.0,215.0,,204.0,32.0,479.0
Hòa Bình,2006,24.0,219.0,,209.0,32.0,484.0
Hòa Bình,2007,22.0,221.0,,210.0,34.0,487.0
Hòa Bình,2008,22.0,216.0,,205.0,35.0,478.0
Hòa Bình,2009,21.0,216.0,,206.0,38.0,481.0
Hòa Bình,2010,19.0,219.0,,210.0,38.0,486.0
Hòa Bình,2011,19.0,221.0,,211.0,38.0,489.0
Hòa Bình,2012,19.0,220.0,,210.0,37.0,486.0
Hòa Bình,2013,22.0,216.0,,209.0,37.0,484.0
Hòa Bình,2014,24.0,214.0,1.0,206.0,37.0,482.0
Hòa Bình,2015,28.0,209.0,1.0,202.0,37.0,477.0
Hòa Bình,2016,78.0,159.0,10.0,143.0,37.0,427.0
Hòa Bình,2017,101.0,132.0,10.0,121.0,37.0,401.0
Hòa Bình,2019,176.0,35.0,12.0,44.0,36.0,303.0
Hòa Bình,2020,194.0,29.0,12.0,27.0,36.0,298.0
Hòa Bình,2021,194.0,28.0,12.0,27.0,36.0,297.0
Hưng Yên,2002,,166.0,,167.0,26.0,359.0
Hưng Yên,2003,,169.0,,167.0,27.0,363.0
Hưng Yên,2004,,169.0,,167.0,49.0,385.0
Hưng Yên,2005,,169.0,,168.0,29.0,366.0
Hưng Yên,2006,,169.0,,168.0,30.0,367.0
Hưng Yên,2007,,169.0,,169.0,33.0,371.0
Hưng Yên,2008,,169.0,,169.0,26.0,364.0
Hưng Yên,2009,,169.0,,169.0,37.0,375.0
Hưng Yên,2010,,169.0,,169.0,37.0,375.0
Hưng Yên,2011,,169.0,,169.0,37.0,375.0
Hưng Yên,2012,,169.0,,169.0,37.0,375.0
Hưng Yên,2013,1.0,169.0,,171.0,38.0,379.0
Hưng Yên,2014,1.0,169.0,1.0,171.0,38.0,380.0
Hưng Yên,2015,,170.0,1.0,171.0,38.0,380.0
Hưng Yên,2016,,170.0,1.0,171.0,38.0,380.0
Hưng Yên,2017,,170.0,1.0,171.0,37.0,379.0
Hưng Yên,2019,11.0,152.0,4.0,157.0,35.0,359.0
Hưng Yên,2020,21.0,141.0,4.0,148.0,35.0,349.0
Hưng Yên,2021,25.0,141.0,4.0,144.0,35.0,349.0
Hải Dương,2002,,278.0,,270.0,41.0,589.0
Hải Dương,2003,,278.0,,270.0,42.0,590.0
Hải Dương,2004,,279.0,,273.0,43.0,595.0
Hải Dương,2005,,279.0,,273.0,43.0,595.0
Hải Dương,2006,,279.0,,273.0,46.0,598.0
Hải Dương,2007,,279.0,,273.0,50.0,602.0
Hải Dương,2008,,279.0,,273.0,52.0,604.0
Hải Dương,2009,,279.0,,273.0,53.0,605.0
Hải Dương,2010,,279.0,,272.0,53.0,604.0
Hải Dương,2011,,279.0,,272.0,54.0,605.0
Hải Dương,2012,,279.0,,272.0,54.0,605.0
Hải Dương,2013,,279.0,,271.0,54.0,604.0
Hải Dương,2014,,281.0,,272.0,54.0,607.0
Hải Dương,2015,,282.0,,272.0,54.0,608.0
Hải Dương,2016,,283.0,,272.0,54.0,609.0
Hải Dương,2017,,284.0,,273.0,54.0,611.0
Hải Dương,2019,11.0,250.0,,249.0,54.0,564.0
Hải Dương,2020,11.0,245.0,0.0,241.0,55.0,552.0
Hải Dương,2021,11.0,244.0,0.0,240.0,55.0,550.0
Hải Phòng,2002,11.0,217.0,4.0,189.0,49.0,470.0
Hải Phòng,2003,11.0,217.0,4.0,190.0,51.0,473.0
Hải Phòng,2004,10.0,217.0,3.0,190.0,52.0,472.0
Hải Phòng,2005,10.0,218.0,3.0,192.0,53.0,476.0
Hải Phòng,2006,10.0,216.0,2.0,194.0,54.0,476.0
Hải Phòng,2007,10.0,218.0,2.0,194.0,58.0,482.0
Hải Phòng,2008,10.0,218.0,2.0,194.0,55.0,479.0
Hải Phòng,2009,,218.0,,204.0,57.0,479.0
Hải Phòng,2010,10.0,219.0,3.0,193.0,53.0,478.0
Hải Phòng,2011,10.0,218.0,3.0,193.0,51.0,475.0
Hải Phòng,2012,11.0,218.0,5.0,193.0,50.0,477.0
Hải Phòng,2013,11.0,232.0,5.0,190.0,51.0,489.0
Hải Phòng,2014,11.0,231.0,4.0,190.0,52.0,488.0
Hải Phòng,2015,11.0,216.0,2.0,184.0,55.0,468.0
Hải Phòng,2016,11.0,216.0,2.0,184.0,55.0,468.0
Hải Phòng,2017,11.0,218.0,3.0,184.0,57.0,473.0
Hải Phòng,2019,11.0,220.0,7.0,183.0,58.0,479.0
Hải Phòng,2020,13.0,219.0,8.0,181.0,57.0,478.0
Hải Phòng,2021,13.0,219.0,8.0,181.0,57.0,478.0
Hậu Giang,2004,,160.0,16.0,43.0,,219.0
Hậu Giang,2005,,164.0,9.0,43.0,7.0,223.0
Hậu Giang,2006,,166.0,7.0,46.0,13.0,232.0
Hậu Giang,2007,,171.0,7.0,49.0,13.0,240.0
Hậu Giang,2008,,171.0,6.0,52.0,21.0,250.0
Hậu Giang,2009,,169.0,5.0,54.0,16.0,244.0
Hậu Giang,2010,,168.0,4.0,54.0,18.0,244.0
Hậu Giang,2011,,170.0,4.0,59.0,19.0,252.0
Hậu Giang,2012,1.0,170.0,3.0,59.0,19.0,252.0
Hậu Giang,2013,1.0,171.0,4.0,61.0,19.0,256.0
Hậu Giang,2014,1.0,169.0,4.0,61.0,19.0,254.0
Hậu Giang,2015,1.0,168.0,4.0,61.0,19.0,253.0
Hậu Giang,2016,1.0,169.0,4.0,61.0,19.0,254.0
Hậu Giang,2017,1.0,170.0,4.0,61.0,19.0,255.0
Hậu Giang,2019,1.0,162.0,4.0,61.0,19.0,247.0
Hậu Giang,2020,1.0,153.0,4.0,62.0,19.0,239.0
Hậu Giang,2021,1.0,150.0,3.0,62.0,20.0,236.0
Khánh Hòa,2002,13.0,167.0,16.0,70.0,12.0,278.0
Khánh Hòa,2003,10.0,171.0,17.0,73.0,12.0,283.0
Khánh Hòa,2004,8.0,174.0,14.0,78.0,15.0,289.0
Khánh Hòa,2005,5.0,177.0,11.0,82.0,19.0,294.0
Khánh Hòa,2006,4.0,180.0,8.0,86.0,22.0,300.0
Khánh Hòa,2007,3.0,181.0,7.0,87.0,23.0,301.0
Khánh Hòa,2008,1.0,186.0,4.0,96.0,25.0,312.0
Khánh Hòa,2009,1.0,186.0,4.0,100.0,31.0,322.0
Khánh Hòa,2010,1.0,189.0,3.0,103.0,29.0,325.0
Khánh Hòa,2011,1.0,188.0,5.0,104.0,26.0,324.0
Khánh Hòa,2012,5.0,187.0,4.0,105.0,27.0,328.0
Khánh Hòa,2013,7.0,185.0,4.0,107.0,27.0,330.0
Khánh Hòa,2014,7.0,186.0,5.0,108.0,27.0,333.0
Khánh Hòa,2015,7.0,186.0,6.0,110.0,28.0,337.0
Khánh Hòa,2016,8.0,186.0,4.0,111.0,29.0,338.0
Khánh Hòa,2017,8.0,186.0,5.0,111.0,27.0,337.0
Khánh Hòa,2019,8.0,183.0,4.0,111.0,27.0,333.0
Khánh Hòa,2020,10.0,179.0,5.0,108.0,27.0,329.0
Khánh Hòa,2021,11.0,174.0,5.0,109.0,29.0,328.0
Kiên Giang,2002,50.0,235.0,6.0,97.0,20.0,408.0
Kiên Giang,2003,51.0,239.0,8.0,106.0,20.0,424.0
Kiên Giang,2004,41.0,254.0,17.0,113.0,24.0,449.0
Kiên Giang,2005,44.0,261.0,16.0,117.0,27.0,465.0
Kiên Giang,2006,41.0,266.0,20.0,120.0,28.0,475.0
Kiên Giang,2007,40.0,279.0,20.0,124.0,29.0,492.0
Kiên Giang,2008,45.0,283.0,21.0,124.0,28.0,501.0
Kiên Giang,2009,39.0,295.0,23.0,130.0,26.0,513.0
Kiên Giang,2010,40.0,298.0,23.0,129.0,27.0,517.0
Kiên Giang,2011,41.0,304.0,23.0,128.0,28.0,524.0
Kiên Giang,2012,42.0,301.0,27.0,124.0,25.0,519.0
Kiên Giang,2013,43.0,300.0,29.0,121.0,23.0,516.0
Kiên Giang,2014,44.0,296.0,28.0,122.0,23.0,513.0
Kiên Giang,2015,44.0,296.0,29.0,122.0,23.0,514.0
Kiên Giang,2016,45.0,296.0,28.0,124.0,24.0,517.0
Kiên Giang,2017,46.0,294.0,28.0,123.0,24.0,515.0
Kiên Giang,2019,49.0,279.0,29.0,119.0,23.0,499.0
Kiên Giang,2020,54.0,267.0,31.0,110.0,23.0,485.0
Kiên Giang,2021,59.0,262.0,31.0,104.0,23.0,479.0
Kon Tum,2002,19.0,95.0,8.0,45.0,3.0,170.0
Kon Tum,2003,24.0,95.0,9.0,49.0,4.0,181.0
Kon Tum,2004,16.0,105.0,9.0,60.0,4.0,194.0
Kon Tum,2005,28.0,99.0,9.0,63.0,6.0,205.0
Kon Tum,2006,15.0,113.0,9.0,76.0,6.0,219.0
Kon Tum,2007,8.0,115.0,10.0,81.0,6.0,220.0
Kon Tum,2008,8.0,123.0,1.0,85.0,11.0,228.0
Kon Tum,2009,7.0,126.0,11.0,87.0,10.0,241.0
Kon Tum,2010,6.0,131.0,10.0,91.0,14.0,252.0
Kon Tum,2011,7.0,131.0,10.0,94.0,14.0,256.0
Kon Tum,2012,1.0,140.0,11.0,100.0,13.0,265.0
Kon Tum,2013,1.0,141.0,11.0,100.0,13.0,266.0
Kon Tum,2014,2.0,143.0,10.0,101.0,16.0,272.0
Kon Tum,2015,1.0,145.0,10.0,104.0,16.0,276.0
Kon Tum,2016,1.0,146.0,10.0,106.0,16.0,279.0
Kon Tum,2017,3.0,147.0,10.0,107.0,17.0,284.0
Kon Tum,2019,29.0,119.0,10.0,83.0,17.0,258.0
Kon Tum,2020,49.0,99.0,10.0,62.0,18.0,238.0
Kon Tum,2021,53.0,94.0,9.0,57.0,17.0,230.0
Lai Châu,2002,63.0,130.0,6.0,59.0,10.0,268.0
Lai Châu,2003,56.0,145.0,5.0,86.0,12.0,304.0
Lai Châu,2004,49.0,67.0,1.0,42.0,7.0,166.0
Lai Châu,2005,38.0,84.0,,65.0,8.0,195.0
Lai Châu,2006,23.0,100.0,,81.0,9.0,213.0
Lai Châu,2007,20.0,111.0,,86.0,11.0,228.0
Lai Châu,2008,14.0,120.0,,97.0,13.0,244.0
Lai Châu,2009,10.0,130.0,,105.0,16.0,261.0
Lai Châu,2010,7.0,135.0,,109.0,16.0,267.0
Lai Châu,2011,6.0,137.0,,109.0,18.0,270.0
Lai Châu,2012,6.0,139.0,,112.0,18.0,275.0
Lai Châu,2013,,148.0,,122.0,22.0,292.0
Lai Châu,2014,4.0,145.0,3.0,116.0,19.0,287.0
Lai Châu,2015,3.0,144.0,4.0,113.0,21.0,285.0
Lai Châu,2016,3.0,143.0,3.0,113.0,22.0,284.0
Lai Châu,2017,3.0,140.0,3.0,113.0,22.0,281.0
Lai Châu,2019,16.0,97.0,0.0,93.0,25.0,231.0
Lai Châu,2020,18.0,94.0,0.0,91.0,23.0,226.0
Lai Châu,2021,22.0,90.0,0.0,88.0,23.0,223.0
Long An,2002,17.0,237.0,18.0,89.0,13.0,374.0
Long An,2003,14.0,243.0,4.0,103.0,28.0,392.0
Long An,2004,14.0,243.0,5.0,104.0,28.0,394.0
Long An,2005,12.0,247.0,6.0,108.0,28.0,401.0
Long An,2006,13.0,244.0,6.0,115.0,29.0,407.0
Long An,2007,14.0,239.0,8.0,114.0,29.0,404.0
Long An,2008,14.0,239.0,10.0,115.0,30.0,408.0
Long An,2009,9.0,247.0,10.0,122.0,31.0,419.0
Long An,2010,9.0,247.0,10.0,122.0,31.0,419.0
Long An,2011,10.0,246.0,11.0,122.0,33.0,422.0
Long An,2012,10.0,249.0,13.0,122.0,33.0,427.0
Long An,2013,10.0,253.0,13.0,122.0,33.0,431.0
Long An,2014,8.0,255.0,14.0,126.0,33.0,436.0
Long An,2015,4.0,259.0,13.0,132.0,34.0,442.0
Long An,2016,3.0,261.0,15.0,132.0,34.0,445.0
Long An,2017,2.0,262.0,15.0,133.0,33.0,445.0
Long An,2019,25.0,190.0,13.0,114.0,30.0,372.0
Long An,2020,33.0,185.0,13.0,110.0,30.0,371.0
Long An,2021,34.0,184.0,13.0,112.0,31.0,374.0
Lào Cai,2002,109.0,149.0,,98.0,18.0,374.0
Lào Cai,2003,73.0,187.0,,141.0,21.0,422.0
Lào Cai,2004,33.0,199.0,,158.0,21.0,411.0
Lào Cai,2005,14.0,218.0,,178.0,24.0,434.0
Lào Cai,2006,7.0,226.0,,186.0,25.0,444.0
Lào Cai,2007,7.0,229.0,,186.0,26.0,448.0
Lào Cai,2008,7.0,234.0,,187.0,26.0,454.0
Lào Cai,2009,8.0,236.0,,187.0,26.0,457.0
Lào Cai,2010,7.0,237.0,,188.0,27.0,459.0
Lào Cai,2011,7.0,240.0,1.0,191.0,27.0,466.0
Lào Cai,2012,7.0,239.0,1.0,189.0,27.0,463.0
Lào Cai,2013,6.0,241.0,1.0,190.0,27.0,465.0
Lào Cai,2014,9.0,238.0,5.0,184.0,27.0,463.0
Lào Cai,2015,15.0,231.0,5.0,178.0,27.0,456.0
Lào Cai,2016,21.0,223.0,9.0,168.0,27.0,448.0
Lào Cai,2017,26.0,212.0,9.0,163.0,27.0,437.0
Lào Cai,2019,38.0,186.0,9.0,150.0,27.0,410.0
Lào Cai,2020,41.0,182.0,9.0,147.0,27.0,406.0
Lào Cai,2021,42.0,182.0,9.0,145.0,27.0,405.0
Lâm Đồng,2002,15.0,247.0,28.0,90.0,14.0,394.0
Lâm Đồng,2003,14.0,250.0,28.0,97.0,15.0,404.0
Lâm Đồng,2004,20.0,245.0,29.0,97.0,17.0,408.0
Lâm Đồng,2005,,247.0,,125.0,51.0,423.0
Lâm Đồng,2006,22.0,247.0,29.0,108.0,25.0,431.0
Lâm Đồng,2007,21.0,248.0,30.0,109.0,28.0,436.0
Lâm Đồng,2008,18.0,247.0,30.0,114.0,33.0,442.0
Lâm Đồng,2009,20.0,249.0,26.0,122.0,38.0,455.0
Lâm Đồng,2010,18.0,251.0,21.0,145.0,36.0,471.0
Lâm Đồng,2011,16.0,251.0,22.0,133.0,37.0,459.0
Lâm Đồng,2012,16.0,255.0,14.0,137.0,46.0,468.0
Lâm Đồng,2013,17.0,254.0,12.0,140.0,47.0,470.0
Lâm Đồng,2014,17.0,254.0,12.0,141.0,47.0,471.0
Lâm Đồng,2015,16.0,253.0,11.0,142.0,48.0,470.0
Lâm Đồng,2016,16.0,254.0,10.0,143.0,49.0,472.0
Lâm Đồng,2017,14.0,256.0,10.0,145.0,48.0,473.0
Lâm Đồng,2019,16.0,249.0,10.0,143.0,47.0,465.0
Lâm Đồng,2020,17.0,244.0,13.0,140.0,46.0,460.0
Lâm Đồng,2021,22.0,225.0,13.0,135.0,46.0,441.0
Lạng Sơn,2002,112.0,154.0,5.0,83.0,14.0,368.0
Lạng Sơn,2003,107.0,163.0,2.0,97.0,19.0,388.0
Lạng Sơn,2004,93.0,173.0,2.0,115.0,19.0,402.0
Lạng Sơn,2005,87.0,177.0,2.0,131.0,19.0,416.0
Lạng Sơn,2006,46.0,219.0,1.0,174.0,22.0,462.0
Lạng Sơn,2007,45.0,220.0,1.0,179.0,22.0,467.0
Lạng Sơn,2008,33.0,233.0,,181.0,21.0,468.0
Lạng Sơn,2009,25.0,242.0,,202.0,23.0,492.0
Lạng Sơn,2010,25.0,245.0,,202.0,25.0,497.0
Lạng Sơn,2011,23.0,248.0,,204.0,25.0,500.0
Lạng Sơn,2012,26.0,247.0,,203.0,24.0,500.0
Lạng Sơn,2013,23.0,247.0,,204.0,24.0,498.0
Lạng Sơn,2014,22.0,248.0,,207.0,24.0,501.0
Lạng Sơn,2015,22.0,248.0,,207.0,25.0,502.0
Lạng Sơn,2016,23.0,247.0,,206.0,25.0,501.0
Lạng Sơn,2017,30.0,237.0,,198.0,26.0,491.0
Lạng Sơn,2019,60.0,197.0,0.0,167.0,27.0,451.0
Lạng Sơn,2020,71.0,182.0,4.0,149.0,26.0,432.0
Lạng Sơn,2021,72.0,180.0,7.0,145.0,26.0,430.0
Nam Định,2002,,295.0,,245.0,42.0,582.0
Nam Định,2003,,295.0,,245.0,42.0,582.0
Nam Định,2004,,293.0,,245.0,43.0,581.0
Nam Định,2005,,293.0,,245.0,43.0,581.0
Nam Định,2006,,292.0,,245.0,46.0,583.0
Nam Định,2007,,292.0,,245.0,53.0,590.0
Nam Định,2008,,292.0,,245.0,53.0,590.0
Nam Định,2009,,291.0,,245.0,54.0,590.0
Nam Định,2010,,291.0,,245.0,55.0,591.0
Nam Định,2011,,290.0,,246.0,56.0,592.0
Nam Định,2012,,291.0,,246.0,56.0,593.0
Nam Định,2013,,292.0,,246.0,55.0,593.0
Nam Định,2014,,293.0,,242.0,57.0,592.0
Nam Định,2015,,293.0,,242.0,57.0,592.0
Nam Định,2016,,292.0,,237.0,57.0,586.0
Nam Định,2017,,292.0,,237.0,57.0,586.0
Nam Định,2019,,228.0,,229.0,57.0,514.0
Nam Định,2020,0.0,226.0,0.0,226.0,57.0,509.0
Nam Định,2021,,226.0,0.0,226.0,57.0,509.0
Nghệ An,2002,24.0,678.0,1.0,445.0,82.0,1230.0
Nghệ An,2003,26.0,675.0,1.0,446.0,83.0,1231.0
Nghệ An,2004,29.0,631.0,,443.0,84.0,1187.0
Nghệ An,2005,30.0,615.0,1.0,440.0,84.0,1170.0
Nghệ An,2006,28.0,575.0,1.0,436.0,89.0,1129.0
Nghệ An,2007,26.0,565.0,1.0,438.0,89.0,1119.0
Nghệ An,2008,18.0,570.0,,427.0,90.0,1105.0
Nghệ An,2009,24.0,551.0,1.0,405.0,90.0,1071.0
Nghệ An,2010,26.0,542.0,,398.0,90.0,1056.0
Nghệ An,2011,27.0,538.0,1.0,386.0,91.0,1043.0
Nghệ An,2012,24.0,538.0,1.0,388.0,91.0,1042.0
Nghệ An,2013,21.0,541.0,1.0,389.0,90.0,1042.0
Nghệ An,2014,20.0,543.0,1.0,388.0,89.0,1041.0
Nghệ An,2015,18.0,544.0,1.0,393.0,88.0,1044.0
Nghệ An,2016,22.0,542.0,1.0,390.0,89.0,1044.0
Nghệ An,2017,22.0,541.0,1.0,391.0,90.0,1045.0
Nghệ An,2019,25.0,522.0,1.0,377.0,88.0,1013.0
Nghệ An,2020,28.0,504.0,1.0,372.0,89.0,994.0
Nghệ An,2021,31.0,496.0,1.0,370.0,89.0,987.0
Ninh Bình,2002,,155.0,,143.0,23.0,321.0
Ninh Bình,2003,,155.0,,143.0,23.0,321.0
Ninh Bình,2004,,154.0,,143.0,25.0,322.0
Ninh Bình,2005,,154.0,,143.0,25.0,322.0
Ninh Bình,2006,,154.0,,143.0,26.0,323.0
Ninh Bình,2007,,154.0,,144.0,27.0,325.0
Ninh Bình,2008,,153.0,,144.0,27.0,324.0
Ninh Bình,2009,,153.0,,143.0,27.0,323.0
Ninh Bình,2010,,152.0,,143.0,27.0,322.0
Ninh Bình,2011,,151.0,,143.0,27.0,321.0
Ninh Bình,2012,,150.0,,142.0,27.0,319.0
Ninh Bình,2013,,150.0,,142.0,27.0,319.0
Ninh Bình,2014,,150.0,,142.0,27.0,319.0
Ninh Bình,2015,,150.0,,142.0,27.0,319.0
Ninh Bình,2016,,150.0,,142.0,27.0,319.0
Ninh Bình,2017,,152.0,,142.0,27.0,321.0
Ninh Bình,2019,,153.0,,142.0,26.0,321.0
Ninh Bình,2020,2.0,150.0,1.0,139.0,26.0,318.0
Ninh Bình,2021,7.0,146.0,0.0,134.0,27.0,314.0
Ninh Thuận,2002,3.0,127.0,6.0,36.0,4.0,176.0
Ninh Thuận,2003,3.0,132.0,5.0,37.0,4.0,181.0
Ninh Thuận,2004,1.0,136.0,9.0,44.0,4.0,194.0
Ninh Thuận,2005,1.0,137.0,5.0,45.0,6.0,194.0
Ninh Thuận,2006,1.0,138.0,3.0,51.0,9.0,202.0
Ninh Thuận,2007,,140.0,3.0,51.0,9.0,203.0
Ninh Thuận,2008,,141.0,2.0,55.0,13.0,211.0
Ninh Thuận,2009,,146.0,1.0,59.0,15.0,221.0
Ninh Thuận,2010,,146.0,,60.0,18.0,224.0
Ninh Thuận,2011,,147.0,,63.0,18.0,228.0
Ninh Thuận,2012,,149.0,,63.0,19.0,231.0
Ninh Thuận,2013,,152.0,1.0,63.0,19.0,235.0
Ninh Thuận,2014,,152.0,1.0,64.0,18.0,235.0
Ninh Thuận,2015,,152.0,1.0,64.0,18.0,235.0
Ninh Thuận,2016,0.0,153.0,2.0,64.0,17.0,236.0
Ninh Thuận,2017,,152.0,3.0,64.0,17.0,236.0
Ninh Thuận,2019,4.0,142.0,6.0,58.0,15.0,225.0
Ninh Thuận,2020,9.0,135.0,6.0,53.0,15.0,218.0
Ninh Thuận,2021,11.0,133.0,7.0,50.0,15.0,216.0
Phú Thọ,2002,4.0,294.0,1.0,246.0,47.0,592.0
Phú Thọ,2003,6.0,293.0,1.0,247.0,48.0,595.0
Phú Thọ,2004,6.0,293.0,1.0,247.0,48.0,595.0
Phú Thọ,2005,6.0,293.0,1.0,249.0,50.0,599.0
Phú Thọ,2006,5.0,295.0,1.0,249.0,51.0,601.0
Phú Thọ,2007,6.0,296.0,,250.0,53.0,605.0
Phú Thọ,2008,6.0,300.0,,250.0,54.0,610.0
Phú Thọ,2009,5.0,300.0,,252.0,55.0,612.0
Phú Thọ,2010,5.0,300.0,,252.0,47.0,604.0
Phú Thọ,2011,5.0,300.0,1.0,251.0,44.0,601.0
Phú Thọ,2012,6.0,300.0,1.0,253.0,44.0,604.0
Phú Thọ,2013,5.0,300.0,1.0,253.0,44.0,603.0
Phú Thọ,2014,5.0,299.0,1.0,253.0,44.0,602.0
Phú Thọ,2015,5.0,299.0,1.0,254.0,44.0,603.0
Phú Thọ,2016,5.0,299.0,1.0,254.0,43.0,602.0
Phú Thọ,2017,5.0,299.0,2.0,254.0,43.0,603.0
Phú Thọ,2019,8.0,288.0,3.0,248.0,43.0,590.0
Phú Thọ,2020,8.0,285.0,3.0,248.0,43.0,587.0
Phú Thọ,2021,3.0,276.0,3.0,243.0,44.0,569.0
Phú Yên,2002,9.0,147.0,7.0,83.0,17.0,263.0
Phú Yên,2003,9.0,151.0,5.0,88.0,19.0,272.0
Phú Yên,2004,9.0,154.0,4.0,90.0,22.0,279.0
Phú Yên,2005,8.0,157.0,4.0,92.0,22.0,283.0
Phú Yên,2006,10.0,157.0,5.0,92.0,23.0,287.0
Phú Yên,2007,10.0,159.0,6.0,99.0,23.0,297.0
Phú Yên,2008,9.0,162.0,8.0,93.0,23.0,295.0
Phú Yên,2009,7.0,165.0,8.0,96.0,23.0,299.0
Phú Yên,2010,8.0,163.0,8.0,96.0,23.0,298.0
Phú Yên,2011,6.0,170.0,6.0,99.0,25.0,306.0
Phú Yên,2012,6.0,169.0,8.0,100.0,24.0,307.0
Phú Yên,2013,5.0,169.0,8.0,101.0,24.0,307.0
Phú Yên,2014,5.0,167.0,8.0,101.0,26.0,307.0
Phú Yên,2015,5.0,168.0,8.0,101.0,26.0,308.0
Phú Yên,2016,4.0,169.0,8.0,102.0,25.0,308.0
Phú Yên,2017,3.0,169.0,8.0,104.0,25.0,309.0
Phú Yên,2019,40.0,94.0,8.0,65.0,25.0,232.0
Phú Yên,2020,40.0,95.0,8.0,65.0,25.0,233.0
Phú Yên,2021,38.0,96.0,8.0,65.0,25.0,232.0
Quảng Bình,2002,11.0,248.0,6.0,141.0,21.0,427.0
Quảng Bình,2003,11.0,243.0,5.0,144.0,26.0,429.0
Quảng Bình,2004,12.0,240.0,6.0,144.0,26.0,428.0
Quảng Bình,2005,12.0,234.0,6.0,144.0,27.0,423.0
Quảng Bình,2006,14.0,231.0,6.0,144.0,27.0,422.0
Quảng Bình,2007,14.0,209.0,6.0,146.0,27.0,402.0
Quảng Bình,2008,14.0,209.0,5.0,147.0,28.0,403.0
Quảng Bình,2009,15.0,205.0,5.0,148.0,28.0,401.0
Quảng Bình,2010,16.0,207.0,5.0,148.0,27.0,403.0
Quảng Bình,2011,16.0,210.0,6.0,148.0,27.0,407.0
Quảng Bình,2012,17.0,209.0,6.0,148.0,27.0,407.0
Quảng Bình,2013,17.0,210.0,6.0,148.0,27.0,408.0
Quảng Bình,2014,18.0,208.0,6.0,148.0,27.0,407.0
Quảng Bình,2015,18.0,211.0,6.0,148.0,27.0,410.0
Quảng Bình,2016,18.0,210.0,6.0,148.0,27.0,409.0
Quảng Bình,2017,19.0,209.0,6.0,147.0,27.0,408.0
Quảng Bình,2019,27.0,193.0,6.0,138.0,27.0,391.0
Quảng Bình,2020,30.0,189.0,6.0,137.0,26.0,388.0
Quảng Bình,2021,30.0,188.0,6.0,137.0,26.0,387.0
Quảng Nam,2002,27.0,262.0,4.0,161.0,36.0,490.0
Quảng Nam,2003,25.0,261.0,3.0,166.0,37.0,492.0
Quảng Nam,2004,28.0,256.0,2.0,176.0,39.0,501.0
Quảng Nam,2005,24.0,263.0,2.0,184.0,40.0,513.0
Quảng Nam,2006,21.0,266.0,1.0,189.0,42.0,519.0
Quảng Nam,2007,18.0,268.0,,192.0,43.0,521.0
Quảng Nam,2008,21.0,266.0,,194.0,43.0,524.0
Quảng Nam,2009,21.0,270.0,1.0,193.0,46.0,531.0
Quảng Nam,2010,23.0,269.0,1.0,191.0,47.0,531.0
Quảng Nam,2011,22.0,269.0,2.0,193.0,49.0,535.0
Quảng Nam,2012,21.0,272.0,2.0,193.0,50.0,538.0
Quảng Nam,2013,22.0,271.0,4.0,190.0,50.0,537.0
Quảng Nam,2014,20.0,275.0,4.0,195.0,50.0,544.0
Quảng Nam,2015,21.0,274.0,4.0,195.0,50.0,544.0
Quảng Nam,2016,20.0,275.0,4.0,198.0,50.0,547.0
Quảng Nam,2017,21.0,274.0,4.0,197.0,51.0,547.0
Quảng Nam,2019,27.0,246.0,3.0,188.0,51.0,515.0
Quảng Nam,2020,32.0,241.0,5.0,185.0,51.0,514.0
Quảng Nam,2021,37.0,234.0,6.0,179.0,52.0,508.0
Quảng Ngãi,2002,4.0,229.0,9.0,129.0,25.0,396.0
Quảng Ngãi,2003,4.0,229.0,6.0,131.0,26.0,396.0
Quảng Ngãi,2004,3.0,229.0,5.0,134.0,29.0,400.0
Quảng Ngãi,2005,3.0,235.0,5.0,140.0,31.0,414.0
Quảng Ngãi,2006,3.0,232.0,3.0,145.0,33.0,416.0
Quảng Ngãi,2007,2.0,234.0,3.0,153.0,33.0,425.0
Quảng Ngãi,2008,7.0,230.0,3.0,165.0,34.0,439.0
Quảng Ngãi,2009,9.0,228.0,3.0,165.0,33.0,438.0
Quảng Ngãi,2010,13.0,224.0,4.0,165.0,35.0,441.0
Quảng Ngãi,2011,10.0,222.0,4.0,166.0,35.0,437.0
Quảng Ngãi,2012,19.0,218.0,3.0,166.0,36.0,442.0
Quảng Ngãi,2013,20.0,217.0,2.0,161.0,37.0,437.0
Quảng Ngãi,2014,22.0,216.0,2.0,166.0,37.0,443.0
Quảng Ngãi,2015,20.0,218.0,2.0,168.0,37.0,445.0
Quảng Ngãi,2016,20.0,218.0,2.0,168.0,37.0,445.0
Quảng Ngãi,2017,18.0,217.0,2.0,168.0,36.0,441.0
Quảng Ngãi,2019,39.0,166.0,3.0,146.0,36.0,390.0
Quảng Ngãi,2020,50.0,157.0,3.0,133.0,36.0,379.0
Quảng Ngãi,2021,52.0,155.0,4.0,130.0,36.0,377.0
Quảng Ninh,2002,71.0,142.0,7.0,111.0,30.0,361.0
Quảng Ninh,2003,66.0,150.0,4.0,122.0,33.0,375.0
Quảng Ninh,2004,63.0,154.0,7.0,127.0,33.0,384.0
Quảng Ninh,2005,57.0,158.0,5.0,135.0,37.0,392.0
Quảng Ninh,2006,52.0,161.0,6.0,137.0,40.0,396.0
Quảng Ninh,2007,52.0,164.0,5.0,139.0,45.0,405.0
Quảng Ninh,2008,52.0,164.0,8.0,139.0,44.0,407.0
Quảng Ninh,2009,49.0,172.0,8.0,140.0,44.0,413.0
Quảng Ninh,2010,46.0,173.0,9.0,143.0,45.0,416.0
Quảng Ninh,2011,45.0,177.0,7.0,146.0,46.0,421.0
Quảng Ninh,2012,41.0,180.0,11.0,149.0,46.0,427.0
Quảng Ninh,2013,42.0,183.0,11.0,153.0,46.0,435.0
Quảng Ninh,2014,38.0,183.0,10.0,151.0,47.0,429.0
Quảng Ninh,2015,38.0,180.0,10.0,150.0,47.0,425.0
Quảng Ninh,2016,38.0,180.0,12.0,150.0,46.0,426.0
Quảng Ninh,2017,38.0,180.0,12.0,148.0,46.0,424.0
Quảng Ninh,2019,48.0,167.0,17.0,141.0,41.0,414.0
Quảng Ninh,2020,54.0,161.0,17.0,135.0,41.0,408.0
Quảng Ninh,2021,55.0,160.0,16.0,133.0,42.0,406.0
Quảng Trị,2002,13.0,154.0,4.0,92.0,21.0,284.0
Quảng Trị,2003,18.0,150.0,4.0,92.0,23.0,287.0
Quảng Trị,2004,18.0,152.0,3.0,94.0,24.0,291.0
Quảng Trị,2005,19.0,154.0,3.0,98.0,24.0,298.0
Quảng Trị,2006,19.0,156.0,2.0,102.0,25.0,304.0
Quảng Trị,2007,19.0,159.0,1.0,106.0,26.0,311.0
Quảng Trị,2008,18.0,160.0,1.0,108.0,29.0,316.0
Quảng Trị,2009,17.0,162.0,3.0,111.0,29.0,322.0
Quảng Trị,2010,,162.0,,111.0,31.0,304.0
Quảng Trị,2011,,167.0,,116.0,30.0,313.0
Quảng Trị,2012,14.0,166.0,3.0,115.0,30.0,328.0
Quảng Trị,2013,17.0,160.0,3.0,114.0,30.0,324.0
Quảng Trị,2014,18.0,158.0,3.0,113.0,30.0,322.0
Quảng Trị,2015,18.0,155.0,4.0,112.0,29.0,318.0
Quảng Trị,2016,18.0,155.0,4.0,112.0,27.0,316.0
Quảng Trị,2017,18.0,155.0,4.0,112.0,27.0,316.0
Quảng Trị,2019,77.0,70.0,6.0,49.0,25.0,227.0
Quảng Trị,2020,80.0,68.0,9.0,43.0,24.0,224.0
Quảng Trị,2021,80.0,68.0,9.0,42.0,24.0,223.0
Sóc Trăng,2002,13.0,241.0,17.0,77.0,6.0,354.0
Sóc Trăng,2003,13.0,242.0,14.0,84.0,9.0,362.0
Sóc Trăng,2004,10.0,254.0,15.0,90.0,10.0,379.0
Sóc Trăng,2005,8.0,270.0,13.0,94.0,14.0,399.0
Sóc Trăng,2006,7.0,280.0,13.0,95.0,14.0,409.0
Sóc Trăng,2007,6.0,288.0,12.0,98.0,15.0,419.0
Sóc Trăng,2008,4.0,291.0,11.0,100.0,16.0,422.0
Sóc Trăng,2009,5.0,299.0,10.0,102.0,17.0,433.0
Sóc Trăng,2010,5.0,297.0,12.0,101.0,17.0,432.0
Sóc Trăng,2011,3.0,300.0,13.0,103.0,18.0,437.0
Sóc Trăng,2012,2.0,300.0,13.0,111.0,23.0,449.0
Sóc Trăng,2013,3.0,306.0,12.0,110.0,22.0,453.0
Sóc Trăng,2014,1.0,302.0,12.0,113.0,23.0,451.0
Sóc Trăng,2015,3.0,297.0,13.0,111.0,24.0,448.0
Sóc Trăng,2016,4.0,292.0,14.0,110.0,24.0,444.0
Sóc Trăng,2017,4.0,281.0,14.0,110.0,24.0,433.0
Sóc Trăng,2019,6.0,222.0,15.0,106.0,24.0,373.0
Sóc Trăng,2020,15.0,209.0,16.0,95.0,24.0,359.0
Sóc Trăng,2021,16.0,204.0,16.0,94.0,24.0,354.0
Sơn La,2002,100.0,164.0,4.0,115.0,17.0,400.0
Sơn La,2003,90.0,175.0,5.0,136.0,20.0,426.0
Sơn La,2004,76.0,192.0,7.0,149.0,20.0,444.0
Sơn La,2005,50.0,219.0,6.0,178.0,23.0,476.0
Sơn La,2006,38.0,231.0,4.0,192.0,26.0,491.0
Sơn La,2007,27.0,245.0,5.0,204.0,26.0,507.0
Sơn La,2008,22.0,253.0,5.0,209.0,26.0,515.0
Sơn La,2009,15.0,265.0,3.0,221.0,28.0,532.0
Sơn La,2010,13.0,268.0,2.0,223.0,29.0,535.0
Sơn La,2011,10.0,273.0,1.0,228.0,30.0,542.0
Sơn La,2012,,280.0,,229.0,31.0,540.0
Sơn La,2013,8.0,282.0,,231.0,31.0,552.0
Sơn La,2014,8.0,286.0,1.0,231.0,31.0,557.0
Sơn La,2015,8.0,289.0,1.0,231.0,32.0,561.0
Sơn La,2016,9.0,289.0,1.0,230.0,32.0,561.0
Sơn La,2017,10.0,286.0,11.0,220.0,32.0,559.0
Sơn La,2019,146.0,97.0,13.0,81.0,30.0,367.0
Sơn La,2020,146.0,97.0,14.0,80.0,30.0,367.0
Sơn La,2021,146.0,97.0,15.0,80.0,30.0,368.0
TP.Hồ Chí Minh,2002,6.0,435.0,40.0,216.0,63.0,760.0
TP.Hồ Chí Minh,2003,4.0,440.0,41.0,222.0,67.0,774.0
TP.Hồ Chí Minh,2004,3.0,444.0,45.0,223.0,70.0,785.0
TP.Hồ Chí Minh,2005,2.0,457.0,46.0,232.0,72.0,809.0
TP.Hồ Chí Minh,2006,2.0,458.0,46.0,231.0,76.0,813.0
TP.Hồ Chí Minh,2007,2.0,467.0,50.0,231.0,81.0,831.0
TP.Hồ Chí Minh,2008,1.0,467.0,55.0,239.0,81.0,843.0
TP.Hồ Chí Minh,2009,1.0,470.0,68.0,241.0,82.0,862.0
TP.Hồ Chí Minh,2010,6.0,468.0,62.0,245.0,100.0,881.0
TP.Hồ Chí Minh,2011,6.0,470.0,51.0,255.0,132.0,914.0
TP.Hồ Chí Minh,2012,7.0,474.0,64.0,252.0,120.0,917.0
TP.Hồ Chí Minh,2013,5.0,476.0,66.0,255.0,120.0,922.0
TP.Hồ Chí Minh,2014,5.0,482.0,67.0,259.0,125.0,938.0
TP.Hồ Chí Minh,2015,4.0,490.0,67.0,260.0,123.0,944.0
TP.Hồ Chí Minh,2016,4.0,493.0,64.0,266.0,123.0,950.0
TP.Hồ Chí Minh,2017,4.0,489.0,68.0,271.0,120.0,952.0
TP.Hồ Chí Minh,2019,5.0,500.0,76.0,275.0,123.0,979.0
TP.Hồ Chí Minh,2020,6.0,507.0,79.0,277.0,123.0,992.0
TP.Hồ Chí Minh,2021,7.0,514.0,80.0,279.0,124.0,1004.0
Thanh Hóa,2002,,729.0,,650.0,84.0,1463.0
Thanh Hóa,2003,,730.0,,654.0,91.0,1475.0
Thanh Hóa,2004,,729.0,,654.0,92.0,1475.0
Thanh Hóa,2005,,729.0,,652.0,95.0,1476.0
Thanh Hóa,2006,,730.0,,652.0,100.0,1482.0
Thanh Hóa,2007,,729.0,,650.0,101.0,1480.0
Thanh Hóa,2008,,729.0,,649.0,102.0,1480.0
Thanh Hóa,2009,,727.0,,649.0,102.0,1478.0
Thanh Hóa,2010,,728.0,,650.0,104.0,1482.0
Thanh Hóa,2011,,728.0,,650.0,104.0,1482.0
Thanh Hóa,2012,5.0,730.0,3.0,645.0,104.0,1487.0
Thanh Hóa,2013,14.0,731.0,5.0,634.0,101.0,1485.0
Thanh Hóa,2014,14.0,710.0,6.0,633.0,101.0,1464.0
Thanh Hóa,2015,13.0,709.0,6.0,636.0,101.0,1465.0
Thanh Hóa,2016,19.0,698.0,6.0,629.0,100.0,1452.0
Thanh Hóa,2017,29.0,677.0,7.0,619.0,101.0,1433.0
Thanh Hóa,2019,48.0,641.0,10.0,594.0,86.0,1379.0
Thanh Hóa,2020,68.0,614.0,9.0,561.0,88.0,1340.0
Thanh Hóa,2021,72.0,601.0,12.0,548.0,87.0,1320.0
Thái Bình,2002,,293.0,,281.0,39.0,613.0
Thái Bình,2003,,293.0,,276.0,39.0,608.0
Thái Bình,2004,,293.0,,276.0,39.0,608.0
Thái Bình,2005,,294.0,,276.0,39.0,609.0
Thái Bình,2006,,294.0,,276.0,40.0,610.0
Thái Bình,2007,,294.0,,274.0,41.0,609.0
Thái Bình,2008,,293.0,,274.0,41.0,608.0
Thái Bình,2009,,293.0,,272.0,41.0,606.0
Thái Bình,2010,,293.0,,270.0,40.0,603.0
Thái Bình,2011,,293.0,,271.0,40.0,604.0
Thái Bình,2012,,293.0,,271.0,40.0,604.0
Thái Bình,2013,,295.0,,271.0,40.0,606.0
Thái Bình,2014,,295.0,,271.0,39.0,605.0
Thái Bình,2015,,295.0,,269.0,39.0,603.0
Thái Bình,2016,,295.0,,267.0,39.0,601.0
Thái Bình,2017,,295.0,,267.0,39.0,601.0
Thái Bình,2019,166.0,119.0,,107.0,39.0,431.0
Thái Bình,2020,167.0,120.0,0.0,106.0,39.0,432.0
Thái Bình,2021,167.0,120.0,0.0,106.0,39.0,432.0
Thái Nguyên,2002,,222.0,3.0,173.0,21.0,419.0
Thái Nguyên,2003,,223.0,4.0,178.0,23.0,428.0
Thái Nguyên,2004,,226.0,3.0,179.0,23.0,431.0
Thái Nguyên,2005,,225.0,3.0,179.0,24.0,431.0
Thái Nguyên,2006,1.0,227.0,3.0,179.0,26.0,436.0
Thái Nguyên,2007,1.0,226.0,3.0,178.0,27.0,435.0
Thái Nguyên,2008,,226.0,,180.0,32.0,438.0
Thái Nguyên,2009,,227.0,,181.0,33.0,441.0
Thái Nguyên,2010,,226.0,,181.0,32.0,439.0
Thái Nguyên,2011,3.0,225.0,3.0,178.0,31.0,440.0
Thái Nguyên,2012,3.0,225.0,2.0,181.0,30.0,441.0
Thái Nguyên,2013,3.0,226.0,2.0,183.0,30.0,444.0
Thái Nguyên,2014,6.0,226.0,2.0,182.0,29.0,445.0
Thái Nguyên,2015,6.0,226.0,2.0,183.0,29.0,446.0
Thái Nguyên,2016,6.0,227.0,2.0,183.0,29.0,447.0
Thái Nguyên,2017,6.0,228.0,1.0,184.0,31.0,450.0
Thái Nguyên,2019,11.0,219.0,1.0,181.0,32.0,444.0
Thái Nguyên,2020,15.0,214.0,1.0,179.0,32.0,441.0
Thái Nguyên,2021,14.0,213.0,1.0,179.0,32.0,439.0
Thừa Thiên Huế,2002,4.0,234.0,7.0,89.0,21.0,355.0
Thừa Thiên Huế,2003,4.0,230.0,5.0,91.0,22.0,352.0
Thừa Thiên Huế,2004,3.0,233.0,4.0,94.0,25.0,359.0
Thừa Thiên Huế,2005,,235.0,3.0,99.0,26.0,363.0
Thừa Thiên Huế,2006,,234.0,3.0,104.0,27.0,368.0
Thừa Thiên Huế,2007,,235.0,8.0,103.0,31.0,377.0
Thừa Thiên Huế,2008,4.0,232.0,8.0,105.0,31.0,380.0
Thừa Thiên Huế,2009,9.0,228.0,5.0,111.0,34.0,387.0
Thừa Thiên Huế,2010,9.0,229.0,4.0,115.0,36.0,393.0
Thừa Thiên Huế,2011,11.0,226.0,4.0,117.0,38.0,396.0
Thừa Thiên Huế,2012,11.0,227.0,3.0,120.0,38.0,399.0
Thừa Thiên Huế,2013,12.0,225.0,3.0,120.0,37.0,397.0
Thừa Thiên Huế,2014,12.0,219.0,3.0,119.0,37.0,390.0
Thừa Thiên Huế,2015,12.0,216.0,3.0,119.0,37.0,387.0
Thừa Thiên Huế,2016,12.0,216.0,2.0,120.0,38.0,388.0
Thừa Thiên Huế,2017,12.0,215.0,2.0,120.0,38.0,387.0
Thừa Thiên Huế,2019,15.0,200.0,1.0,117.0,36.0,369.0
Thừa Thiên Huế,2020,20.0,195.0,2.0,112.0,36.0,365.0
Thừa Thiên Huế,2021,19.0,195.0,2.0,109.0,36.0,361.0
Tiền Giang,2002,2.0,232.0,10.0,117.0,21.0,382.0
Tiền Giang,2003,2.0,232.0,8.0,117.0,24.0,383.0
Tiền Giang,2004,2.0,233.0,8.0,118.0,25.0,386.0
Tiền Giang,2005,2.0,230.0,7.0,118.0,26.0,383.0
Tiền Giang,2006,1.0,231.0,5.0,119.0,29.0,385.0
Tiền Giang,2007,,230.0,5.0,120.0,30.0,385.0
Tiền Giang,2008,1.0,229.0,5.0,120.0,29.0,384.0
Tiền Giang,2009,1.0,229.0,3.0,124.0,31.0,388.0
Tiền Giang,2010,1.0,226.0,3.0,124.0,31.0,385.0
Tiền Giang,2011,1.0,228.0,2.0,125.0,33.0,389.0
Tiền Giang,2012,1.0,227.0,3.0,125.0,33.0,389.0
Tiền Giang,2013,1.0,228.0,3.0,125.0,33.0,390.0
Tiền Giang,2014,1.0,226.0,3.0,125.0,33.0,388.0
Tiền Giang,2015,1.0,226.0,4.0,125.0,33.0,389.0
Tiền Giang,2016,1.0,224.0,3.0,126.0,34.0,388.0
Tiền Giang,2017,1.0,224.0,3.0,126.0,34.0,388.0
Tiền Giang,2019,6.0,186.0,5.0,118.0,33.0,348.0
Tiền Giang,2020,12.0,173.0,5.0,111.0,33.0,334.0
Tiền Giang,2021,14.0,171.0,5.0,109.0,33.0,332.0
Trung du và miền núi phía Bắc,2002,769.0,2273.0,76.0,1523.0,251.0,4892.0
Trung du và miền núi phía Bắc,2003,711.0,2352.0,69.0,1688.0,275.0,5095.0
Trung du và miền núi phía Bắc,2004,613.0,2482.0,58.0,1839.0,299.0,5291.0
Trung du và miền núi phía Bắc,2005,496.0,2577.0,38.0,2033.0,331.0,5475.0
Trung du và miền núi phía Bắc,2006,404.0,2678.0,37.0,2150.0,347.0,5616.0
Trung du và miền núi phía Bắc,2007,383.0,2727.0,38.0,2203.0,358.0,5709.0
Trung du và miền núi phía Bắc,2008,338.0,2776.0,32.0,2233.0,372.0,5751.0
Trung du và miền núi phía Bắc,2009,285.0,2843.0,25.0,2315.0,397.0,5865.0
Trung du và miền núi phía Bắc,2010,270.0,2876.0,25.0,2351.0,394.0,5916.0
Trung du và miền núi phía Bắc,2011,235.0,2932.0,29.0,2394.0,397.0,5987.0
Trung du và miền núi phía Bắc,2012,225.0,2945.0,27.0,2405.0,395.0,5997.0
Trung du và miền núi phía Bắc,2013,223.0,2959.0,28.0,2422.0,400.0,6032.0
Trung du và miền núi phía Bắc,2014,233.0,2960.0,40.0,2411.0,396.0,6040.0
Trung du và miền núi phía Bắc,2015,239.0,2951.0,39.0,2402.0,399.0,6030.0
Trung du và miền núi phía Bắc,2016,402.0,2767.0,63.0,2243.0,389.0,5864.0
Trung du và miền núi phía Bắc,2017,463.0,2681.0,72.0,2177.0,392.0,5785.0
Trung du và miền núi phía Bắc,2019,815.0,2090.0,70.0,1787.0,402.0,5164.0
Trung du và miền núi phía Bắc,2020,856.0,2025.0,74.0,1726.0,399.0,5080.0
Trung du và miền núi phía Bắc,2021,867.0,1989.0,90.0,1688.0,396.0,5030.0
Trà Vinh,2002,1.0,208.0,12.0,78.0,9.0,308.0
Trà Vinh,2003,,216.0,10.0,83.0,12.0,321.0
Trà Vinh,2004,,220.0,7.0,86.0,16.0,329.0
Trà Vinh,2005,,216.0,4.0,89.0,19.0,328.0
Trà Vinh,2006,,217.0,3.0,91.0,21.0,332.0
Trà Vinh,2007,,215.0,4.0,92.0,22.0,333.0
Trà Vinh,2008,,213.0,4.0,94.0,24.0,335.0
Trà Vinh,2009,,214.0,5.0,94.0,27.0,340.0
Trà Vinh,2010,,215.0,5.0,96.0,28.0,344.0
Trà Vinh,2011,1.0,215.0,5.0,97.0,28.0,346.0
Trà Vinh,2012,1.0,214.0,5.0,98.0,28.0,346.0
Trà Vinh,2013,1.0,215.0,6.0,99.0,28.0,349.0
Trà Vinh,2014,1.0,214.0,6.0,99.0,28.0,348.0
Trà Vinh,2015,1.0,212.0,5.0,100.0,29.0,347.0
Trà Vinh,2016,1.0,213.0,6.0,100.0,29.0,349.0
Trà Vinh,2017,1.0,212.0,6.0,101.0,29.0,349.0
Trà Vinh,2019,3.0,170.0,6.0,99.0,29.0,307.0
Trà Vinh,2020,4.0,163.0,7.0,96.0,29.0,299.0
Trà Vinh,2021,4.0,163.0,7.0,96.0,29.0,299.0
Tuyên Quang,2002,56.0,131.0,14.0,101.0,13.0,315.0
Tuyên Quang,2003,44.0,141.0,13.0,113.0,14.0,325.0
Tuyên Quang,2004,8.0,169.0,14.0,140.0,13.0,344.0
Tuyên Quang,2005,,168.0,,153.0,28.0,349.0
Tuyên Quang,2006,,164.0,,151.0,28.0,343.0
Tuyên Quang,2007,8.0,160.0,,149.0,28.0,345.0
Tuyên Quang,2008,9.0,154.0,,142.0,28.0,333.0
Tuyên Quang,2009,4.0,156.0,,141.0,28.0,329.0
Tuyên Quang,2010,12.0,153.0,,142.0,28.0,335.0
Tuyên Quang,2011,14.0,151.0,,143.0,28.0,336.0
Tuyên Quang,2012,14.0,152.0,,142.0,28.0,336.0
Tuyên Quang,2013,15.0,150.0,,142.0,29.0,336.0
Tuyên Quang,2014,15.0,151.0,,141.0,29.0,336.0
Tuyên Quang,2015,17.0,148.0,1.0,138.0,29.0,333.0
Tuyên Quang,2016,21.0,144.0,1.0,136.0,29.0,331.0
Tuyên Quang,2017,21.0,144.0,1.0,136.0,29.0,331.0
Tuyên Quang,2019,20.0,139.0,2.0,135.0,29.0,325.0
Tuyên Quang,2020,23.0,136.0,2.0,132.0,29.0,322.0
Tuyên Quang,2021,26.0,132.0,8.0,119.0,26.0,311.0
Tây Nguyên,2002,125.0,922.0,56.0,437.0,57.0,1597.0
Tây Nguyên,2003,136.0,945.0,49.0,472.0,68.0,1670.0
Tây Nguyên,2004,145.0,972.0,49.0,491.0,81.0,1738.0
Tây Nguyên,2005,132.0,995.0,18.0,543.0,120.0,1808.0
Tây Nguyên,2006,127.0,1044.0,46.0,575.0,103.0,1895.0
Tây Nguyên,2007,114.0,1069.0,45.0,602.0,121.0,1951.0
Tây Nguyên,2008,104.0,1108.0,35.0,640.0,143.0,2030.0
Tây Nguyên,2009,88.0,1137.0,39.0,671.0,152.0,2087.0
Tây Nguyên,2010,78.0,1172.0,33.0,709.0,159.0,2151.0
Tây Nguyên,2011,69.0,1195.0,34.0,718.0,164.0,2180.0
Tây Nguyên,2012,54.0,1227.0,27.0,741.0,175.0,2224.0
Tây Nguyên,2013,57.0,1233.0,33.0,747.0,177.0,2247.0
Tây Nguyên,2014,60.0,1239.0,31.0,749.0,182.0,2261.0
Tây Nguyên,2015,60.0,1241.0,31.0,756.0,184.0,2272.0
Tây Nguyên,2016,61.0,1242.0,33.0,761.0,186.0,2283.0
Tây Nguyên,2017,60.0,1252.0,33.0,765.0,187.0,2297.0
Tây Nguyên,2019,124.0,1130.0,39.0,696.0,184.0,2173.0
Tây Nguyên,2020,164.0,1073.0,43.0,653.0,184.0,2117.0
Tây Nguyên,2021,181.0,1038.0,43.0,639.0,184.0,2085.0
Tây Ninh,2002,1.0,296.0,14.0,96.0,28.0,435.0
Tây Ninh,2003,1.0,298.0,,97.0,28.0,424.0
Tây Ninh,2004,1.0,300.0,,99.0,28.0,428.0
Tây Ninh,2005,1.0,293.0,,101.0,29.0,424.0
Tây Ninh,2006,1.0,293.0,,103.0,30.0,427.0
Tây Ninh,2007,1.0,291.0,,103.0,30.0,425.0
Tây Ninh,2008,1.0,290.0,,106.0,31.0,428.0
Tây Ninh,2009,1.0,286.0,,106.0,31.0,424.0
Tây Ninh,2010,1.0,283.0,,106.0,31.0,421.0
Tây Ninh,2011,1.0,271.0,1.0,106.0,31.0,410.0
Tây Ninh,2012,,270.0,1.0,106.0,30.0,407.0
Tây Ninh,2013,1.0,265.0,3.0,106.0,30.0,405.0
Tây Ninh,2014,1.0,261.0,3.0,106.0,30.0,401.0
Tây Ninh,2015,1.0,262.0,2.0,106.0,30.0,401.0
Tây Ninh,2016,1.0,260.0,2.0,106.0,30.0,399.0
Tây Ninh,2017,1.0,261.0,1.0,105.0,31.0,399.0
Tây Ninh,2019,1.0,220.0,2.0,102.0,26.0,351.0
Tây Ninh,2020,2.0,207.0,2.0,99.0,26.0,336.0
Tây Ninh,2021,3.0,196.0,2.0,98.0,26.0,325.0
Vĩnh Phúc,2002,3.0,187.0,1.0,151.0,32.0,374.0
Vĩnh Phúc,2003,3.0,189.0,1.0,152.0,36.0,381.0
Vĩnh Phúc,2004,3.0,193.0,1.0,155.0,38.0,390.0
Vĩnh Phúc,2005,2.0,199.0,1.0,158.0,38.0,398.0
Vĩnh Phúc,2006,2.0,204.0,1.0,162.0,43.0,412.0
Vĩnh Phúc,2007,1.0,205.0,1.0,167.0,43.0,417.0
Vĩnh Phúc,2008,1.0,173.0,1.0,144.0,37.0,356.0
Vĩnh Phúc,2009,1.0,173.0,,145.0,38.0,357.0
Vĩnh Phúc,2010,,174.0,,145.0,36.0,355.0
Vĩnh Phúc,2011,,174.0,,145.0,36.0,355.0
Vĩnh Phúc,2012,1.0,173.0,1.0,146.0,37.0,358.0
Vĩnh Phúc,2013,1.0,173.0,2.0,146.0,37.0,359.0
Vĩnh Phúc,2014,1.0,173.0,2.0,146.0,37.0,359.0
Vĩnh Phúc,2015,1.0,174.0,2.0,146.0,37.0,360.0
Vĩnh Phúc,2016,1.0,176.0,2.0,146.0,37.0,362.0
Vĩnh Phúc,2017,1.0,176.0,1.0,147.0,34.0,359.0
Vĩnh Phúc,2019,12.0,149.0,1.0,135.0,31.0,328.0
Vĩnh Phúc,2020,16.0,145.0,1.0,132.0,29.0,323.0
Vĩnh Phúc,2021,16.0,145.0,1.0,132.0,29.0,323.0
Vĩnh Long,2002,,250.0,25.0,88.0,5.0,368.0
Vĩnh Long,2003,,249.0,24.0,87.0,7.0,367.0
Vĩnh Long,2004,,248.0,20.0,88.0,10.0,366.0
Vĩnh Long,2005,,247.0,14.0,91.0,15.0,367.0
Vĩnh Long,2006,,247.0,13.0,91.0,16.0,367.0
Vĩnh Long,2007,,246.0,10.0,92.0,19.0,367.0
Vĩnh Long,2008,,244.0,9.0,93.0,20.0,366.0
Vĩnh Long,2009,,244.0,,93.0,21.0,358.0
Vĩnh Long,2010,,241.0,10.0,92.0,21.0,364.0
Vĩnh Long,2011,,239.0,9.0,92.0,22.0,362.0
Vĩnh Long,2012,,229.0,8.0,91.0,23.0,351.0
Vĩnh Long,2013,8.0,214.0,8.0,89.0,23.0,342.0
Vĩnh Long,2014,,207.0,8.0,88.0,23.0,326.0
Vĩnh Long,2015,,206.0,8.0,88.0,23.0,325.0
Vĩnh Long,2016,0.0,199.0,8.0,88.0,23.0,318.0
Vĩnh Long,2017,,197.0,7.0,89.0,24.0,317.0
Vĩnh Long,2019,,173.0,8.0,89.0,24.0,294.0
Vĩnh Long,2020,0.0,165.0,10.0,87.0,24.0,286.0
Vĩnh Long,2021,,160.0,10.0,87.0,24.0,281.0
Yên Bái,2002,81.0,155.0,5.0,94.0,20.0,355.0
Yên Bái,2003,85.0,152.0,5.0,104.0,20.0,366.0
Yên Bái,2004,71.0,165.0,4.0,116.0,21.0,377.0
Yên Bái,2005,63.0,174.0,4.0,126.0,21.0,388.0
Yên Bái,2006,58.0,177.0,4.0,131.0,21.0,391.0
Yên Bái,2007,55.0,176.0,4.0,134.0,22.0,391.0
Yên Bái,2008,48.0,182.0,1.0,141.0,23.0,395.0
Yên Bái,2009,40.0,170.0,1.0,147.0,24.0,382.0
Yên Bái,2010,39.0,169.0,1.0,148.0,24.0,381.0
Yên Bái,2011,38.0,169.0,1.0,149.0,24.0,381.0
Yên Bái,2012,37.0,169.0,1.0,150.0,24.0,381.0
Yên Bái,2013,37.0,169.0,1.0,150.0,24.0,381.0
Yên Bái,2014,38.0,168.0,1.0,149.0,24.0,380.0
Yên Bái,2015,41.0,165.0,1.0,146.0,24.0,377.0
Yên Bái,2016,136.0,52.0,1.0,53.0,24.0,266.0
Yên Bái,2017,136.0,52.0,1.0,53.0,24.0,266.0
Yên Bái,2019,135.0,53.0,2.0,53.0,24.0,267.0
Yên Bái,2020,128.0,56.0,2.0,54.0,24.0,264.0
Yên Bái,2021,128.0,57.0,3.0,53.0,23.0,264.0
Ðắk Lắk,2002,29.0,418.0,14.0,190.0,25.0,676.0
Ðắk Lắk,2003,22.0,426.0,10.0,217.0,29.0,704.0
Ðắk Lắk,2004,21.0,352.0,8.0,174.0,26.0,581.0
Ðắk Lắk,2005,18.0,360.0,7.0,180.0,29.0,594.0
Ðắk Lắk,2006,7.0,379.0,6.0,198.0,32.0,622.0
Ðắk Lắk,2007,7.0,382.0,4.0,203.0,40.0,636.0
Ðắk Lắk,2008,5.0,396.0,3.0,213.0,47.0,664.0
Ðắk Lắk,2009,6.0,397.0,,214.0,49.0,666.0
Ðắk Lắk,2010,6.0,410.0,,214.0,52.0,682.0
Ðắk Lắk,2011,5.0,417.0,,221.0,52.0,695.0
Ðắk Lắk,2012,3.0,422.0,,223.0,52.0,700.0
Ðắk Lắk,2013,6.0,422.0,3.0,226.0,52.0,709.0
Ðắk Lắk,2014,6.0,422.0,2.0,226.0,52.0,708.0
Ðắk Lắk,2015,6.0,424.0,2.0,226.0,52.0,710.0
Ðắk Lắk,2016,6.0,423.0,4.0,227.0,52.0,712.0
Ðắk Lắk,2017,6.0,425.0,4.0,227.0,52.0,714.0
Ðắk Lắk,2019,7.0,408.0,4.0,227.0,53.0,699.0
Ðắk Lắk,2020,11.0,398.0,5.0,224.0,53.0,691.0
Ðắk Lắk,2021,17.0,388.0,5.0,222.0,54.0,686.0
Ðắk Nông,2004,4.0,85.0,1.0,50.0,8.0,148.0
Ðắk Nông,2005,5.0,97.0,1.0,57.0,8.0,168.0
Ðắk Nông,2006,8.0,100.0,1.0,59.0,12.0,180.0
Ðắk Nông,2007,8.0,111.0,1.0,62.0,16.0,198.0
Ðắk Nông,2008,4.0,121.0,,73.0,18.0,216.0
Ðắk Nông,2009,,130.0,,78.0,18.0,226.0
Ðắk Nông,2010,,130.0,,81.0,19.0,230.0
Ðắk Nông,2011,,136.0,,82.0,22.0,240.0
Ðắk Nông,2012,,143.0,,84.0,24.0,251.0
Ðắk Nông,2013,2.0,145.0,5.0,78.0,23.0,253.0
Ðắk Nông,2014,5.0,144.0,5.0,77.0,23.0,254.0
Ðắk Nông,2015,7.0,142.0,6.0,76.0,24.0,255.0
Ðắk Nông,2016,7.0,142.0,7.0,76.0,24.0,256.0
Ðắk Nông,2017,6.0,146.0,7.0,76.0,25.0,260.0
Ðắk Nông,2019,8.0,132.0,8.0,72.0,24.0,244.0
Ðắk Nông,2020,15.0,122.0,8.0,64.0,24.0,233.0
Ðắk Nông,2021,16.0,122.0,8.0,63.0,24.0,233.0
Điện Biên,2004,29.0,123.0,,66.0,16.0,234.0
Điện Biên,2005,,134.0,,97.0,16.0,247.0
Điện Biên,2006,,138.0,,99.0,18.0,255.0
Điện Biên,2007,,146.0,,111.0,18.0,275.0
Điện Biên,2008,,156.0,,112.0,21.0,289.0
Điện Biên,2009,,168.0,,110.0,28.0,306.0
Điện Biên,2010,,170.0,,115.0,28.0,313.0
Điện Biên,2011,4.0,173.0,,111.0,29.0,317.0
Điện Biên,2012,4.0,172.0,1.0,110.0,28.0,315.0
Điện Biên,2013,4.0,173.0,1.0,110.0,28.0,316.0
Điện Biên,2014,4.0,175.0,1.0,110.0,31.0,321.0
Điện Biên,2015,,175.0,,114.0,31.0,320.0
Điện Biên,2016,1.0,176.0,11.0,124.0,21.0,333.0
Điện Biên,2017,1.0,176.0,11.0,128.0,21.0,337.0
Điện Biên,2019,6.0,171.0,4.0,112.0,29.0,322.0
Điện Biên,2020,21.0,148.0,4.0,98.0,29.0,300.0
Điện Biên,2021,26.0,140.0,4.0,96.0,29.0,295.0
Đà Nẵng,2002,1.0,92.0,2.0,46.0,16.0,157.0
Đà Nẵng,2003,2.0,93.0,2.0,47.0,15.0,159.0
Đà Nẵng,2004,2.0,95.0,2.0,48.0,16.0,163.0
Đà Nẵng,2005,1.0,96.0,2.0,48.0,17.0,164.0
Đà Nẵng,2006,1.0,98.0,,49.0,19.0,167.0
Đà Nẵng,2007,1.0,100.0,1.0,50.0,19.0,171.0
Đà Nẵng,2008,1.0,100.0,,50.0,20.0,171.0
Đà Nẵng,2009,2.0,99.0,,51.0,20.0,172.0
Đà Nẵng,2010,2.0,99.0,,53.0,20.0,174.0
Đà Nẵng,2011,2.0,100.0,,54.0,19.0,175.0
Đà Nẵng,2012,2.0,100.0,1.0,54.0,20.0,177.0
Đà Nẵng,2013,2.0,100.0,1.0,55.0,20.0,178.0
Đà Nẵng,2014,1.0,99.0,2.0,55.0,20.0,177.0
Đà Nẵng,2015,3.0,99.0,4.0,56.0,22.0,184.0
Đà Nẵng,2016,3.0,99.0,4.0,57.0,23.0,186.0
Đà Nẵng,2017,3.0,100.0,5.0,56.0,22.0,186.0
Đà Nẵng,2019,3.0,99.0,8.0,57.0,24.0,191.0
Đà Nẵng,2020,3.0,99.0,10.0,57.0,24.0,193.0
Đà Nẵng,2021,3.0,99.0,10.0,57.0,24.0,193.0
Đông Nam Bộ,2002,11.0,1408.0,102.0,623.0,156.0,2300.0
Đông Nam Bộ,2003,11.0,1445.0,85.0,642.0,167.0,2350.0
Đông Nam Bộ,2004,9.0,1442.0,81.0,663.0,184.0,2379.0
Đông Nam Bộ,2005,7.0,1458.0,77.0,684.0,200.0,2426.0
Đông Nam Bộ,2006,7.0,1468.0,75.0,696.0,206.0,2452.0
Đông Nam Bộ,2007,7.0,1481.0,79.0,707.0,218.0,2492.0
Đông Nam Bộ,2008,7.0,1485.0,87.0,725.0,218.0,2522.0
Đông Nam Bộ,2009,8.0,1488.0,100.0,729.0,216.0,2541.0
Đông Nam Bộ,2010,18.0,1493.0,98.0,739.0,244.0,2592.0
Đông Nam Bộ,2011,17.0,1487.0,91.0,763.0,282.0,2640.0
Đông Nam Bộ,2012,17.0,1494.0,97.0,771.0,274.0,2653.0
Đông Nam Bộ,2013,23.0,1494.0,108.0,776.0,276.0,2677.0
Đông Nam Bộ,2014,20.0,1501.0,111.0,787.0,279.0,2698.0
Đông Nam Bộ,2015,21.0,1512.0,111.0,793.0,279.0,2716.0
Đông Nam Bộ,2016,21.0,1521.0,110.0,801.0,281.0,2734.0
Đông Nam Bộ,2017,22.0,1522.0,116.0,811.0,280.0,2751.0
Đông Nam Bộ,2019,51.0,1439.0,125.0,786.0,280.0,2681.0
Đông Nam Bộ,2020,65.0,1415.0,135.0,779.0,281.0,2675.0
Đông Nam Bộ,2021,71.0,1416.0,136.0,781.0,284.0,2688.0
Đồng Nai,2002,4.0,288.0,5.0,138.0,38.0,473.0
Đồng Nai,2003,5.0,311.0,5.0,142.0,42.0,505.0
Đồng Nai,2004,5.0,295.0,3.0,145.0,45.0,493.0
Đồng Nai,2005,4.0,296.0,5.0,149.0,50.0,504.0
Đồng Nai,2006,4.0,296.0,6.0,157.0,47.0,510.0
Đồng Nai,2007,4.0,297.0,7.0,163.0,48.0,519.0
Đồng Nai,2008,3.0,299.0,9.0,166.0,46.0,523.0
Đồng Nai,2009,2.0,300.0,10.0,166.0,43.0,521.0
Đồng Nai,2010,3.0,298.0,13.0,165.0,48.0,527.0
Đồng Nai,2011,1.0,297.0,16.0,167.0,48.0,529.0
Đồng Nai,2012,3.0,299.0,14.0,169.0,50.0,535.0
Đồng Nai,2013,3.0,302.0,16.0,168.0,50.0,539.0
Đồng Nai,2014,4.0,300.0,19.0,170.0,47.0,540.0
Đồng Nai,2015,4.0,300.0,21.0,172.0,47.0,544.0
Đồng Nai,2016,4.0,301.0,22.0,172.0,48.0,547.0
Đồng Nai,2017,5.0,303.0,24.0,174.0,49.0,555.0
Đồng Nai,2019,9.0,297.0,23.0,168.0,51.0,548.0
Đồng Nai,2020,12.0,290.0,25.0,170.0,50.0,547.0
Đồng Nai,2021,13.0,290.0,26.0,169.0,50.0,548.0
Đồng Tháp,2002,9.0,296.0,29.0,88.0,,422.0
Đồng Tháp,2003,8.0,297.0,34.0,104.0,,443.0
Đồng Tháp,2004,,306.0,10.0,123.0,24.0,463.0
Đồng Tháp,2005,,308.0,,126.0,36.0,470.0
Đồng Tháp,2006,,313.0,,133.0,37.0,483.0
Đồng Tháp,2007,,316.0,,133.0,39.0,488.0
Đồng Tháp,2008,,316.0,,137.0,40.0,493.0
Đồng Tháp,2009,10.0,317.0,,137.0,42.0,506.0
Đồng Tháp,2010,12.0,321.0,2.0,130.0,40.0,505.0
Đồng Tháp,2011,12.0,321.0,2.0,130.0,41.0,506.0
Đồng Tháp,2012,13.0,321.0,3.0,129.0,40.0,506.0
Đồng Tháp,2013,13.0,319.0,3.0,129.0,40.0,504.0
Đồng Tháp,2014,14.0,319.0,3.0,129.0,40.0,505.0
Đồng Tháp,2015,13.0,320.0,3.0,129.0,40.0,505.0
Đồng Tháp,2016,14.0,317.0,3.0,128.0,40.0,502.0
Đồng Tháp,2017,15.0,313.0,4.0,127.0,39.0,498.0
Đồng Tháp,2019,14.0,283.0,6.0,124.0,37.0,464.0
Đồng Tháp,2020,16.0,271.0,7.0,122.0,37.0,453.0
Đồng Tháp,2021,13.0,258.0,8.0,122.0,36.0,437.0
Đồng bằng sông Cửu Long,2002,93.0,3033.0,189.0,1124.0,170.0,4609.0
Đồng bằng sông Cửu Long,2003,88.0,3059.0,156.0,1205.0,218.0,4726.0
Đồng bằng sông Cửu Long,2004,67.0,3103.0,124.0,1256.0,268.0,4818.0
Đồng bằng sông Cửu Long,2005,66.0,3117.0,93.0,1287.0,306.0,4869.0
Đồng bằng sông Cửu Long,2006,63.0,3130.0,89.0,1318.0,324.0,4924.0
Đồng bằng sông Cửu Long,2007,60.0,3147.0,89.0,1336.0,336.0,4968.0
Đồng bằng sông Cửu Long,2008,64.0,3163.0,89.0,1354.0,333.0,5003.0
Đồng bằng sông Cửu Long,2009,64.0,3191.0,77.0,1381.0,336.0,5049.0
Đồng bằng sông Cửu Long,2010,67.0,3195.0,91.0,1380.0,342.0,5075.0
Đồng bằng sông Cửu Long,2011,69.0,3202.0,97.0,1387.0,350.0,5105.0
Đồng bằng sông Cửu Long,2012,70.0,3191.0,107.0,1396.0,355.0,5119.0
Đồng bằng sông Cửu Long,2013,83.0,3144.0,105.0,1389.0,357.0,5078.0
Đồng bằng sông Cửu Long,2014,74.0,3103.0,110.0,1394.0,356.0,5037.0
Đồng bằng sông Cửu Long,2015,72.0,3085.0,113.0,1398.0,361.0,5029.0
Đồng bằng sông Cửu Long,2016,72.0,3064.0,114.0,1403.0,365.0,5018.0
Đồng bằng sông Cửu Long,2017,73.0,3037.0,113.0,1407.0,365.0,4995.0
Đồng bằng sông Cửu Long,2019,118.0,2717.0,123.0,1356.0,360.0,4674.0
Đồng bằng sông Cửu Long,2020,151.0,2603.0,133.0,1314.0,359.0,4560.0
Đồng bằng sông Cửu Long,2021,165.0,2547.0,137.0,1298.0,359.0,4506.0
