Địa phương,Năm,Giáo viên,Học sinh (nghìn học sinh),Lớp học,Trường học
Đà Nẵng,2002,1337.000,21.787,891.000,..
Đà Nẵng,2003,1212.000,21.167,816.000,..
Đà Nẵng,2004,1375.0,23.969,858.0,105.0
Đà Nẵng,2005,1476.0,24.677,886.0,107.0
Đà Nẵng,2006,1572.0,26.4,932.0,108.0
Đà Nẵng,2007,1672.0,28.2,965.0,109.0
Đà Nẵng,2008,1755.000,29.600,967.000,113.000
Đà Nẵng,2009,2099.000,34.600,1053.000,118.000
Đà Nẵng,2010,2088.000,33.200,1094.000,124.000
Đà Nẵng,2011,2422.000,37.831,1249.000,136.000
Đà Nẵng,2012,2494.000,38.812,1308.000,140.000
Đà Nẵng,2013,2753.000,38.198,1459.000,154.000
Đà Nẵng,2014,2925.000,37.909,1457.000,167.000
Đà Nẵng,2015,3189.000,41.871,1554.000,178.000
Đà Nẵng,2016,3557.000,49.236,1952.000,184.000
Đà Nẵng,2017,3961.000,51.029,1901.000,199.000
Đà Nẵng,2018,3441.000,46.224,1729.000,198.000
Đà Nẵng,2020,3981.000,48.828,1966.000,206.000
Đà Nẵng,2021,4032.000,46.932,2014.000,208.000
Ðắk Lắk,2002,2507.000,56.439,2235.000,..
Ðắk Lắk,2003,2451.000,55.969,2213.000,..
Ðắk Lắk,2004,2241.0,56.776,2362.0,182.0
Ðắk Lắk,2005,2146.0,51.522,2512.0,189.0
Ðắk Lắk,2006,2629.0,55.8,2122.0,189.0
Ðắk Lắk,2007,2398.0,54.9,2086.0,192.0
Ðắk Lắk,2008,2989.000,57.100,2138.000,204.000
Ðắk Lắk,2009,3025.000,61.400,2219.000,212.000
Ðắk Lắk,2010,3195.000,63.800,2415.000,226.000
Ðắk Lắk,2011,3530.000,69.960,2472.000,235.000
Ðắk Lắk,2012,3624.000,76.357,2540.000,251.000
Ðắk Lắk,2013,4022.000,79.470,2717.000,263.000
Ðắk Lắk,2014,4141.000,77.498,2809.000,279.000
Ðắk Lắk,2015,4709.000,82.287,3881.000,289.000
Ðắk Lắk,2016,4969.000,89.114,2880.000,301.000
Ðắk Lắk,2017,5187.000,93.022,3327.000,310.000
Ðắk Lắk,2018,5205.000,93.266,3043.000,328.000
Ðắk Lắk,2020,5655.000,92.580,3122.000,333.000
Ðắk Lắk,2021,5620.000,78.089,3052.000,329.000
Ðắk Nông,2002,..,..,..,..
Ðắk Nông,2003,..,..,..,..
Ðắk Nông,2004,455.0,12.157,443.0,29.0
Ðắk Nông,2005,313.0,12.163,435.0,46.0
Ðắk Nông,2006,725.0,18.2,1017.0,68.0
Ðắk Nông,2007,657.0,14.9,621.0,65.0
Ðắk Nông,2008,778.000,17.300,662.000,74.000
Ðắk Nông,2009,885.000,18.900,727.000,79.000
Ðắk Nông,2010,1012.000,18.900,661.000,85.000
Ðắk Nông,2011,1108.000,22.981,854.000,89.000
Ðắk Nông,2012,1207.000,26.109,865.000,110.000
Ðắk Nông,2013,1316.000,27.068,906.000,94.000
Ðắk Nông,2014,1443.000,27.714,1005.000,103.000
Ðắk Nông,2015,1577.000,29.903,1023.000,109.000
Ðắk Nông,2016,1736.000,33.954,1106.000,113.000
Ðắk Nông,2017,1930.000,35.283,1141.000,119.000
Ðắk Nông,2018,1892.000,35.183,1157.000,131.000
Ðắk Nông,2020,2265.000,35.021,1185.000,124.000
Ðắk Nông,2021,2223.000,31.987,1171.000,126.000
Đồng Nai,2002,2218.000,51.967,1769.000,..
Đồng Nai,2003,2583.000,54.236,1885.000,..
Đồng Nai,2004,2689.0,59.488,1883.0,221.0
Đồng Nai,2005,3222.0,70.588,2306.0,220.0
Đồng Nai,2006,3444.0,69.4,2320.0,237.0
Đồng Nai,2007,3730.0,71.1,2999.0,242.0
Đồng Nai,2008,3431.000,64.300,2168.000,229.000
Đồng Nai,2009,3736.000,77.900,2760.000,257.000
Đồng Nai,2010,3370.000,73.600,2159.000,252.000
Đồng Nai,2011,4134.000,79.899,2497.000,263.000
Đồng Nai,2012,4100.000,73.590,2303.000,257.000
Đồng Nai,2013,4459.000,78.849,2463.000,265.000
Đồng Nai,2014,5210.000,111.928,4422.000,275.000
Đồng Nai,2015,5749.000,118.230,5523.000,281.000
Đồng Nai,2016,6310.000,133.614,4457.000,286.000
Đồng Nai,2017,7225.000,149.646,4877.000,318.000
Đồng Nai,2018,5668.000,93.509,2920.000,328.000
Đồng Nai,2020,6894.000,105.549,3516.000,374.000
Đồng Nai,2021,6751.000,83.167,3368.000,366.000
Đông Nam Bộ,2002,11258.000,249.860,8148.000,..
Đông Nam Bộ,2003,12703.000,256.737,8350.000,..
Đông Nam Bộ,2004,13500.0,293.247,8726.0,1127.0
Đông Nam Bộ,2005,14614.0,325.902,9779.0,1172.0
Đông Nam Bộ,2006,16134.0,343.8,10415.0,1284.0
Đông Nam Bộ,2007,17573.0,367.4,11589.0,1291.0
Đông Nam Bộ,2008,18776.000,386.700,11671.000,1350.000
Đông Nam Bộ,2009,20119.000,395.700,11953.000,1363.000
Đông Nam Bộ,2010,20375.000,429.300,21510.000,1488.000
Đông Nam Bộ,2011,23912.000,478.993,14803.000,1716.000
Đông Nam Bộ,2012,23751.000,485.145,14474.000,1649.000
Đông Nam Bộ,2013,27476.000,508.533,15841.000,1761.000
Đông Nam Bộ,2014,29356.000,551.584,19704.000,1898.000
Đông Nam Bộ,2015,32348.000,572.440,21668.000,2010.000
Đông Nam Bộ,2016,35683.000,662.424,21998.000,2147.000
Đông Nam Bộ,2017,38856.000,706.094,23246.000,2321.000
Đông Nam Bộ,2018,39296.000,649.104,21996.000,2521.000
Đông Nam Bộ,2020,42365.000,633.938,23692.000,2659.000
Đông Nam Bộ,2021,40940.000,491.225,22740.000,2622.000
Đồng Tháp,2002,1041.000,29.041,1120.000,..
Đồng Tháp,2003,1152.000,27.837,1398.000,..
Đồng Tháp,2004,1348.0,34.019,1270.0,127.0
Đồng Tháp,2005,1433.0,35.836,1336.0,131.0
Đồng Tháp,2006,1473.0,35.6,1335.0,140.0
Đồng Tháp,2007,1695.0,39.6,1469.0,154.0
Đồng Tháp,2008,1799.000,45.100,1542.000,162.000
Đồng Tháp,2009,2077.000,49.400,1763.000,170.000
Đồng Tháp,2010,2682.000,47.400,1878.000,166.000
Đồng Tháp,2011,2327.000,49.681,1891.000,172.000
Đồng Tháp,2012,2429.000,51.453,1895.000,174.000
Đồng Tháp,2013,2611.000,49.402,2001.000,186.000
Đồng Tháp,2014,2727.000,52.943,1977.000,186.000
Đồng Tháp,2015,2904.000,54.613,2661.000,191.000
Đồng Tháp,2016,2992.000,59.697,1961.000,191.000
Đồng Tháp,2017,3028.000,58.227,1963.000,197.000
Đồng Tháp,2018,2967.000,54.795,1832.000,194.000
Đồng Tháp,2020,2974.000,51.197,1781.000,188.000
Đồng Tháp,2021,3040.000,35.922,1724.000,184.000
Đồng bằng sông Cửu Long,2002,9622.000,269.399,9984.000,..
Đồng bằng sông Cửu Long,2003,11196.000,283.377,11003.000,..
Đồng bằng sông Cửu Long,2004,12391.0,327.886,12191.0,1142.0
Đồng bằng sông Cửu Long,2005,13297.0,356.999,12687.0,1331.0
Đồng bằng sông Cửu Long,2006,14271.0,370.6,13378.0,1463.0
Đồng bằng sông Cửu Long,2007,15138.0,393.5,14105.0,1513.0
Đồng bằng sông Cửu Long,2008,16419.000,430.000,15051.000,1579.000
Đồng bằng sông Cửu Long,2009,17607.000,448.700,15620.000,1596.000
Đồng bằng sông Cửu Long,2010,19481.000,455.400,16127.000,1637.000
Đồng bằng sông Cửu Long,2011,20576.000,484.076,16747.000,1736.000
Đồng bằng sông Cửu Long,2012,21735.000,515.964,17544.000,1856.000
Đồng bằng sông Cửu Long,2013,22921.000,515.304,17734.000,1870.000
Đồng bằng sông Cửu Long,2014,24587.000,511.181,17887.000,1886.000
Đồng bằng sông Cửu Long,2015,26347.000,511.003,19601.000,1966.000
Đồng bằng sông Cửu Long,2016,28474.000,577.915,18854.000,2011.000
Đồng bằng sông Cửu Long,2017,29863.000,588.165,19190.000,2046.000
Đồng bằng sông Cửu Long,2018,29451.000,549.760,18187.000,2040.000
Đồng bằng sông Cửu Long,2020,30645.000,522.968,18027.000,1995.000
Đồng bằng sông Cửu Long,2021,30447.000,400.686,17373.000,1986.000
Điện Biên,2002,..,..,..,..
Điện Biên,2003,..,..,..,..
Điện Biên,2004,632.0,11.237,477.0,52.0
Điện Biên,2005,582.0,10.696,551.0,64.0
Điện Biên,2006,1157.0,18.0,881.0,61.0
Điện Biên,2007,1232.0,21.0,989.0,89.0
Điện Biên,2008,1339.000,22.300,1067.000,115.000
Điện Biên,2009,1343.000,25.000,1131.000,135.000
Điện Biên,2010,1670.000,28.400,1328.000,144.000
Điện Biên,2011,1830.000,31.760,1438.000,152.000
Điện Biên,2012,2209.000,32.583,1517.000,164.000
Điện Biên,2013,2256.000,36.579,1648.000,163.000
Điện Biên,2014,2184.000,38.278,1671.000,167.000
Điện Biên,2015,2417.000,41.372,1709.000,171.000
Điện Biên,2016,2434.000,43.039,1757.000,172.000
Điện Biên,2017,2428.000,45.344,1812.000,176.000
Điện Biên,2018,2452.000,45.652,1761.000,173.000
Điện Biên,2020,2605.000,45.642,1822.000,169.000
Điện Biên,2021,2634.000,44.273,1804.000,169.000
An Giang,2002,643.000,24.425,785.000,..
An Giang,2003,1060.000,29.908,976.000,..
An Giang,2004,1393.0,35.211,1663.0,187.0
An Giang,2005,1366.0,40.22,1341.0,200.0
An Giang,2006,1511.0,41.8,1431.0,224.0
An Giang,2007,1607.0,44.1,1534.0,224.0
An Giang,2008,1665.000,47.700,1832.000,240.000
An Giang,2009,1867.000,52.900,1670.000,185.000
An Giang,2010,1919.000,54.800,1743.000,191.000
An Giang,2011,2038.000,57.494,1741.000,192.000
An Giang,2012,2124.000,62.062,1953.000,206.000
An Giang,2013,1958.000,59.079,1794.000,194.000
An Giang,2014,2071.000,57.014,1804.000,194.000
An Giang,2015,2134.000,52.640,1892.000,194.000
An Giang,2016,2178.000,58.379,1812.000,197.000
An Giang,2017,2312.000,59.010,1882.000,196.000
An Giang,2018,2441.000,55.204,1820.000,196.000
An Giang,2020,2587.000,52.230,1745.000,197.000
An Giang,2021,2650.000,35.447,1663.000,197.000
Bà Rịa - Vũng Tàu,2002,971.000,21.228,737.000,..
Bà Rịa - Vũng Tàu,2003,1077.000,19.781,656.000,..
Bà Rịa - Vũng Tàu,2004,1247.0,22.738,772.0,96.0
Bà Rịa - Vũng Tàu,2005,1288.0,25.696,831.0,106.0
Bà Rịa - Vũng Tàu,2006,1424.0,27.7,940.0,110.0
Bà Rịa - Vũng Tàu,2007,1572.0,30.7,1008.0,112.0
Bà Rịa - Vũng Tàu,2008,1673.000,33.800,1101.000,116.000
Bà Rịa - Vũng Tàu,2009,2061.000,34.300,1091.000,119.000
Bà Rịa - Vũng Tàu,2010,1526.000,37.100,1146.000,126.000
Bà Rịa - Vũng Tàu,2011,2415.000,41.592,1479.000,125.000
Bà Rịa - Vũng Tàu,2012,1391.000,43.324,906.000,101.000
Bà Rịa - Vũng Tàu,2013,2657.000,45.506,1494.000,138.000
Bà Rịa - Vũng Tàu,2014,2416.000,46.995,1659.000,152.000
Bà Rịa - Vũng Tàu,2015,2510.000,40.233,1819.000,164.000
Bà Rịa - Vũng Tàu,2016,2725.000,46.517,1448.000,164.000
Bà Rịa - Vũng Tàu,2017,2941.000,49.451,1584.000,167.000
Bà Rịa - Vũng Tàu,2018,3289.000,54.128,1853.000,186.000
Bà Rịa - Vũng Tàu,2020,3283.000,49.646,1825.000,191.000
Bà Rịa - Vũng Tàu,2021,3388.000,46.906,1846.000,185.000
Bắc Giang,2002,2542.000,48.908,2059.000,..
Bắc Giang,2003,2220.000,52.445,2088.000,..
Bắc Giang,2004,2459.0,52.541,2093.0,241.0
Bắc Giang,2005,2501.0,56.939,2285.0,239.0
Bắc Giang,2006,2340.0,50.9,2091.0,243.0
Bắc Giang,2007,2807.0,55.4,2126.0,247.0
Bắc Giang,2008,3131.000,52.300,2166.000,249.000
Bắc Giang,2009,2998.000,55.300,2077.000,255.000
Bắc Giang,2010,3430.000,62.100,2309.000,263.000
Bắc Giang,2011,3596.000,66.054,2359.000,265.000
Bắc Giang,2012,4001.000,72.785,2537.000,272.000
Bắc Giang,2013,4012.000,77.036,2613.000,272.000
Bắc Giang,2014,4205.000,83.142,2716.000,274.000
Bắc Giang,2015,4238.000,92.321,2870.000,275.000
Bắc Giang,2016,4720.000,101.653,3073.000,276.000
Bắc Giang,2017,5892.000,109.222,3567.000,278.000
Bắc Giang,2018,6470.000,109.430,3640.000,257.000
Bắc Giang,2020,7087.000,105.748,3791.000,249.000
Bắc Giang,2021,7319.000,102.125,3843.000,249.000
Bắc Kạn,2002,491.000,9.896,552.000,..
Bắc Kạn,2003,529.000,8.973,523.000,..
Bắc Kạn,2004,568.0,10.203,587.0,89.0
Bắc Kạn,2005,635.0,10.517,581.0,100.0
Bắc Kạn,2006,663.0,10.8,635.0,109.0
Bắc Kạn,2007,716.0,11.2,660.0,112.0
Bắc Kạn,2008,750.000,11.600,686.000,112.000
Bắc Kạn,2009,751.000,12.300,721.000,113.000
Bắc Kạn,2010,792.000,12.800,750.000,115.000
Bắc Kạn,2011,809.000,13.176,814.000,117.000
Bắc Kạn,2012,1291.000,14.117,796.000,124.000
Bắc Kạn,2013,960.000,14.819,805.000,124.000
Bắc Kạn,2014,967.000,16.169,817.000,124.000
Bắc Kạn,2015,1062.000,17.862,849.000,124.000
Bắc Kạn,2016,1144.000,18.795,873.000,123.000
Bắc Kạn,2017,1238.000,18.833,873.000,123.000
Bắc Kạn,2018,1190.000,18.319,860.000,123.000
Bắc Kạn,2020,1263.000,17.654,829.000,114.000
Bắc Kạn,2021,1216.000,16.914,823.000,112.000
Bạc Liêu,2002,491.000,11.659,481.000,..
Bạc Liêu,2003,615.000,15.062,537.000,..
Bạc Liêu,2004,664.0,16.353,598.0,51.0
Bạc Liêu,2005,691.0,18.882,646.0,54.0
Bạc Liêu,2006,749.0,20.1,685.0,57.0
Bạc Liêu,2007,739.0,19.9,651.0,57.0
Bạc Liêu,2008,806.000,22.300,721.000,63.000
Bạc Liêu,2009,887.000,23.100,774.000,70.000
Bạc Liêu,2010,975.000,23.800,795.000,76.000
Bạc Liêu,2011,1005.000,24.409,805.000,80.000
Bạc Liêu,2012,1052.000,25.408,819.000,83.000
Bạc Liêu,2013,1135.000,26.163,836.000,82.000
Bạc Liêu,2014,1154.000,25.205,815.000,86.000
Bạc Liêu,2015,1278.000,25.000,815.000,87.000
Bạc Liêu,2016,1393.000,28.201,854.000,88.000
Bạc Liêu,2017,1569.000,28.412,867.000,88.000
Bạc Liêu,2018,1513.000,25.610,848.000,89.000
Bạc Liêu,2020,1539.000,23.640,804.000,84.000
Bạc Liêu,2021,1499.000,21.068,772.000,84.000
Bắc Ninh,2002,1462.000,35.391,1340.000,..
Bắc Ninh,2003,1465.000,34.758,1369.000,..
Bắc Ninh,2004,1561.0,37.134,1389.0,138.0
Bắc Ninh,2005,1517.0,37.382,1405.0,141.0
Bắc Ninh,2006,2754.0,49.8,1977.0,217.0
Bắc Ninh,2007,1606.0,39.4,1450.0,141.0
Bắc Ninh,2008,1705.000,41.900,1497.000,144.000
Bắc Ninh,2009,1760.000,42.500,1512.000,147.000
Bắc Ninh,2010,1872.000,47.300,1590.000,147.000
Bắc Ninh,2011,2362.000,51.355,1704.000,148.000
Bắc Ninh,2012,2592.000,54.155,1713.000,150.000
Bắc Ninh,2013,2917.000,56.496,1772.000,153.000
Bắc Ninh,2014,2919.000,59.304,1852.000,159.000
Bắc Ninh,2015,3182.000,66.510,2424.000,159.000
Bắc Ninh,2016,3839.000,75.956,2295.000,166.000
Bắc Ninh,2017,4139.000,79.726,2589.000,168.000
Bắc Ninh,2018,4120.000,78.071,2446.000,167.000
Bắc Ninh,2020,4743.000,75.727,2740.000,172.000
Bắc Ninh,2021,4980.000,72.199,2763.000,175.000
Bắc Trung Bộ và Duyên hải miền Trung,2002,30393.000,585.799,24818.000,..
Bắc Trung Bộ và Duyên hải miền Trung,2003,27848.000,575.802,24482.000,..
Bắc Trung Bộ và Duyên hải miền Trung,2004,27655.0,571.556,23876.0,3034.0
Bắc Trung Bộ và Duyên hải miền Trung,2005,29483.0,594.514,24323.0,3100.0
Bắc Trung Bộ và Duyên hải miền Trung,2006,28560.0,597.2,24137.0,3188.0
Bắc Trung Bộ và Duyên hải miền Trung,2007,30840.0,592.0,23947.0,3167.0
Bắc Trung Bộ và Duyên hải miền Trung,2008,32509.000,638.100,24613.000,3213.000
Bắc Trung Bộ và Duyên hải miền Trung,2009,33781.000,652.200,24460.000,3213.000
Bắc Trung Bộ và Duyên hải miền Trung,2010,35934.000,667.700,25226.000,3291.000
Bắc Trung Bộ và Duyên hải miền Trung,2011,37916.000,703.348,26071.000,3311.000
Bắc Trung Bộ và Duyên hải miền Trung,2012,39029.000,750.413,26935.000,3325.000
Bắc Trung Bộ và Duyên hải miền Trung,2013,43796.000,753.630,26976.000,3338.000
Bắc Trung Bộ và Duyên hải miền Trung,2014,44903.000,773.836,27982.000,3391.000
Bắc Trung Bộ và Duyên hải miền Trung,2015,49119.000,826.586,29170.000,3441.000
Bắc Trung Bộ và Duyên hải miền Trung,2016,52481.000,934.196,31707.000,3490.000
Bắc Trung Bộ và Duyên hải miền Trung,2017,55693.000,969.260,33037.000,3552.000
Bắc Trung Bộ và Duyên hải miền Trung,2018,54184.000,943.286,31962.000,3577.000
Bắc Trung Bộ và Duyên hải miền Trung,2020,60617.000,968.169,34338.000,3595.000
Bắc Trung Bộ và Duyên hải miền Trung,2021,62057.000,923.095,34517.000,3573.000
Bến Tre,2002,1065.000,26.669,1034.000,..
Bến Tre,2003,1081.000,27.402,1028.000,..
Bến Tre,2004,1071.0,29.177,1016.0,137.0
Bến Tre,2005,1128.0,30.713,1042.0,156.0
Bến Tre,2006,1114.0,31.2,1056.0,161.0
Bến Tre,2007,1178.0,33.5,1102.0,162.0
Bến Tre,2008,1182.000,35.500,1136.000,161.000
Bến Tre,2009,1200.000,35.300,1091.000,167.000
Bến Tre,2010,1321.000,35.800,1131.000,168.000
Bến Tre,2011,1397.000,36.762,1133.000,171.000
Bến Tre,2012,1518.000,38.339,1169.000,173.000
Bến Tre,2013,1520.000,38.693,1172.000,172.000
Bến Tre,2014,1638.000,38.019,1174.000,173.000
Bến Tre,2015,1790.000,39.216,1189.000,174.000
Bến Tre,2016,1914.000,43.181,1238.000,176.000
Bến Tre,2017,1998.000,44.038,1287.000,178.000
Bến Tre,2018,2127.000,41.731,1302.000,181.000
Bến Tre,2020,2244.000,41.855,1329.000,184.000
Bến Tre,2021,2176.000,36.724,1299.000,180.000
Bình Định,2002,1768.000,37.515,1568.000,..
Bình Định,2003,1720.000,38.262,1611.000,..
Bình Định,2004,1561.0,37.549,1557.0,168.0
Bình Định,2005,1635.0,37.196,1538.0,170.0
Bình Định,2006,1888.0,40.3,1613.0,174.0
Bình Định,2007,1917.0,41.5,1672.0,179.0
Bình Định,2008,1992.000,42.400,1734.000,180.000
Bình Định,2009,1932.000,43.300,1672.000,187.000
Bình Định,2010,1955.000,44.100,1711.000,188.000
Bình Định,2011,2047.000,47.370,1729.000,189.000
Bình Định,2012,2028.000,49.355,1887.000,193.000
Bình Định,2013,2272.000,49.767,1792.000,194.000
Bình Định,2014,2343.000,49.427,1787.000,202.000
Bình Định,2015,2492.000,49.519,1932.000,204.000
Bình Định,2016,2636.000,56.237,1980.000,211.000
Bình Định,2017,2807.000,56.906,1871.000,218.000
Bình Định,2018,3012.000,56.572,1920.000,216.000
Bình Định,2020,3277.000,55.820,1989.000,212.000
Bình Định,2021,3307.000,52.698,1986.000,218.000
Bình Dương,2002,1001.000,18.803,682.000,..
Bình Dương,2003,1073.000,20.434,725.000,..
Bình Dương,2004,1044.0,24.684,761.0,96.0
Bình Dương,2005,1137.0,26.579,791.0,104.0
Bình Dương,2006,1303.0,28.4,837.0,119.0
Bình Dương,2007,1435.0,33.0,933.0,127.0
Bình Dương,2008,1880.000,39.400,1139.000,137.000
Bình Dương,2009,2023.000,40.400,1176.000,147.000
Bình Dương,2010,2321.000,49.300,1502.000,184.000
Bình Dương,2011,2661.000,55.061,1694.000,342.000
Bình Dương,2012,2495.000,50.062,1370.000,239.000
Bình Dương,2013,3249.000,58.745,1617.000,228.000
Bình Dương,2014,3577.000,63.683,3122.000,264.000
Bình Dương,2015,4476.000,65.051,2757.000,279.000
Bình Dương,2016,4664.000,91.590,2752.000,312.000
Bình Dương,2017,4801.000,95.347,2820.000,338.000
Bình Dương,2018,5237.000,102.446,3141.000,412.000
Bình Dương,2020,5827.000,103.507,3598.000,424.000
Bình Dương,2021,5667.000,67.729,3340.000,434.000
Bình Phước,2002,811.000,16.522,664.000,..
Bình Phước,2003,806.000,18.720,695.000,..
Bình Phước,2004,886.0,20.705,706.0,86.0
Bình Phước,2005,1000.0,24.076,820.0,95.0
Bình Phước,2006,1187.0,25.2,859.0,104.0
Bình Phước,2007,1327.0,25.1,869.0,107.0
Bình Phước,2008,1434.000,28.100,973.000,113.000
Bình Phước,2009,1408.000,28.400,1016.000,118.000
Bình Phước,2010,1474.000,30.000,1014.000,115.000
Bình Phước,2011,1707.000,34.590,1134.000,126.000
Bình Phước,2012,1863.000,36.053,1152.000,129.000
Bình Phước,2013,2082.000,37.094,1196.000,137.000
Bình Phước,2014,2237.000,38.005,1262.000,143.000
Bình Phước,2015,2441.000,39.236,1318.000,149.000
Bình Phước,2016,2691.000,43.861,1447.000,153.000
Bình Phước,2017,2721.000,46.659,1457.000,156.000
Bình Phước,2018,2810.000,42.864,1409.000,152.000
Bình Phước,2020,2970.000,44.312,1529.000,160.000
Bình Phước,2021,3052.000,37.273,1507.000,163.000
Bình Thuận,2002,1109.000,28.875,1019.000,..
Bình Thuận,2003,1272.000,30.218,1078.000,..
Bình Thuận,2004,1259.0,32.122,1146.0,144.0
Bình Thuận,2005,1307.0,35.183,1356.0,151.0
Bình Thuận,2006,1330.0,32.5,1209.0,153.0
Bình Thuận,2007,1392.0,34.2,1259.0,157.0
Bình Thuận,2008,1560.000,37.100,1333.000,162.000
Bình Thuận,2009,1603.000,38.700,1410.000,166.000
Bình Thuận,2010,1600.000,38.900,1463.000,168.000
Bình Thuận,2011,1743.000,40.347,1389.000,169.000
Bình Thuận,2012,1944.000,43.850,1474.000,170.000
Bình Thuận,2013,2120.000,43.604,1460.000,173.000
Bình Thuận,2014,2202.000,44.313,1553.000,180.000
Bình Thuận,2015,2635.000,46.501,1548.000,184.000
Bình Thuận,2016,2985.000,52.228,1781.000,186.000
Bình Thuận,2017,3364.000,55.246,1722.000,193.000
Bình Thuận,2018,3259.000,52.521,1715.000,189.000
Bình Thuận,2020,3697.000,55.858,1871.000,181.000
Bình Thuận,2021,3678.000,52.265,1867.000,181.000
Cà Mau,2002,502.000,10.238,410.000,..
Cà Mau,2003,552.000,11.590,460.000,..
Cà Mau,2004,599.0,14.491,520.0,47.0
Cà Mau,2005,622.0,16.212,568.0,55.0
Cà Mau,2006,734.0,21.0,733.0,65.0
Cà Mau,2007,751.0,21.8,763.0,68.0
Cà Mau,2008,867.000,24.600,843.000,85.000
Cà Mau,2009,892.000,24.200,882.000,93.000
Cà Mau,2010,1063.000,24.500,965.000,100.000
Cà Mau,2011,1252.000,28.325,1067.000,121.000
Cà Mau,2012,1287.000,30.802,1144.000,125.000
Cà Mau,2013,1429.000,29.712,1173.000,131.000
Cà Mau,2014,1493.000,30.323,1167.000,132.000
Cà Mau,2015,1650.000,29.935,1159.000,132.000
Cà Mau,2016,1717.000,34.884,1241.000,131.000
Cà Mau,2017,1749.000,36.160,1230.000,132.000
Cà Mau,2018,1838.000,33.136,1167.000,134.000
Cà Mau,2020,1869.000,30.443,1127.000,133.000
Cà Mau,2021,1860.000,19.618,1062.000,132.000
Cần Thơ,2002,1024.000,33.800,1225.000,..
Cần Thơ,2003,1295.000,33.169,1233.000,..
Cần Thơ,2004,899.0,23.311,837.0,86.0
Cần Thơ,2005,1127.0,27.604,929.0,91.0
Cần Thơ,2006,1213.0,29.3,1047.0,92.0
Cần Thơ,2007,1316.0,31.3,1068.0,94.0
Cần Thơ,2008,1431.000,33.100,1121.000,103.000
Cần Thơ,2009,1576.000,35.700,1232.000,120.000
Cần Thơ,2010,1696.000,34.700,1248.000,122.000
Cần Thơ,2011,1908.000,38.741,1460.000,131.000
Cần Thơ,2012,1959.000,38.713,1380.000,144.000
Cần Thơ,2013,2204.000,39.145,1472.000,148.000
Cần Thơ,2014,2463.000,38.398,1502.000,161.000
Cần Thơ,2015,2661.000,39.030,1578.000,167.000
Cần Thơ,2016,2870.000,44.567,1633.000,171.000
Cần Thơ,2017,2935.000,46.583,1933.000,178.000
Cần Thơ,2018,2918.000,44.448,1533.000,180.000
Cần Thơ,2020,2886.000,39.832,1463.000,173.000
Cần Thơ,2021,2808.000,33.471,1419.000,171.000
Cao Bằng,2002,719.000,11.316,565.000,..
Cao Bằng,2003,786.000,11.816,605.000,..
Cao Bằng,2004,801.0,11.437,581.0,49.0
Cao Bằng,2005,815.0,12.038,604.0,54.0
Cao Bằng,2006,892.0,13.4,693.0,60.0
Cao Bằng,2007,917.0,14.6,704.0,59.0
Cao Bằng,2008,1248.000,16.400,806.000,75.000
Cao Bằng,2009,1215.000,17.300,871.000,77.000
Cao Bằng,2010,1388.000,20.200,1062.000,87.000
Cao Bằng,2011,1496.000,21.442,1167.000,136.000
Cao Bằng,2012,1619.000,22.075,1202.000,157.000
Cao Bằng,2013,1775.000,24.214,1280.000,176.000
Cao Bằng,2014,1937.000,26.038,1309.000,186.000
Cao Bằng,2015,2073.000,27.925,1349.000,190.000
Cao Bằng,2016,2152.000,28.816,1358.000,192.000
Cao Bằng,2017,2144.000,30.209,1370.000,192.000
Cao Bằng,2018,2105.000,30.766,1366.000,190.000
Cao Bằng,2020,2130.000,30.670,1373.000,181.000
Cao Bằng,2021,2088.000,29.798,1350.000,181.000
Cả nước,2002,103713.000,2143.881,87439.000,..
Cả nước,2003,106666.000,2172.899,88704.000,..
Cả nước,2004,112813.0,2329.863,92963.0,10376.0
Cả nước,2005,117226.0,2426.876,93927.0,10927.0
Cả nước,2006,122877.0,2524.3,97456.0,11582.0
Cả nước,2007,130352.0,2593.3,99729.0,11696.0
Cả nước,2008,138058.000,2774.000,103888.000,12071.000
Cả nước,2009,144480.000,2909.000,106646.000,12265.000
Cả nước,2010,157530.000,3061.300,119398.000,12678.000
Cả nước,2011,174009.000,3320.328,117977.000,13174.000
Cả nước,2012,188176.000,3551.082,121979.000,13548.000
Cả nước,2013,204944.000,3614.066,125486.000,13841.000
Cả nước,2014,215518.000,3754.975,133495.000,14179.000
Cả nước,2015,231931.000,3978.521,147249.000,14513.000
Cả nước,2016,250791.000,4409.576,150324.000,14863.000
Cả nước,2017,266346.000,4599.841,155775.000,15241.000
Cả nước,2018,262101.000,4415.233,151017.000,15463.000
Cả nước,2020,281990.000,4326.884,158009.000,15547.000
Cả nước,2021,279175.000,3895.303,155578.000,15422.000
Gia Lai,2002,1691.000,40.743,1716.000,..
Gia Lai,2003,1745.000,42.318,1749.000,..
Gia Lai,2004,1728.0,44.653,1789.0,157.0
Gia Lai,2005,1856.0,46.278,1846.0,153.0
Gia Lai,2006,1952.0,48.0,1924.0,189.0
Gia Lai,2007,2057.0,48.6,1942.0,208.0
Gia Lai,2008,2139.000,50.400,2030.000,221.000
Gia Lai,2009,2217.000,51.200,2053.000,222.000
Gia Lai,2010,2308.000,54.500,2045.000,229.000
Gia Lai,2011,2620.000,61.371,2301.000,236.000
Gia Lai,2012,2721.000,65.559,2786.000,244.000
Gia Lai,2013,3089.000,68.082,2430.000,246.000
Gia Lai,2014,3205.000,68.428,2509.000,252.000
Gia Lai,2015,3361.000,70.119,2945.000,260.000
Gia Lai,2016,3467.000,76.722,3093.000,263.000
Gia Lai,2017,3741.000,80.873,3485.000,270.000
Gia Lai,2018,3299.000,79.670,2662.000,267.000
Gia Lai,2020,3789.000,77.712,2702.000,265.000
Gia Lai,2021,3741.000,80.207,2733.000,268.000
Hà Giang,2002,885.000,18.060,974.000,..
Hà Giang,2003,1133.000,18.943,1125.000,..
Hà Giang,2004,1169.0,21.018,1168.0,103.0
Hà Giang,2005,1567.0,23.778,1440.0,136.0
Hà Giang,2006,1645.0,24.2,1419.0,157.0
Hà Giang,2007,1782.0,25.5,1518.0,165.0
Hà Giang,2008,2243.000,31.900,1922.000,171.000
Hà Giang,2009,2349.000,34.500,1971.000,189.000
Hà Giang,2010,2635.000,37.700,2138.000,208.000
Hà Giang,2011,2926.000,42.366,2295.000,209.000
Hà Giang,2012,3350.000,47.568,2453.000,213.000
Hà Giang,2013,3588.000,50.799,2541.000,214.000
Hà Giang,2014,3539.000,54.527,2560.000,214.000
Hà Giang,2015,3588.000,57.151,2581.000,214.000
Hà Giang,2016,3616.000,59.228,2611.000,215.000
Hà Giang,2017,3664.000,60.777,2608.000,217.000
Hà Giang,2018,3551.000,61.243,2555.000,213.000
Hà Giang,2020,3555.000,60.543,2557.000,212.000
Hà Giang,2021,3537.000,59.670,2514.000,213.000
Hà Nam,2002,1639.000,29.220,1151.000,..
Hà Nam,2003,1522.000,29.315,1143.000,..
Hà Nam,2004,1644.0,29.171,1139.0,120.0
Hà Nam,2005,1637.0,29.536,1134.0,120.0
Hà Nam,2006,1664.0,29.4,1110.0,120.0
Hà Nam,2007,1651.0,29.4,1095.0,120.0
Hà Nam,2008,1490.000,30.700,1115.000,120.000
Hà Nam,2009,1586.000,30.700,1100.000,120.000
Hà Nam,2010,1638.000,32.000,1124.000,120.000
Hà Nam,2011,1735.000,32.250,1151.000,120.000
Hà Nam,2012,1946.000,34.397,1161.000,120.000
Hà Nam,2013,1905.000,35.320,1152.000,120.000
Hà Nam,2014,1892.000,36.735,1159.000,116.000
Hà Nam,2015,2007.000,41.906,1223.000,116.000
Hà Nam,2016,2051.000,44.096,1264.000,118.000
Hà Nam,2017,2100.000,46.233,1553.000,119.000
Hà Nam,2018,2332.000,45.702,1407.000,120.000
Hà Nam,2020,2907.000,44.249,1517.000,118.000
Hà Nam,2021,2808.000,42.102,1512.000,119.000
Hà Tĩnh,2002,2523.000,53.192,2291.000,..
Hà Tĩnh,2003,2517.000,51.230,2157.000,..
Hà Tĩnh,2004,2220.0,46.959,1869.0,275.0
Hà Tĩnh,2005,2298.0,47.675,1830.0,274.0
Hà Tĩnh,2006,2267.0,47.5,1989.0,273.0
Hà Tĩnh,2007,2257.0,46.0,1776.0,273.0
Hà Tĩnh,2008,2572.000,49.300,1773.000,274.000
Hà Tĩnh,2009,2787.000,51.000,1837.000,276.000
Hà Tĩnh,2010,3116.000,51.000,1880.000,278.000
Hà Tĩnh,2011,3081.000,52.598,2013.000,278.000
Hà Tĩnh,2012,3249.000,56.123,1953.000,269.000
Hà Tĩnh,2013,3688.000,56.560,2022.000,265.000
Hà Tĩnh,2014,3509.000,59.883,2095.000,266.000
Hà Tĩnh,2015,3634.000,65.459,2052.000,267.000
Hà Tĩnh,2016,3947.000,72.653,2168.000,269.000
Hà Tĩnh,2017,3963.000,75.376,2259.000,273.000
Hà Tĩnh,2018,4014.000,75.410,2381.000,275.000
Hà Tĩnh,2020,4926.000,75.716,2632.000,254.000
Hà Tĩnh,2021,5254.000,74.079,2655.000,255.000
Hải Dương,2002,2834.000,54.569,2419.000,..
Hải Dương,2003,2813.000,54.547,2396.000,..
Hải Dương,2004,2716.0,54.0,2338.0,285.0
Hải Dương,2005,2735.0,56.772,2307.0,284.0
Hải Dương,2006,2797.0,56.3,2267.0,282.0
Hải Dương,2007,2908.0,57.8,2308.0,283.0
Hải Dương,2008,3058.000,58.800,2292.000,287.000
Hải Dương,2009,3184.000,72.400,2676.000,295.000
Hải Dương,2010,3198.000,64.600,2312.000,285.000
Hải Dương,2011,3674.000,70.262,2421.000,286.000
Hải Dương,2012,4200.000,79.432,2559.000,305.000
Hải Dương,2013,4613.000,82.206,2657.000,315.000
Hải Dương,2014,5164.000,87.575,2844.000,318.000
Hải Dương,2015,5867.000,97.669,3150.000,323.000
Hải Dương,2016,6197.000,104.674,3308.000,323.000
Hải Dương,2017,6684.000,107.637,3447.000,328.000
Hải Dương,2018,5907.000,103.793,3433.000,324.000
Hải Dương,2020,6721.000,96.157,3597.000,297.000
Hải Dương,2021,6711.000,89.239,3557.000,296.000
Hải Phòng,2002,2396.000,47.045,1673.000,..
Hải Phòng,2003,2341.000,46.442,1664.000,..
Hải Phòng,2004,2636.0,48.541,1886.0,239.0
Hải Phòng,2005,2646.0,48.438,1639.0,229.0
Hải Phòng,2006,2644.0,50.1,1675.0,234.0
Hải Phòng,2007,2784.0,52.6,1711.0,244.0
Hải Phòng,2008,2851.000,55.500,1740.000,253.000
Hải Phòng,2009,3004.000,56.900,1794.000,252.000
Hải Phòng,2010,3228.000,60.700,1842.000,266.000
Hải Phòng,2011,3658.000,68.876,2015.000,201.000
Hải Phòng,2012,4310.000,70.457,2213.000,264.000
Hải Phòng,2013,4919.000,74.321,2336.000,290.000
Hải Phòng,2014,5352.000,75.904,2592.000,299.000
Hải Phòng,2015,5611.000,83.755,2871.000,279.000
Hải Phòng,2016,6273.000,94.457,3861.000,302.000
Hải Phòng,2017,6283.000,95.162,3412.000,311.000
Hải Phòng,2018,6312.000,95.644,3179.000,331.000
Hải Phòng,2020,6492.000,96.296,3362.000,388.000
Hải Phòng,2021,6188.000,89.493,3256.000,327.000
Hưng Yên,2002,1646.000,35.432,1558.000,..
Hưng Yên,2003,1713.000,34.537,1492.000,..
Hưng Yên,2004,1669.0,35.856,1512.0,165.0
Hưng Yên,2005,1664.0,36.347,1513.0,166.0
Hưng Yên,2006,1654.0,36.5,1548.0,166.0
Hưng Yên,2007,1631.0,36.0,1621.0,166.0
Hưng Yên,2008,1730.000,36.400,1394.000,169.000
Hưng Yên,2009,1760.000,40.100,1539.000,170.000
Hưng Yên,2010,1807.000,40.900,1523.000,170.000
Hưng Yên,2011,1945.000,46.208,1662.000,172.000
Hưng Yên,2012,2297.000,57.556,2086.000,175.000
Hưng Yên,2013,2533.000,53.967,1855.000,176.000
Hưng Yên,2014,2554.000,53.050,1959.000,176.000
Hưng Yên,2015,2652.000,59.195,2195.000,189.000
Hưng Yên,2016,2932.000,64.609,2187.000,182.000
Hưng Yên,2017,2983.000,67.759,2291.000,187.000
Hưng Yên,2018,3001.000,63.746,2231.000,179.000
Hưng Yên,2020,3581.000,64.178,2544.000,188.000
Hưng Yên,2021,3578.000,57.448,2540.000,190.000
Hậu Giang,2002,..,..,..,..
Hậu Giang,2003,..,..,..,..
Hậu Giang,2004,526.0,15.204,567.0,44.0
Hậu Giang,2005,606.0,16.28,587.0,51.0
Hậu Giang,2006,666.0,16.5,639.0,55.0
Hậu Giang,2007,730.0,17.8,700.0,59.0
Hậu Giang,2008,808.000,20.100,764.000,63.000
Hậu Giang,2009,879.000,23.200,896.000,65.000
Hậu Giang,2010,956.000,22.800,854.000,76.000
Hậu Giang,2011,1084.000,24.567,856.000,79.000
Hậu Giang,2012,852.000,28.477,936.000,100.000
Hậu Giang,2013,1108.000,26.848,917.000,82.000
Hậu Giang,2014,1272.000,24.868,865.000,83.000
Hậu Giang,2015,1283.000,25.496,914.000,84.000
Hậu Giang,2016,1537.000,29.276,1240.000,85.000
Hậu Giang,2017,1599.000,29.569,962.000,85.000
Hậu Giang,2018,1169.000,26.828,846.000,86.000
Hậu Giang,2020,1286.000,23.651,813.000,86.000
Hậu Giang,2021,1307.000,18.880,839.000,88.000
Hòa Bình,2002,2482.000,39.795,2412.000,..
Hòa Bình,2003,2863.000,31.371,1914.000,..
Hòa Bình,2004,1772.0,25.374,1363.0,180.0
Hòa Bình,2005,1958.0,26.753,1419.0,188.0
Hòa Bình,2006,2343.0,32.6,1795.0,190.0
Hòa Bình,2007,2417.0,32.3,1792.0,206.0
Hòa Bình,2008,2789.000,29.700,1399.000,207.000
Hòa Bình,2009,2359.000,35.500,2180.000,207.000
Hòa Bình,2010,2317.000,36.900,1664.000,210.000
Hòa Bình,2011,2964.000,39.205,1715.000,226.000
Hòa Bình,2012,2472.000,41.498,1715.000,227.000
Hòa Bình,2013,3109.000,42.955,1678.000,227.000
Hòa Bình,2014,3193.000,44.928,1710.000,232.000
Hòa Bình,2015,3559.000,47.751,2590.000,228.000
Hòa Bình,2016,3737.000,51.296,2215.000,227.000
Hòa Bình,2017,3791.000,52.196,1848.000,227.000
Hòa Bình,2018,3893.000,49.453,1839.000,223.000
Hòa Bình,2020,3780.000,45.604,1814.000,235.000
Hòa Bình,2021,3708.000,43.281,1771.000,224.000
Hà Nội,2002,4049.000,77.191,2467.000,..
Hà Nội,2003,4462.000,81.822,2644.000,..
Hà Nội,2004,4765.0,89.759,2628.0,333.0
Hà Nội,2005,5395.0,97.953,3023.0,360.0
Hà Nội,2006,5683.0,108.7,3181.0,356.0
Hà Nội,2007,6103.0,114.9,3297.0,366.0
Hà Nội,2008,11287.000,234.000,8231.000,767.000
Hà Nội,2009,12473.000,254.900,7825.000,804.000
Hà Nội,2010,15845.000,288.600,8717.000,833.000
Hà Nội,2011,18736.000,318.423,9538.000,857.000
Hà Nội,2012,22397.000,351.632,9314.000,897.000
Hà Nội,2013,23354.000,341.298,10331.000,929.000
Hà Nội,2014,25960.000,374.417,11769.000,960.000
Hà Nội,2015,27081.000,391.048,13403.000,1009.000
Hà Nội,2016,31484.000,434.153,13365.000,1044.000
Hà Nội,2017,34174.000,466.069,14886.000,1084.000
Hà Nội,2018,33231.000,443.755,16072.000,1153.000
Hà Nội,2020,35234.000,420.072,16700.000,1147.000
Hà Nội,2021,32958.000,386.695,15986.000,1155.000
Hà Tây,2002,3646.000,74.998,2984.000,..
Hà Tây,2003,3636.000,75.602,3086.000,..
Hà Tây,2004,3608.0,75.071,3533.0,348.0
Hà Tây,2005,3870.0,78.388,2774.0,358.0
Hà Tây,2006,3832.0,80.5,3029.0,360.0
Hà Tây,2007,4023.0,83.4,3148.0,360.0
Hà Tây,2008,..,..,..,..
Hà Tây,2009,..,..,..,..
Hà Tây,2010,..,..,..,..
Hà Tây,2011,..,..,..,..
Hà Tây,2012,..,..,..,..
Hà Tây,2013,..,..,..,..
Hà Tây,2014,..,..,..,..
Hà Tây,2015,..,..,..,..
Hà Tây,2016,..,..,..,..
Hà Tây,2017,..,..,..,..
Hà Tây,2018,..,..,..,..
Hà Tây,2020,..,..,..,..
Hà Tây,2021,..,..,..,..
Khánh Hòa,2002,1543.000,28.494,1198.000,..
Khánh Hòa,2003,1513.000,28.958,1256.000,..
Khánh Hòa,2004,1529.0,31.896,1203.0,162.0
Khánh Hòa,2005,1536.0,31.823,1185.0,161.0
Khánh Hòa,2006,1553.0,31.5,1197.0,213.0
Khánh Hòa,2007,1655.0,33.2,1239.0,191.0
Khánh Hòa,2008,1796.000,35.400,1295.000,171.000
Khánh Hòa,2009,1832.000,35.100,1308.000,173.000
Khánh Hòa,2010,1962.000,37.000,1351.000,174.000
Khánh Hòa,2011,2120.000,38.963,1415.000,172.000
Khánh Hòa,2012,2169.000,41.919,1514.000,178.000
Khánh Hòa,2013,2284.000,42.010,1465.000,180.000
Khánh Hòa,2014,2395.000,41.480,1519.000,185.000
Khánh Hòa,2015,2882.000,45.645,1596.000,191.000
Khánh Hòa,2016,3065.000,50.862,1710.000,194.000
Khánh Hòa,2017,3215.000,52.260,1764.000,199.000
Khánh Hòa,2018,3033.000,51.643,1777.000,224.000
Khánh Hòa,2020,3439.000,52.177,1858.000,205.000
Khánh Hòa,2021,3360.000,45.737,1826.000,205.000
Kiên Giang,2002,553.000,14.895,545.000,..
Kiên Giang,2003,685.000,16.834,646.000,..
Kiên Giang,2004,826.0,20.206,750.0,37.0
Kiên Giang,2005,826.0,21.111,734.0,37.0
Kiên Giang,2006,906.0,22.5,808.0,44.0
Kiên Giang,2007,944.0,22.8,831.0,47.0
Kiên Giang,2008,1007.000,25.100,891.000,53.000
Kiên Giang,2009,1073.000,27.000,955.000,60.000
Kiên Giang,2010,1173.000,28.700,1051.000,67.000
Kiên Giang,2011,1386.000,33.401,1195.000,78.000
Kiên Giang,2012,1545.000,36.916,1306.000,91.000
Kiên Giang,2013,1763.000,39.857,1419.000,107.000
Kiên Giang,2014,1809.000,39.108,1443.000,123.000
Kiên Giang,2015,1951.000,39.670,1510.000,136.000
Kiên Giang,2016,2116.000,45.087,1552.000,151.000
Kiên Giang,2017,2360.000,49.196,1620.000,155.000
Kiên Giang,2018,2342.000,45.665,1564.000,160.000
Kiên Giang,2020,2549.000,44.580,1554.000,159.000
Kiên Giang,2021,2505.000,34.407,1494.000,160.000
Kon Tum,2002,780.000,16.754,765.000,..
Kon Tum,2003,935.000,18.519,822.000,..
Kon Tum,2004,891.0,19.745,853.0,89.0
Kon Tum,2005,1284.0,20.444,896.0,87.0
Kon Tum,2006,979.0,20.6,1015.0,99.0
Kon Tum,2007,1082.0,22.0,1029.0,99.0
Kon Tum,2008,1146.000,22.700,975.000,101.000
Kon Tum,2009,1173.000,24.400,1076.000,111.000
Kon Tum,2010,1418.000,25.300,1207.000,114.000
Kon Tum,2011,1418.000,27.462,1203.000,108.000
Kon Tum,2012,1481.000,29.549,1185.000,116.000
Kon Tum,2013,1539.000,30.811,1234.000,120.000
Kon Tum,2014,1648.000,31.285,1240.000,122.000
Kon Tum,2015,1670.000,33.260,1286.000,126.000
Kon Tum,2016,1787.000,35.360,1339.000,137.000
Kon Tum,2017,1829.000,36.006,1365.000,138.000
Kon Tum,2018,1614.000,35.289,1359.000,138.000
Kon Tum,2020,2152.000,35.136,1352.000,136.000
Kon Tum,2021,2113.000,34.968,1355.000,134.000
Lâm Đồng,2002,1659.000,34.753,1253.000,..
Lâm Đồng,2003,1628.000,35.829,1267.000,..
Lâm Đồng,2004,1984.0,39.321,1287.0,144.0
Lâm Đồng,2005,1719.0,40.896,1325.0,160.0
Lâm Đồng,2006,1805.0,41.6,1342.0,164.0
Lâm Đồng,2007,1838.0,40.2,1370.0,168.0
Lâm Đồng,2008,1560.000,42.000,1399.000,172.000
Lâm Đồng,2009,1918.000,43.800,1513.000,179.000
Lâm Đồng,2010,2306.000,45.900,1585.000,190.000
Lâm Đồng,2011,2304.000,49.312,1568.000,200.000
Lâm Đồng,2012,2843.000,60.755,1913.000,211.000
Lâm Đồng,2013,3007.000,53.596,1693.000,219.000
Lâm Đồng,2014,3060.000,52.197,1810.000,220.000
Lâm Đồng,2015,3221.000,54.188,2082.000,225.000
Lâm Đồng,2016,3472.000,58.432,1928.000,227.000
Lâm Đồng,2017,3606.000,61.320,1898.000,228.000
Lâm Đồng,2018,3524.000,59.811,1844.000,230.000
Lâm Đồng,2020,3673.000,60.724,1893.000,231.000
Lâm Đồng,2021,3614.000,56.181,1865.000,231.000
Lạng Sơn,2002,957.000,19.140,927.000,..
Lạng Sơn,2003,1147.000,15.550,1021.000,..
Lạng Sơn,2004,1288.0,22.33,1126.0,70.0
Lạng Sơn,2005,1285.0,23.82,1188.0,85.0
Lạng Sơn,2006,1408.0,25.2,1325.0,100.0
Lạng Sơn,2007,1708.0,27.3,1450.0,108.0
Lạng Sơn,2008,1910.000,28.400,1467.000,115.000
Lạng Sơn,2009,2020.000,29.900,1604.000,126.000
Lạng Sơn,2010,1776.000,27.600,1311.000,139.000
Lạng Sơn,2011,2190.000,32.277,1543.000,161.000
Lạng Sơn,2012,3250.000,33.032,1610.000,185.000
Lạng Sơn,2013,2681.000,36.723,1615.000,203.000
Lạng Sơn,2014,2419.000,39.408,1629.000,212.000
Lạng Sơn,2015,2797.000,42.623,1667.000,220.000
Lạng Sơn,2016,3099.000,44.447,1691.000,227.000
Lạng Sơn,2017,3295.000,45.795,1720.000,231.000
Lạng Sơn,2018,3357.000,45.609,1714.000,231.000
Lạng Sơn,2020,3415.000,43.761,1713.000,231.000
Lạng Sơn,2021,3363.000,42.136,1749.000,232.000
Lào Cai,2002,1011.000,20.939,1075.000,..
Lào Cai,2003,1420.000,23.658,1237.000,..
Lào Cai,2004,1357.0,21.768,1145.0,90.0
Lào Cai,2005,1466.0,24.442,1259.0,136.0
Lào Cai,2006,1550.0,25.9,1338.0,147.0
Lào Cai,2007,1885.0,23.9,1240.0,161.0
Lào Cai,2008,1834.000,25.900,1335.000,177.000
Lào Cai,2009,2115.000,31.300,1562.000,184.000
Lào Cai,2010,2746.000,33.500,1792.000,189.000
Lào Cai,2011,2631.000,35.246,1692.000,192.000
Lào Cai,2012,3143.000,38.761,1763.000,197.000
Lào Cai,2013,3112.000,41.132,1857.000,204.000
Lào Cai,2014,3343.000,42.971,1872.000,208.000
Lào Cai,2015,3526.000,45.316,1918.000,201.000
Lào Cai,2016,3424.000,47.473,1967.000,200.000
Lào Cai,2017,3638.000,49.190,1996.000,200.000
Lào Cai,2018,3510.000,50.586,1983.000,195.000
Lào Cai,2020,3623.000,49.280,1887.000,194.000
Lào Cai,2021,3661.000,47.984,1967.000,197.000
Lai Châu,2002,550.000,9.755,437.000,..
Lai Châu,2003,746.000,13.250,615.000,..
Lai Châu,2004,440.0,9.676,491.0,40.0
Lai Châu,2005,851.0,13.323,584.0,52.0
Lai Châu,2006,966.0,14.3,779.0,81.0
Lai Châu,2007,1232.0,18.2,998.0,106.0
Lai Châu,2008,1397.000,20.900,1129.000,114.000
Lai Châu,2009,1360.000,24.600,1267.000,124.000
Lai Châu,2010,1727.000,26.500,1349.000,127.000
Lai Châu,2011,1885.000,28.500,1446.000,129.000
Lai Châu,2012,1802.000,30.541,1449.000,135.000
Lai Châu,2013,2174.000,31.181,1479.000,139.000
Lai Châu,2014,2371.000,33.352,1517.000,139.000
Lai Châu,2015,2482.000,35.611,1559.000,139.000
Lai Châu,2016,2514.000,36.967,1546.000,138.000
Lai Châu,2017,2381.000,37.394,1525.000,136.000
Lai Châu,2018,2420.000,36.812,1482.000,117.000
Lai Châu,2020,2357.000,35.191,1432.000,114.000
Lai Châu,2021,2264.000,33.790,1389.000,114.000
Long An,2002,1140.000,26.521,1056.000,..
Long An,2003,1234.000,25.546,1088.000,..
Long An,2004,1271.0,28.869,1146.0,115.0
Long An,2005,1368.0,31.524,1195.0,120.0
Long An,2006,1547.0,33.5,1317.0,146.0
Long An,2007,1689.0,36.7,1460.0,155.0
Long An,2008,1754.000,39.900,1456.000,158.000
Long An,2009,1852.000,40.600,1470.000,173.000
Long An,2010,1852.000,40.500,1440.000,181.000
Long An,2011,1931.000,41.671,1476.000,183.000
Long An,2012,2080.000,44.142,1388.000,187.000
Long An,2013,2261.000,45.986,1497.000,198.000
Long An,2014,2622.000,46.572,1514.000,196.000
Long An,2015,2826.000,45.797,1591.000,203.000
Long An,2016,3116.000,53.328,1764.000,209.000
Long An,2017,3440.000,54.900,1798.000,224.000
Long An,2018,3275.000,52.141,1782.000,224.000
Long An,2020,3384.000,50.676,1830.000,218.000
Long An,2021,3176.000,39.919,1625.000,216.000
Nam Định,2002,3141.000,71.183,2730.000,..
Nam Định,2003,2998.000,68.655,2550.000,..
Nam Định,2004,5657.0,91.886,3807.0,245.0
Nam Định,2005,3011.0,67.287,2437.0,256.0
Nam Định,2006,2984.0,66.1,2328.0,256.0
Nam Định,2007,2916.0,64.9,2348.0,257.0
Nam Định,2008,3171.000,66.300,2315.000,256.000
Nam Định,2009,3199.000,67.600,2275.000,258.000
Nam Định,2010,3128.000,69.600,2265.000,259.000
Nam Định,2011,3617.000,74.935,2300.000,260.000
Nam Định,2012,3986.000,75.615,2366.000,260.000
Nam Định,2013,4257.000,76.742,2404.000,264.000
Nam Định,2014,4477.000,78.230,2488.000,266.000
Nam Định,2015,4738.000,84.821,2581.000,266.000
Nam Định,2016,4782.000,87.502,2974.000,266.000
Nam Định,2017,4897.000,91.693,2798.000,266.000
Nam Định,2018,4784.000,89.320,2778.000,261.000
Nam Định,2020,4714.000,86.103,2880.000,231.000
Nam Định,2021,4755.000,81.228,2897.000,230.000
Nghệ An,2002,5394.000,101.918,4428.000,..
Nghệ An,2003,4781.000,99.604,4045.000,..
Nghệ An,2004,4830.0,99.112,3948.0,506.0
Nghệ An,2005,5048.0,100.838,3931.0,503.0
Nghệ An,2006,4917.0,100.9,3877.0,501.0
Nghệ An,2007,5347.0,102.4,3909.0,502.0
Nghệ An,2008,5363.000,108.200,4006.000,504.000
Nghệ An,2009,5627.000,113.700,4059.000,503.000
Nghệ An,2010,6173.000,115.200,4107.000,507.000
Nghệ An,2011,6270.000,121.371,4226.000,508.000
Nghệ An,2012,6339.000,132.130,4362.000,515.000
Nghệ An,2013,6679.000,135.264,4400.000,517.000
Nghệ An,2014,6867.000,143.856,4599.000,524.000
Nghệ An,2015,7876.000,156.556,4844.000,529.000
Nghệ An,2016,8424.000,177.618,5336.000,535.000
Nghệ An,2017,9053.000,188.342,5647.000,541.000
Nghệ An,2018,9271.000,185.395,5704.000,551.000
Nghệ An,2020,9593.000,189.899,5955.000,546.000
Nghệ An,2021,9714.000,183.986,6011.000,547.000
Ninh Bình,2002,1786.000,27.088,1179.000,..
Ninh Bình,2003,1811.000,26.839,1097.000,..
Ninh Bình,2004,1903.0,27.342,1207.0,150.0
Ninh Bình,2005,1933.0,28.721,1197.0,151.0
Ninh Bình,2006,1940.0,28.3,1180.0,152.0
Ninh Bình,2007,1987.0,28.8,1199.0,151.0
Ninh Bình,2008,2148.000,30.900,1183.000,150.000
Ninh Bình,2009,2184.000,31.200,1159.000,149.000
Ninh Bình,2010,2282.000,31.300,1157.000,148.000
Ninh Bình,2011,2304.000,36.595,1206.000,150.000
Ninh Bình,2012,2393.000,39.079,1234.000,150.000
Ninh Bình,2013,2387.000,39.134,1250.000,151.000
Ninh Bình,2014,2504.000,40.098,1253.000,150.000
Ninh Bình,2015,2566.000,43.748,1289.000,150.000
Ninh Bình,2016,2698.000,48.523,1428.000,150.000
Ninh Bình,2017,2956.000,51.145,1478.000,152.000
Ninh Bình,2018,3119.000,51.584,1560.000,154.000
Ninh Bình,2020,3206.000,49.601,1622.000,153.000
Ninh Bình,2021,3233.000,46.153,1601.000,155.000
Ninh Thuận,2002,525.000,12.546,519.000,..
Ninh Thuận,2003,593.000,13.335,537.000,..
Ninh Thuận,2004,617.0,14.943,561.0,95.0
Ninh Thuận,2005,767.0,18.985,709.0,112.0
Ninh Thuận,2006,634.0,14.3,567.0,96.0
Ninh Thuận,2007,708.0,15.3,605.0,98.0
Ninh Thuận,2008,656.000,16.100,617.000,103.000
Ninh Thuận,2009,744.000,16.500,625.000,108.000
Ninh Thuận,2010,722.000,16.500,555.000,105.000
Ninh Thuận,2011,818.000,16.727,644.000,110.000
Ninh Thuận,2012,957.000,17.281,659.000,89.000
Ninh Thuận,2013,909.000,17.926,674.000,89.000
Ninh Thuận,2014,978.000,18.741,705.000,78.000
Ninh Thuận,2015,1037.000,19.435,695.000,88.000
Ninh Thuận,2016,994.000,19.827,1070.000,89.000
Ninh Thuận,2017,1293.000,23.035,792.000,92.000
Ninh Thuận,2018,1428.000,20.078,670.000,81.000
Ninh Thuận,2020,1380.000,22.720,831.000,90.000
Ninh Thuận,2021,1397.000,19.058,840.000,89.000
Phú Thọ,2002,2049.000,41.638,1855.000,..
Phú Thọ,2003,2232.000,41.732,1920.000,..
Phú Thọ,2004,2322.0,42.912,1946.0,297.0
Phú Thọ,2005,2403.0,44.238,1959.0,296.0
Phú Thọ,2006,2646.0,45.6,1984.0,300.0
Phú Thọ,2007,2881.0,47.3,2021.0,301.0
Phú Thọ,2008,3052.000,49.400,2039.000,303.000
Phú Thọ,2009,3056.000,51.400,2108.000,303.000
Phú Thọ,2010,3414.000,55.100,2167.000,308.000
Phú Thọ,2011,3714.000,60.574,2250.000,308.000
Phú Thọ,2012,4184.000,66.876,2209.000,312.000
Phú Thọ,2013,4559.000,69.745,2421.000,312.000
Phú Thọ,2014,4973.000,74.003,2541.000,313.000
Phú Thọ,2015,5555.000,80.915,2697.000,314.000
Phú Thọ,2016,5823.000,85.245,2839.000,317.000
Phú Thọ,2017,6051.000,89.738,2954.000,318.000
Phú Thọ,2018,5875.000,85.513,2958.000,322.000
Phú Thọ,2020,6063.000,80.099,2997.000,320.000
Phú Thọ,2021,6215.000,76.956,2982.000,309.000
Phú Yên,2002,1069.000,20.703,982.000,..
Phú Yên,2003,1166.000,21.592,1026.000,..
Phú Yên,2004,817.0,16.638,824.0,89.0
Phú Yên,2005,1444.0,25.768,1204.0,124.0
Phú Yên,2006,1153.0,23.5,1044.0,132.0
Phú Yên,2007,1178.0,23.5,1022.0,128.0
Phú Yên,2008,1290.000,26.100,1114.000,140.000
Phú Yên,2009,1142.000,24.200,1093.000,127.000
Phú Yên,2010,1244.000,25.400,1122.000,132.000
Phú Yên,2011,1269.000,23.871,1079.000,133.000
Phú Yên,2012,1159.000,25.787,1117.000,137.000
Phú Yên,2013,1393.000,25.375,1065.000,133.000
Phú Yên,2014,1484.000,26.335,1149.000,134.000
Phú Yên,2015,1512.000,26.967,1162.000,135.000
Phú Yên,2016,1598.000,30.201,1092.000,135.000
Phú Yên,2017,1731.000,30.520,1111.000,138.000
Phú Yên,2018,1639.000,28.729,1075.000,134.000
Phú Yên,2020,1838.000,26.853,1018.000,131.000
Phú Yên,2021,1670.000,23.249,992.000,130.000
Quảng Bình,2002,1686.000,30.210,1386.000,..
Quảng Bình,2003,1946.000,34.259,1570.000,..
Quảng Bình,2004,1639.0,28.821,1294.0,185.0
Quảng Bình,2005,1726.0,30.252,1271.0,186.0
Quảng Bình,2006,1699.0,30.9,1287.0,182.0
Quảng Bình,2007,1767.0,32.3,1298.0,176.0
Quảng Bình,2008,1842.000,33.500,1250.000,176.000
Quảng Bình,2009,1942.000,33.300,1145.000,153.000
Quảng Bình,2010,2117.000,35.200,1340.000,176.000
Quảng Bình,2011,2310.000,37.854,1407.000,178.000
Quảng Bình,2012,2598.000,40.919,1462.000,179.000
Quảng Bình,2013,2730.000,39.885,1483.000,178.000
Quảng Bình,2014,2855.000,40.624,1509.000,178.000
Quảng Bình,2015,3034.000,44.950,1570.000,179.000
Quảng Bình,2016,3247.000,51.740,1724.000,178.000
Quảng Bình,2017,3409.000,52.997,1754.000,182.000
Quảng Bình,2018,3443.000,52.672,1789.000,184.000
Quảng Bình,2020,3721.000,52.767,1892.000,183.000
Quảng Bình,2021,3780.000,50.914,1901.000,183.000
Quảng Nam,2002,1840.000,36.306,1532.000,..
Quảng Nam,2003,1639.000,34.576,1497.000,..
Quảng Nam,2004,1683.0,34.269,1977.0,206.0
Quảng Nam,2005,1984.0,37.209,1747.0,199.0
Quảng Nam,2006,2375.0,44.3,1885.0,217.0
Quảng Nam,2007,1787.0,26.0,1552.0,211.0
Quảng Nam,2008,2072.000,40.300,1638.000,214.000
Quảng Nam,2009,2064.000,42.400,1671.000,214.000
Quảng Nam,2010,2249.000,44.500,1727.000,222.000
Quảng Nam,2011,2426.000,48.155,1816.000,223.000
Quảng Nam,2012,2877.000,51.157,1908.000,229.000
Quảng Nam,2013,3025.000,51.381,1938.000,232.000
Quảng Nam,2014,3313.000,52.040,1987.000,240.000
Quảng Nam,2015,3608.000,55.524,2178.000,246.000
Quảng Nam,2016,3973.000,62.515,2420.000,255.000
Quảng Nam,2017,4160.000,63.453,2330.000,260.000
Quảng Nam,2018,3762.000,60.103,2219.000,247.000
Quảng Nam,2020,4300.000,65.973,2600.000,320.000
Quảng Nam,2021,4636.000,64.087,2597.000,289.000
Quảng Ngãi,2002,1391.000,30.023,1350.000,..
Quảng Ngãi,2003,1276.000,28.442,1369.000,..
Quảng Ngãi,2004,1481.0,30.389,1390.0,148.0
Quảng Ngãi,2005,1447.0,31.222,1379.0,154.0
Quảng Ngãi,2006,1490.0,30.7,1376.0,157.0
Quảng Ngãi,2007,1571.0,32.4,1423.0,167.0
Quảng Ngãi,2008,1646.000,37.100,1549.000,194.000
Quảng Ngãi,2009,1760.000,36.700,1464.000,194.000
Quảng Ngãi,2010,1827.000,38.000,1492.000,213.000
Quảng Ngãi,2011,1754.000,38.694,1559.000,210.000
Quảng Ngãi,2012,1967.000,42.581,1603.000,214.000
Quảng Ngãi,2013,2071.000,42.357,1573.000,205.000
Quảng Ngãi,2014,2205.000,41.511,1717.000,207.000
Quảng Ngãi,2015,2445.000,41.263,1570.000,208.000
Quảng Ngãi,2016,2693.000,46.923,1620.000,219.000
Quảng Ngãi,2017,2819.000,47.906,2045.000,214.000
Quảng Ngãi,2018,2672.000,46.857,1657.000,242.000
Quảng Ngãi,2020,2840.000,48.762,1689.000,214.000
Quảng Ngãi,2021,2900.000,47.388,1698.000,216.000
Quảng Ninh,2002,1077.000,22.492,1100.000,..
Quảng Ninh,2003,1596.000,25.429,1169.000,..
Quảng Ninh,2004,1746.0,28.392,1311.0,202.0
Quảng Ninh,2005,2507.0,26.746,1285.0,190.0
Quảng Ninh,2006,2648.0,27.5,1289.0,218.0
Quảng Ninh,2007,2734.0,28.4,1354.0,202.0
Quảng Ninh,2008,1998.000,29.100,1431.000,205.000
Quảng Ninh,2009,2013.000,33.500,1366.000,197.000
Quảng Ninh,2010,2619.000,37.300,1488.000,197.000
Quảng Ninh,2011,2701.000,46.763,1798.000,205.000
Quảng Ninh,2012,3188.000,48.053,1823.000,206.000
Quảng Ninh,2013,3817.000,53.486,2107.000,209.000
Quảng Ninh,2014,3887.000,54.929,2144.000,211.000
Quảng Ninh,2015,4183.000,60.532,2265.000,210.000
Quảng Ninh,2016,4694.000,66.154,2447.000,214.000
Quảng Ninh,2017,4759.000,68.898,2570.000,216.000
Quảng Ninh,2018,4948.000,57.181,2022.000,217.000
Quảng Ninh,2020,5002.000,64.018,2667.000,222.000
Quảng Ninh,2021,4897.000,63.225,2639.000,225.000
Quảng Trị,2002,1331.000,20.966,894.000,..
Quảng Trị,2003,1163.000,21.254,935.000,..
Quảng Trị,2004,1226.0,21.923,951.0,134.0
Quảng Trị,2005,1272.0,23.432,1007.0,140.0
Quảng Trị,2006,1244.0,22.9,966.0,144.0
Quảng Trị,2007,1383.0,23.8,1012.0,148.0
Quảng Trị,2008,1457.000,24.700,1025.000,151.000
Quảng Trị,2009,1576.000,24.300,1015.000,158.000
Quảng Trị,2010,1740.000,25.300,1040.000,157.000
Quảng Trị,2011,1852.000,26.573,1066.000,157.000
Quảng Trị,2012,1962.000,28.149,1088.000,160.000
Quảng Trị,2013,2166.000,28.264,1107.000,162.000
Quảng Trị,2014,2123.000,28.911,1154.000,164.000
Quảng Trị,2015,2187.000,30.007,1169.000,164.000
Quảng Trị,2016,2257.000,33.118,1208.000,164.000
Quảng Trị,2017,2317.000,34.513,1254.000,167.000
Quảng Trị,2018,2377.000,28.328,1133.000,163.000
Quảng Trị,2020,2298.000,34.520,1339.000,167.000
Quảng Trị,2021,2426.000,34.398,1384.000,167.000
Sóc Trăng,2002,565.000,17.539,659.000,..
Sóc Trăng,2003,622.000,22.327,887.000,..
Sóc Trăng,2004,678.0,26.331,852.0,59.0
Sóc Trăng,2005,816.0,29.829,1100.0,136.0
Sóc Trăng,2006,906.0,30.4,1190.0,169.0
Sóc Trăng,2007,795.0,31.7,1216.0,167.0
Sóc Trăng,2008,1246.000,33.500,1254.000,160.000
Sóc Trăng,2009,1337.000,35.900,1339.000,145.000
Sóc Trăng,2010,1638.000,39.000,1407.000,119.000
Sóc Trăng,2011,1711.000,41.005,1450.000,141.000
Sóc Trăng,2012,1986.000,44.669,1791.000,156.000
Sóc Trăng,2013,1970.000,44.907,1589.000,146.000
Sóc Trăng,2014,1945.000,42.974,1577.000,133.000
Sóc Trăng,2015,2165.000,44.192,1636.000,137.000
Sóc Trăng,2016,2432.000,48.831,1587.000,138.000
Sóc Trăng,2017,2477.000,49.146,1567.000,135.000
Sóc Trăng,2018,2314.000,44.605,1465.000,135.000
Sóc Trăng,2020,2400.000,42.124,1469.000,134.000
Sóc Trăng,2021,2437.000,29.413,1430.000,135.000
Sơn La,2002,1678.000,27.147,1507.000,..
Sơn La,2003,1845.000,30.100,1617.000,..
Sơn La,2004,1992.0,34.818,1772.0,150.0
Sơn La,2005,1950.0,36.573,1906.0,168.0
Sơn La,2006,2026.0,39.3,1882.0,180.0
Sơn La,2007,2300.0,44.3,2034.0,192.0
Sơn La,2008,2615.000,49.900,2349.000,200.000
Sơn La,2009,2709.000,53.500,2486.000,214.000
Sơn La,2010,3103.000,58.600,2792.000,219.000
Sơn La,2011,3345.000,63.653,2909.000,244.000
Sơn La,2012,3676.000,70.732,3099.000,251.000
Sơn La,2013,3682.000,74.149,3104.000,255.000
Sơn La,2014,3885.000,77.384,3112.000,262.000
Sơn La,2015,3989.000,81.764,3155.000,263.000
Sơn La,2016,3987.000,84.401,3165.000,268.000
Sơn La,2017,4165.000,86.976,3191.000,269.000
Sơn La,2018,4268.000,85.954,3132.000,224.000
Sơn La,2020,4517.000,81.541,3054.000,228.000
Sơn La,2021,4475.000,77.539,3028.000,229.000
Tây Nguyên,2002,6637.000,148.689,5969.000,..
Tây Nguyên,2003,6759.000,152.635,6051.000,..
Tây Nguyên,2004,7299.0,172.652,6734.0,601.0
Tây Nguyên,2005,7318.0,171.303,7014.0,635.0
Tây Nguyên,2006,8090.0,184.2,7420.0,709.0
Tây Nguyên,2007,8032.0,180.6,7048.0,732.0
Tây Nguyên,2008,8612.000,189.500,7204.000,772.000
Tây Nguyên,2009,9218.000,199.700,7588.000,803.000
Tây Nguyên,2010,10239.000,208.400,7913.000,844.000
Tây Nguyên,2011,10980.000,231.086,8398.000,868.000
Tây Nguyên,2012,11876.000,258.329,9289.000,932.000
Tây Nguyên,2013,12973.000,259.027,8980.000,942.000
Tây Nguyên,2014,13497.000,257.122,9373.000,976.000
Tây Nguyên,2015,14538.000,269.757,11217.000,1009.000
Tây Nguyên,2016,15431.000,293.582,10346.000,1041.000
Tây Nguyên,2017,16293.000,306.504,11216.000,1065.000
Tây Nguyên,2018,15534.000,303.219,10065.000,1094.000
Tây Nguyên,2020,17534.000,301.173,10254.000,1089.000
Tây Nguyên,2021,17311.000,281.432,10176.000,1088.000
Tây Ninh,2002,179.000,14.218,504.000,..
Tây Ninh,2003,807.000,14.961,602.000,..
Tây Ninh,2004,748.0,17.824,568.0,104.0
Tây Ninh,2005,816.0,19.244,668.0,114.0
Tây Ninh,2006,837.0,20.9,729.0,117.0
Tây Ninh,2007,843.0,20.8,733.0,117.0
Tây Ninh,2008,907.000,22.800,893.000,117.000
Tây Ninh,2009,993.000,23.800,721.000,117.000
Tây Ninh,2010,981.000,24.600,716.000,115.000
Tây Ninh,2011,1012.000,26.383,740.000,116.000
Tây Ninh,2012,1137.000,28.321,820.000,123.000
Tây Ninh,2013,1255.000,29.809,841.000,123.000
Tây Ninh,2014,1276.000,29.787,875.000,125.000
Tây Ninh,2015,1426.000,30.433,982.000,131.000
Tây Ninh,2016,1565.000,34.274,1547.000,132.000
Tây Ninh,2017,1686.000,35.926,1216.000,134.000
Tây Ninh,2018,1962.000,36.522,1134.000,138.000
Tây Ninh,2020,2027.000,35.245,1201.000,136.000
Tây Ninh,2021,1915.000,26.489,1123.000,132.000
TP.Hồ Chí Minh,2002,6078.000,127.122,3792.000,..
TP.Hồ Chí Minh,2003,6357.000,128.605,3787.000,..
TP.Hồ Chí Minh,2004,6886.0,147.808,4036.0,524.0
TP.Hồ Chí Minh,2005,7151.0,159.719,4363.0,533.0
TP.Hồ Chí Minh,2006,7939.0,172.2,4730.0,597.0
TP.Hồ Chí Minh,2007,8666.0,186.7,5047.0,586.0
TP.Hồ Chí Minh,2008,9451.000,198.300,5397.000,638.000
TP.Hồ Chí Minh,2009,9898.000,190.900,5189.000,605.000
TP.Hồ Chí Minh,2010,10703.000,214.700,14973.000,696.000
TP.Hồ Chí Minh,2011,11983.000,241.468,7259.000,744.000
TP.Hồ Chí Minh,2012,12765.000,253.795,7923.000,800.000
TP.Hồ Chí Minh,2013,13774.000,258.530,8230.000,870.000
TP.Hồ Chí Minh,2014,14640.000,261.186,8364.000,939.000
TP.Hồ Chí Minh,2015,15746.000,279.257,9269.000,1006.000
TP.Hồ Chí Minh,2016,17728.000,312.568,10347.000,1100.000
TP.Hồ Chí Minh,2017,19482.000,329.065,11292.000,1208.000
TP.Hồ Chí Minh,2018,20330.000,319.635,11539.000,1305.000
TP.Hồ Chí Minh,2020,21364.000,295.679,12023.000,1374.000
TP.Hồ Chí Minh,2021,20167.000,229.661,11556.000,1342.000
Thừa Thiên Huế,2002,1743.000,33.238,1310.000,..
Thừa Thiên Huế,2003,1620.000,33.329,1380.000,..
Thừa Thiên Huế,2004,1786.0,35.278,1355.0,170.0
Thừa Thiên Huế,2005,1883.0,32.906,1407.0,175.0
Thừa Thiên Huế,2006,1935.0,34.0,1329.0,193.0
Thừa Thiên Huế,2007,1986.0,34.8,1315.0,182.0
Thừa Thiên Huế,2008,2100.000,36.500,1392.000,185.000
Thừa Thiên Huế,2009,2184.000,36.200,1302.000,190.000
Thừa Thiên Huế,2010,2229.000,36.800,1408.000,193.000
Thừa Thiên Huế,2011,2367.000,37.539,1413.000,195.000
Thừa Thiên Huế,2012,2746.000,41.036,1483.000,196.000
Thừa Thiên Huế,2013,2831.000,36.324,1375.000,198.000
Thừa Thiên Huế,2014,2849.000,38.737,1395.000,206.000
Thừa Thiên Huế,2015,2850.000,41.435,1459.000,207.000
Thừa Thiên Huế,2016,3151.000,49.472,1626.000,206.000
Thừa Thiên Huế,2017,3326.000,50.532,2030.000,207.000
Thừa Thiên Huế,2018,3174.000,49.556,1597.000,203.000
Thừa Thiên Huế,2020,3441.000,49.920,1705.000,204.000
Thừa Thiên Huế,2021,3684.000,46.255,1792.000,204.000
Thái Bình,2002,3000.000,59.150,2208.000,..
Thái Bình,2003,2458.000,62.729,2216.000,..
Thái Bình,2004,2453.0,62.817,2208.0,294.0
Thái Bình,2005,2821.0,61.741,2172.0,296.0
Thái Bình,2006,2507.0,62.4,2156.0,297.0
Thái Bình,2007,2749.0,62.6,2390.0,298.0
Thái Bình,2008,2651.000,64.200,2144.000,299.000
Thái Bình,2009,2692.000,62.200,2137.000,299.000
Thái Bình,2010,2585.000,67.900,2189.000,299.000
Thái Bình,2011,3084.000,72.220,2325.000,299.000
Thái Bình,2012,3203.000,72.588,2332.000,299.000
Thái Bình,2013,4065.000,71.746,2315.000,301.000
Thái Bình,2014,4095.000,72.086,2331.000,301.000
Thái Bình,2015,4139.000,78.102,2676.000,302.000
Thái Bình,2016,4416.000,82.823,2901.000,302.000
Thái Bình,2017,4427.000,86.136,2822.000,305.000
Thái Bình,2018,3213.000,84.942,2573.000,294.000
Thái Bình,2020,3925.000,76.802,2554.000,299.000
Thái Bình,2021,4351.000,73.549,2500.000,300.000
Thái Nguyên,2002,1768.000,28.887,1323.000,..
Thái Nguyên,2003,1897.000,29.883,1365.000,..
Thái Nguyên,2004,1835.0,31.39,1413.0,219.0
Thái Nguyên,2005,2015.0,33.135,1351.0,199.0
Thái Nguyên,2006,2049.0,35.1,1404.0,199.0
Thái Nguyên,2007,2168.0,36.4,1284.0,198.0
Thái Nguyên,2008,1710.000,38.900,1440.000,201.000
Thái Nguyên,2009,1802.000,40.400,1391.000,205.000
Thái Nguyên,2010,2091.000,42.200,1287.000,203.000
Thái Nguyên,2011,2812.000,45.230,1500.000,208.000
Thái Nguyên,2012,3015.000,52.602,1653.000,214.000
Thái Nguyên,2013,3212.000,52.693,1671.000,217.000
Thái Nguyên,2014,3421.000,56.115,1754.000,223.000
Thái Nguyên,2015,3624.000,61.945,2167.000,223.000
Thái Nguyên,2016,3928.000,68.777,2028.000,228.000
Thái Nguyên,2017,4447.000,72.342,2125.000,229.000
Thái Nguyên,2018,4092.000,70.820,2283.000,236.000
Thái Nguyên,2020,4466.000,68.961,2424.000,242.000
Thái Nguyên,2021,3727.000,66.007,2479.000,246.000
Thanh Hóa,2002,7134.000,130.026,5450.000,..
Thanh Hóa,2003,5430.000,119.576,5205.000,..
Thanh Hóa,2004,5632.0,117.688,4943.0,647.0
Thanh Hóa,2005,5660.0,117.348,4873.0,644.0
Thanh Hóa,2006,4503.0,117.5,4866.0,645.0
Thanh Hóa,2007,6220.0,118.4,4900.0,646.0
Thanh Hóa,2008,6408.000,121.900,4920.000,646.000
Thanh Hóa,2009,6489.000,122.000,4806.000,646.000
Thanh Hóa,2010,6912.000,126.600,4936.000,654.000
Thanh Hóa,2011,7437.000,135.455,5066.000,653.000
Thanh Hóa,2012,6540.000,141.314,5117.000,656.000
Thanh Hóa,2013,8875.000,146.715,5163.000,658.000
Thanh Hóa,2014,8855.000,150.069,5356.000,660.000
Thanh Hóa,2015,9738.000,161.454,5841.000,661.000
Thanh Hóa,2016,9954.000,181.566,6020.000,665.000
Thanh Hóa,2017,10275.000,187.145,6557.000,669.000
Thanh Hóa,2018,9659.000,189.198,6596.000,670.000
Thanh Hóa,2020,11886.000,188.356,6993.000,682.000
Thanh Hóa,2021,12219.000,182.049,6954.000,681.000
Tiền Giang,2002,1188.000,34.139,1135.000,..
Tiền Giang,2003,1251.000,33.370,1151.000,..
Tiền Giang,2004,1310.0,37.901,1204.0,103.0
Tiền Giang,2005,1348.0,38.544,1231.0,112.0
Tiền Giang,2006,1329.0,38.5,1207.0,111.0
Tiền Giang,2007,1423.0,41.1,1256.0,115.0
Tiền Giang,2008,1448.000,46.100,1311.000,117.000
Tiền Giang,2009,1421.000,43.300,1272.000,128.000
Tiền Giang,2010,1531.000,44.500,1294.000,149.000
Tiền Giang,2011,1751.000,45.315,1307.000,163.000
Tiền Giang,2012,1973.000,48.836,1366.000,181.000
Tiền Giang,2013,1952.000,47.556,1362.000,179.000
Tiền Giang,2014,2163.000,48.191,1583.000,181.000
Tiền Giang,2015,2271.000,47.690,1412.000,221.000
Tiền Giang,2016,2478.000,55.130,1486.000,226.000
Tiền Giang,2017,2515.000,55.918,1526.000,228.000
Tiền Giang,2018,2463.000,51.937,1534.000,213.000
Tiền Giang,2020,2674.000,51.572,1573.000,187.000
Tiền Giang,2021,2655.000,39.816,1566.000,188.000
Trà Vinh,2002,596.000,17.924,680.000,..
Trà Vinh,2003,716.000,18.492,733.000,..
Trà Vinh,2004,732.0,22.023,820.0,59.0
Trà Vinh,2005,814.0,22.791,843.0,73.0
Trà Vinh,2006,840.0,22.4,856.0,82.0
Trà Vinh,2007,956.0,24.3,928.0,91.0
Trà Vinh,2008,1011.000,26.900,1035.000,95.000
Trà Vinh,2009,1144.000,28.500,1093.000,98.000
Trà Vinh,2010,1205.000,28.500,1134.000,100.000
Trà Vinh,2011,1265.000,29.511,1141.000,101.000
Trà Vinh,2012,1326.000,30.478,1156.000,108.000
Trà Vinh,2013,1413.000,32.306,1230.000,112.000
Trà Vinh,2014,1447.000,33.279,1195.000,113.000
Trà Vinh,2015,1571.000,34.878,1220.000,117.000
Trà Vinh,2016,1604.000,37.711,1226.000,120.000
Trà Vinh,2017,1685.000,38.141,1261.000,122.000
Trà Vinh,2018,1744.000,36.871,1263.000,120.000
Trà Vinh,2020,1882.000,36.400,1291.000,122.000
Trà Vinh,2021,1966.000,29.328,1254.000,121.000
Trung du và miền núi phía Bắc,2002,17560.000,322.903,16363.000,..
Trung du và miền núi phía Bắc,2003,19871.000,328.349,16619.000,..
Trung du và miền núi phía Bắc,2004,20118.0,348.786,17114.0,1786.0
Trung du và miền núi phía Bắc,2005,21163.0,371.101,17849.0,1970.0
Trung du và miền núi phía Bắc,2006,23046.0,392.7,18940.0,2105.0
Trung du và miền núi phía Bắc,2007,25734.0,416.6,19548.0,2230.0
Trung du và miền núi phía Bắc,2008,27748.000,439.300,20582.000,2348.000
Trung du và miền núi phía Bắc,2009,27922.000,476.100,22149.000,2435.000
Trung du và miền núi phía Bắc,2010,31090.000,510.600,22807.000,2525.000
Trung du và miền núi phía Bắc,2011,34602.000,552.664,24092.000,2673.000
Trung du và miền núi phía Bắc,2012,38647.000,603.089,25082.000,2783.000
Trung du và miền núi phía Bắc,2013,40140.000,634.978,25816.000,2841.000
Trung du và miền núi phía Bắc,2014,41717.000,672.913,26309.000,2889.000
Trung du và miền núi phía Bắc,2015,44611.000,726.719,28289.000,2901.000
Trung du và miền núi phía Bắc,2016,46390.000,768.762,28346.000,2924.000
Trung du và miền núi phía Bắc,2017,49211.000,799.222,28889.000,2937.000
Trung du và miền núi phía Bắc,2018,49241.000,789.118,28850.000,2851.000
Trung du và miền núi phía Bắc,2020,50579.000,759.201,28938.000,2818.000
Trung du và miền núi phía Bắc,2021,49820.000,731.795,28891.000,2804.000
Tuyên Quang,2002,1419.000,28.325,1768.000,..
Tuyên Quang,2003,1779.000,28.938,1602.000,..
Tuyên Quang,2004,2211.0,32.511,1942.0,78.0
Tuyên Quang,2005,1805.0,30.417,1643.0,111.0
Tuyên Quang,2006,1795.0,30.7,1601.0,122.0
Tuyên Quang,2007,1895.0,31.0,1587.0,124.0
Tuyên Quang,2008,1987.000,32.200,1582.000,126.000
Tuyên Quang,2009,1943.000,33.200,1590.000,130.000
Tuyên Quang,2010,2052.000,35.600,1621.000,137.000
Tuyên Quang,2011,2168.000,36.834,1658.000,141.000
Tuyên Quang,2012,2373.000,40.616,1714.000,147.000
Tuyên Quang,2013,2653.000,43.067,1728.000,148.000
Tuyên Quang,2014,2867.000,45.151,1708.000,148.000
Tuyên Quang,2015,3059.000,49.397,1733.000,148.000
Tuyên Quang,2016,3113.000,50.792,1738.000,148.000
Tuyên Quang,2017,3227.000,51.962,1764.000,149.000
Tuyên Quang,2018,3013.000,49.513,1715.000,150.000
Tuyên Quang,2020,2767.000,46.136,1662.000,150.000
Tuyên Quang,2021,2768.000,44.038,1615.000,152.000
Vĩnh Long,2002,814.000,22.549,854.000,..
Vĩnh Long,2003,933.000,21.840,866.000,..
Vĩnh Long,2004,1074.0,24.79,948.0,90.0
Vĩnh Long,2005,1152.0,27.453,1135.0,115.0
Vĩnh Long,2006,1283.0,27.8,1074.0,117.0
Vĩnh Long,2007,1315.0,28.9,1127.0,120.0
Vĩnh Long,2008,1395.000,30.200,1145.000,119.000
Vĩnh Long,2009,1402.000,29.700,1183.000,122.000
Vĩnh Long,2010,1470.000,30.300,1187.000,122.000
Vĩnh Long,2011,1521.000,33.194,1225.000,124.000
Vĩnh Long,2012,1604.000,35.669,1241.000,128.000
Vĩnh Long,2013,1597.000,35.650,1272.000,133.000
Vĩnh Long,2014,1783.000,34.287,1271.000,125.000
Vĩnh Long,2015,1863.000,32.846,2024.000,123.000
Vĩnh Long,2016,2127.000,39.643,1260.000,128.000
Vĩnh Long,2017,2196.000,38.865,1294.000,128.000
Vĩnh Long,2018,2340.000,36.789,1231.000,128.000
Vĩnh Long,2020,2371.000,34.768,1248.000,130.000
Vĩnh Long,2021,2368.000,26.673,1226.000,130.000
Vĩnh Phúc,2002,1567.000,33.472,1348.000,..
Vĩnh Phúc,2003,1474.000,35.324,1373.000,..
Vĩnh Phúc,2004,1492.0,35.767,1364.0,167.0
Vĩnh Phúc,2005,1615.0,37.746,1389.0,168.0
Vĩnh Phúc,2006,1669.0,40.3,1426.0,175.0
Vĩnh Phúc,2007,1943.0,45.0,1571.0,175.0
Vĩnh Phúc,2008,1905.000,42.700,1425.000,159.000
Vĩnh Phúc,2009,1978.000,44.800,1493.000,164.000
Vĩnh Phúc,2010,2209.000,49.700,1608.000,169.000
Vĩnh Phúc,2011,2207.000,52.274,1746.000,172.000
Vĩnh Phúc,2012,2626.000,55.178,1854.000,177.000
Vĩnh Phúc,2013,2871.000,57.878,1960.000,181.000
Vĩnh Phúc,2014,2654.000,56.011,1849.000,183.000
Vĩnh Phúc,2015,2942.000,64.730,3227.000,183.000
Vĩnh Phúc,2016,2966.000,69.750,3043.000,183.000
Vĩnh Phúc,2017,3028.000,70.138,2351.000,184.000
Vĩnh Phúc,2018,3428.000,67.008,2256.000,180.000
Vĩnh Phúc,2020,3725.000,68.232,2577.000,176.000
Vĩnh Phúc,2021,4141.000,65.739,2630.000,177.000
Yên Bái,2002,1009.000,19.097,909.000,..
Yên Bái,2003,1274.000,21.690,987.000,..
Yên Bái,2004,1272.0,21.571,1010.0,128.0
Yên Bái,2005,1330.0,24.432,1079.0,142.0
Yên Bái,2006,1566.0,26.7,1113.0,156.0
Yên Bái,2007,1794.0,28.2,1145.0,162.0
Yên Bái,2008,1743.000,29.500,1195.000,183.000
Yên Bái,2009,1902.000,31.600,1190.000,173.000
Yên Bái,2010,1949.000,33.400,1237.000,176.000
Yên Bái,2011,2236.000,36.347,1306.000,185.000
Yên Bái,2012,2262.000,39.303,1365.000,185.000
Yên Bái,2013,2367.000,39.886,1376.000,187.000
Yên Bái,2014,2413.000,41.447,1393.000,187.000
Yên Bái,2015,2642.000,44.766,1445.000,191.000
Yên Bái,2016,2699.000,47.833,1485.000,193.000
Yên Bái,2017,2850.000,49.244,1536.000,192.000
Yên Bái,2018,3045.000,49.448,1562.000,197.000
Yên Bái,2020,2951.000,48.371,1583.000,179.000
Yên Bái,2021,2845.000,47.284,1577.000,177.000
Đồng bằng sông Hồng,2002,28243.000,567.231,22157.000,..
Đồng bằng sông Hồng,2003,28289.000,575.999,22199.000,..
Đồng bằng sông Hồng,2004,31850.0,615.736,24322.0,2686.0
Đồng bằng sông Hồng,2005,31351.0,607.057,22275.0,2719.0
Đồng bằng sông Hồng,2006,32776.0,635.9,23166.0,2833.0
Đồng bằng sông Hồng,2007,33035.0,643.2,23492.0,2763.0
Đồng bằng sông Hồng,2008,33994.000,690.400,24767.000,2809.000
Đồng bằng sông Hồng,2009,35833.000,736.700,24876.000,2855.000
Đồng bằng sông Hồng,2010,40411.000,789.900,25815.000,2893.000
Đồng bằng sông Hồng,2011,46023.000,870.161,27866.000,2870.000
Đồng bằng sông Hồng,2012,53138.000,938.142,28655.000,3003.000
Đồng bằng sông Hồng,2013,57638.000,942.594,30139.000,3089.000
Đồng bằng sông Hồng,2014,61458.000,988.339,32240.000,3139.000
Đồng bằng sông Hồng,2015,64968.000,1072.016,37304.000,3186.000
Đồng bằng sông Hồng,2016,72332.000,1172.697,39073.000,3250.000
Đồng bằng sông Hồng,2017,76430.000,1230.596,40197.000,3320.000
Đồng bằng sông Hồng,2018,74395.000,1180.746,39957.000,3380.000
Đồng bằng sông Hồng,2020,80250.000,1141.435,42760.000,3391.000
Đồng bằng sông Hồng,2021,78600.000,1067.070,41881.000,3349.000